mfcc_0,mfcc_1,mfcc_2,mfcc_3,mfcc_4,mfcc_5,mfcc_6,mfcc_7,mfcc_8,mfcc_9,mfcc_10,mfcc_11,mfcc_12,pitch_mean,energy_mean,zcr_mean,duration,file_path,actor,emotion,confidence_label
-450.4743,114.354576,-13.819466,31.798847,0.47914726,-10.455821,-13.727076,-29.941748,-19.479649,0.110514835,-13.51227,3.165472,-15.365469,1215.9513,0.0059477696,0.09354248046875,1.248,data/raw/audio_samples\Actor_01\03-01-01-01-01-01-01.wav,Actor_01,neutral,confident
-455.09564,104.489876,-9.1539135,35.3984,-1.7801241,-9.343888,-14.313224,-29.996695,-15.997981,0.92654836,-12.392839,1.0517881,-16.181673,1177.9485,0.0061894082,0.08940197172619048,1.312,data/raw/audio_samples\Actor_01\03-01-01-01-01-02-01.wav,Actor_01,neutral,confident
-434.73895,107.87068,-5.857293,28.316214,-5.300733,-4.3805456,-17.697212,-27.712086,-21.200949,0.23963384,-12.039452,4.205322,-15.931656,1099.8801,0.0072482564,0.1159423828125,1.248,data/raw/audio_samples\Actor_01\03-01-01-01-02-01-01.wav,Actor_01,neutral,confident
-440.97635,102.615906,-0.55612034,29.056,-0.8718108,-1.7269067,-20.79818,-26.50353,-18.231178,1.134747,-10.732768,-0.78389424,-15.475899,1221.0804,0.0067343665,0.11713741987179487,1.216,data/raw/audio_samples\Actor_01\03-01-01-01-02-02-01.wav,Actor_01,neutral,confident
-504.64072,108.10453,0.7547936,29.923216,2.7229438,-5.476415,-14.303703,-19.719933,-20.347515,1.8830616,-12.025671,3.2382174,-13.98022,1243.6804,0.003943104,0.10987367021276596,1.472,data/raw/audio_samples\Actor_01\03-01-02-01-01-01-01.wav,Actor_01,calm,confident
-512.75256,118.96541,-2.8757732,25.608877,6.3401437,-6.343018,-15.3654375,-16.557257,-17.34106,3.3290606,-8.795078,0.62905324,-12.313829,1148.7037,0.0038672125,0.08574969951923077,1.632,data/raw/audio_samples\Actor_01\03-01-02-01-01-02-01.wav,Actor_01,calm,confident
-471.88947,107.691055,-6.2404494,24.854155,-2.0817046,-0.60220784,-13.684922,-19.892126,-18.919075,1.8100804,-6.2754407,0.9928011,-13.606201,1017.7939,0.00566397,0.12655101102941177,1.6,data/raw/audio_samples\Actor_01\03-01-02-01-02-01-01.wav,Actor_01,calm,confident
-462.0743,116.44779,-7.971758,26.920408,-0.6856637,-1.4796934,-17.147484,-20.85009,-18.27327,-0.23301029,-6.5870223,1.8460306,-13.526428,1013.7208,0.006072372,0.10337320963541667,1.504,data/raw/audio_samples\Actor_01\03-01-02-01-02-02-01.wav,Actor_01,calm,confident
-523.2079,115.85018,1.3626431,27.556889,3.828944,-5.5903993,-13.431986,-11.949899,-18.232517,2.4216669,-4.1025305,-1.0869267,-10.74055,1155.2239,0.003149722,0.08210972377232142,1.76,data/raw/audio_samples\Actor_01\03-01-02-02-01-01-01.wav,Actor_01,calm,confident
-518.23236,105.93702,-2.561485,23.268139,1.3591175,-3.640661,-15.343306,-13.768394,-16.018772,3.7334814,-5.6469154,-2.1094923,-11.35047,1299.5864,0.0031862408,0.12618255615234375,2.016,data/raw/audio_samples\Actor_01\03-01-02-02-01-02-01.wav,Actor_01,calm,confident
-506.58054,96.32682,4.383215,15.519945,3.2526321,0.50632465,-16.893564,-12.894623,-17.874056,2.3508956,-1.4915036,-0.51686794,-10.7865,1235.3572,0.00390435,0.14061124559859156,2.24,data/raw/audio_samples\Actor_01\03-01-02-02-02-01-01.wav,Actor_01,calm,confident
-486.26404,95.87489,-0.5606773,25.285473,1.0325768,-0.056710117,-19.884172,-16.91679,-17.025188,5.725358,-3.725145,0.65878975,-13.36402,1287.047,0.0043097828,0.14019972278225806,1.952,data/raw/audio_samples\Actor_01\03-01-02-02-02-02-01.wav,Actor_01,calm,confident
-405.53864,108.52491,-12.750308,27.833645,-9.352281,-11.169152,-17.079004,-24.661098,-18.25058,-2.8454072,-20.700678,4.673813,-19.86634,1257.8593,0.010196546,0.10199770720108696,1.44,data/raw/audio_samples\Actor_01\03-01-03-01-01-01-01.wav,Actor_01,happy,confident
-438.15076,100.756096,-14.095285,30.26416,-0.9895317,-12.585619,-14.373537,-26.039557,-14.087099,2.7289076,-17.657833,8.632251,-17.354532,1153.4752,0.009989277,0.10206853693181818,1.728,data/raw/audio_samples\Actor_01\03-01-03-01-01-02-01.wav,Actor_01,happy,confident
-423.4904,107.006424,-0.73214924,22.435133,-10.504069,-8.199681,-17.843481,-28.099245,-22.602716,4.8303814,-16.477802,4.4340816,-15.829877,1089.4193,0.008925431,0.12404421542553191,1.472,data/raw/audio_samples\Actor_01\03-01-03-01-02-01-01.wav,Actor_01,happy,confident
-420.7807,88.35189,-1.7624025,25.896257,-9.977138,-4.3733,-16.902096,-28.461878,-21.70603,0.49027988,-14.014604,4.128921,-16.613876,1270.1399,0.008097871,0.1323875144675926,1.696,data/raw/audio_samples\Actor_01\03-01-03-01-02-02-01.wav,Actor_01,happy,confident
-361.79886,84.9267,-18.766417,5.748586,-12.408154,-17.353966,-33.329315,-18.157246,-31.25803,-1.5399985,-19.453896,-0.4702811,-18.804039,1289.2896,0.015397579,0.11156728316326531,1.536,data/raw/audio_samples\Actor_01\03-01-03-02-01-01-01.wav,Actor_01,happy,confident
-349.80075,86.63909,-28.225592,10.3167,-10.238006,-20.278473,-24.836754,-27.22025,-35.226376,4.0294027,-24.137304,0.48186553,-17.335945,1130.5995,0.019345202,0.10746173469387756,1.536,data/raw/audio_samples\Actor_01\03-01-03-02-01-02-01.wav,Actor_01,happy,confident
-321.34702,69.54781,-18.61889,10.329037,-11.622659,-17.27999,-22.577677,-31.626966,-26.08506,3.225126,-24.763533,5.0292177,-20.235405,1395.2773,0.022396633,0.15896356301229508,1.92,data/raw/audio_samples\Actor_01\03-01-03-02-02-01-01.wav,Actor_01,happy,confident
-334.6956,74.04506,-22.019669,6.0998006,-13.224958,-15.379597,-24.994017,-30.855556,-27.536322,-0.35803542,-19.561714,4.233986,-16.807941,1250.7582,0.020731542,0.14556384477459017,1.92,data/raw/audio_samples\Actor_01\03-01-03-02-02-02-01.wav,Actor_01,happy,confident
-488.32504,105.790085,-10.582515,32.96528,-2.9838178,-4.440225,-15.945287,-24.948915,-13.575385,-7.193208,-6.365087,-0.91892165,-17.45072,1189.6498,0.0047526695,0.10082135881696429,1.76,data/raw/audio_samples\Actor_01\03-01-04-01-01-01-01.wav,Actor_01,sad,nervous
-477.63925,109.72305,-11.896857,37.197575,-5.951605,-2.2941008,-14.352956,-23.583637,-19.06928,-3.635979,-7.2609634,-1.8122213,-12.509719,1218.8234,0.0048018433,0.09737574800531915,1.472,data/raw/audio_samples\Actor_01\03-01-04-01-01-02-01.wav,Actor_01,sad,nervous
-490.80536,112.71595,-11.204044,36.873207,-5.3831177,-3.9577155,-17.007624,-28.545702,-18.195633,-1.3955079,-6.6544337,-1.1908242,-12.200355,1117.1487,0.0042105904,0.11002250339673914,1.44,data/raw/audio_samples\Actor_01\03-01-04-01-02-01-01.wav,Actor_01,sad,nervous
-473.84448,105.40996,-4.740521,40.2392,-7.211135,2.283779,-13.77967,-30.154446,-19.245079,-6.4995685,-10.462592,1.2237276,-15.944676,1370.2327,0.0054732664,0.12782118055555555,1.408,data/raw/audio_samples\Actor_01\03-01-04-01-02-02-01.wav,Actor_01,sad,nervous
-468.2143,106.685814,-5.4683847,35.304787,-6.7133975,-5.5407248,-17.667011,-26.115725,-12.490034,-6.061191,-10.971998,-0.7733186,-17.51116,1260.5156,0.006316118,0.10593087332589286,1.76,data/raw/audio_samples\Actor_01\03-01-04-02-01-01-01.wav,Actor_01,sad,nervous
-411.66922,95.8847,-11.142574,23.607233,-4.319817,-15.743699,-19.713423,-31.151484,-21.660862,-0.80478394,-21.040771,5.1980658,-22.388723,1123.6241,0.011448187,0.10580078125,1.568,data/raw/audio_samples\Actor_01\03-01-04-02-01-02-01.wav,Actor_01,sad,nervous
-404.37897,90.73993,-13.299506,29.06296,-7.091613,-13.346456,-19.152456,-38.396713,-23.186092,-2.041321,-18.974539,3.891514,-19.074661,1173.1144,0.0109962085,0.13230613425925927,1.696,data/raw/audio_samples\Actor_01\03-01-04-02-02-01-01.wav,Actor_01,sad,nervous
-377.5872,82.7527,-10.051073,24.219454,-9.53209,-12.465086,-22.766123,-33.972378,-20.319004,-0.6658029,-16.86147,3.5428941,-20.145908,1315.981,0.012926878,0.14396449497767858,1.76,data/raw/audio_samples\Actor_01\03-01-04-02-02-02-01.wav,Actor_01,sad,nervous
-332.08328,69.92792,-3.7469487,18.809635,-14.081761,-8.589758,-4.4572,-18.291262,-22.17515,1.3520784,-14.160697,2.2731113,-16.759989,1459.7539,0.019250665,0.15048653738839285,1.76,data/raw/audio_samples\Actor_01\03-01-05-01-01-01-01.wav,Actor_01,angry,nervous
-321.13467,61.058693,-6.992972,13.536914,-18.642784,-7.4089284,-18.579609,-21.632494,-23.306515,-6.545946,-17.067251,-1.902686,-17.018747,1547.5529,0.02005796,0.1558097464139344,1.92,data/raw/audio_samples\Actor_01\03-01-05-01-01-02-01.wav,Actor_01,angry,nervous
-346.8582,78.50827,-0.5553551,20.356173,-13.731265,-9.049137,-16.728819,-27.836304,-22.982742,-6.179899,-14.142571,-0.22171748,-18.875458,1447.0044,0.01589632,0.165740966796875,1.504,data/raw/audio_samples\Actor_01\03-01-05-01-02-01-01.wav,Actor_01,angry,nervous
-321.31967,71.429115,-7.7052407,16.251043,-15.451529,-8.41995,-13.565015,-29.865114,-24.69191,-3.582103,-17.216812,3.7180197,-20.91612,1470.3087,0.023123465,0.18204900568181817,1.728,data/raw/audio_samples\Actor_01\03-01-05-01-02-02-01.wav,Actor_01,angry,nervous
-151.50253,29.834229,-35.540035,-8.654987,-29.743101,-13.64416,-29.802042,-19.200176,-25.54619,-8.854252,-15.378464,-8.622631,-18.911451,1660.6079,0.11173837,0.16653490823412698,1.984,data/raw/audio_samples\Actor_01\03-01-05-02-01-01-01.wav,Actor_01,angry,nervous
-212.96149,39.885937,-23.670355,0.021003665,-23.192081,-14.679468,-12.647104,-19.06492,-25.97639,-6.902348,-21.160099,-2.9443886,-15.807611,1671.2325,0.06594301,0.1615773670708955,2.112,data/raw/audio_samples\Actor_01\03-01-05-02-01-02-01.wav,Actor_01,angry,nervous
-208.46097,33.638706,-17.603745,2.4541483,-23.485043,-13.2636795,-12.484751,-19.79772,-24.278637,-1.3472183,-17.929153,1.7450535,-17.160923,1792.1925,0.06638065,0.2291107177734375,2.016,data/raw/audio_samples\Actor_01\03-01-05-02-02-01-01.wav,Actor_01,angry,nervous
-111.902054,23.181896,-36.68224,-10.219917,-23.814798,-22.874538,-29.65327,-21.363995,-28.102196,-0.19953239,-20.844707,-6.475111,-12.795442,1651.8704,0.17598206,0.20482738597972974,2.336,data/raw/audio_samples\Actor_01\03-01-05-02-02-02-01.wav,Actor_01,angry,nervous
-375.02747,95.905334,-10.366888,26.970171,-3.676443,-9.877173,-15.882385,-30.546446,-12.515033,-8.466301,-9.925035,4.921269,-20.87185,1193.1847,0.013827227,0.099404296875,1.568,data/raw/audio_samples\Actor_01\03-01-06-01-01-01-01.wav,Actor_01,fearful,nervous
-387.77896,93.8468,-18.882933,21.90213,-7.913666,-14.8459835,-25.46569,-36.011074,-19.947723,-6.2454987,-16.775537,2.5854163,-21.856144,1002.6596,0.012734846,0.10691481370192307,1.632,data/raw/audio_samples\Actor_01\03-01-06-01-01-02-01.wav,Actor_01,fearful,nervous
-389.59662,93.66455,-4.0188255,29.869875,0.50533813,-5.525251,-18.81853,-24.747862,-12.394514,-1.3162789,-8.034069,2.5465736,-15.8573065,1364.3455,0.011295796,0.11622132646276596,1.472,data/raw/audio_samples\Actor_01\03-01-06-01-02-01-01.wav,Actor_01,fearful,nervous
-400.73294,85.233986,-11.0286,29.197826,-3.6697462,-4.1619687,-20.164942,-25.794361,-13.672608,-4.320748,-7.446244,-1.9016855,-13.601957,1443.0499,0.009791529,0.15043583622685186,1.696,data/raw/audio_samples\Actor_01\03-01-06-01-02-02-01.wav,Actor_01,fearful,nervous
-325.165,41.66974,-14.801156,9.360304,-4.7524624,-4.9530754,-14.270074,-16.847813,-15.097606,1.8834727,-11.069855,1.1071212,-12.379538,1835.5663,0.02948274,0.2057123293821839,2.752,data/raw/audio_samples\Actor_01\03-01-06-02-01-01-01.wav,Actor_01,fearful,nervous
-275.30814,55.883057,-30.412985,-0.115834266,-5.2785106,-12.3493805,-25.53783,-26.343966,-24.102768,-7.23883,-20.611475,-6.6621747,-17.523888,1399.3729,0.045494843,0.11768317945075757,2.08,data/raw/audio_samples\Actor_01\03-01-06-02-01-02-01.wav,Actor_01,fearful,nervous
-199.59059,35.855354,-33.46273,-4.9749107,-23.954588,-17.936583,-29.848509,-27.458368,-29.647512,-7.519611,-21.362923,-8.1283865,-18.186222,1587.6895,0.07991714,0.1670607182017544,1.792,data/raw/audio_samples\Actor_01\03-01-06-02-02-01-01.wav,Actor_01,fearful,nervous
-239.06346,48.795452,-29.363173,-0.8151649,-14.463618,-14.706785,-26.526066,-22.331165,-33.27129,1.9490359,-19.613125,-9.375123,-22.2251,1183.9021,0.05461928,0.14952741350446427,1.76,data/raw/audio_samples\Actor_01\03-01-06-02-02-02-01.wav,Actor_01,fearful,nervous
-477.65652,89.61497,0.39072934,17.632963,-1.3291655,-10.045825,-14.637302,-23.019726,-17.509626,0.34982857,-18.252733,-1.7568301,-18.866592,1515.9308,0.0056963568,0.12877308238636365,1.728,data/raw/audio_samples\Actor_01\03-01-07-01-01-01-01.wav,Actor_01,disgust,nervous
-455.95438,81.15469,-0.10937752,6.853459,1.4813732,-11.569566,-15.427871,-21.626871,-17.0802,1.8523241,-14.867757,-4.165946,-13.26665,1413.0754,0.0062543764,0.1479740466101695,1.856,data/raw/audio_samples\Actor_01\03-01-07-01-01-02-01.wav,Actor_01,disgust,nervous
-476.7147,89.87798,5.1151223,22.792955,-4.9774,2.108667,-27.682745,-16.379316,-11.581489,-4.4245763,-11.441233,-0.89584917,-14.333128,1083.5021,0.0055649346,0.15320217993951613,1.952,data/raw/audio_samples\Actor_01\03-01-07-01-02-01-01.wav,Actor_01,disgust,nervous
-456.90805,88.2416,3.5353396,15.851868,-5.7504315,1.1682523,-26.20109,-16.26736,-11.786874,-0.63320667,-12.78703,-1.6247532,-17.448532,1182.8865,0.006168906,0.16307721819196427,1.76,data/raw/audio_samples\Actor_01\03-01-07-01-02-02-01.wav,Actor_01,disgust,nervous
-357.9334,59.41159,-10.098529,-14.5241,-11.475648,-9.404808,-31.200424,-21.539806,-21.6886,-7.921465,-10.685028,-10.30233,-12.543216,1442.197,0.022074569,0.15152516084558823,2.144,data/raw/audio_samples\Actor_01\03-01-07-02-01-01-01.wav,Actor_01,disgust,nervous
-326.32025,61.471,-7.691886,-3.2902455,-20.787386,-18.52073,-39.214195,-16.066645,-20.178343,-12.577341,-18.2378,-13.10142,-23.920431,1411.5123,0.027290385,0.1409870016163793,1.824,data/raw/audio_samples\Actor_01\03-01-07-02-01-02-01.wav,Actor_01,disgust,nervous
-345.10947,51.48135,0.7109559,-11.376031,-10.660001,-8.441773,-41.243282,-9.999441,-17.298143,-15.374731,-4.169746,-11.806634,-21.752815,1312.6064,0.02211937,0.19323336693548387,1.952,data/raw/audio_samples\Actor_01\03-01-07-02-02-01-01.wav,Actor_01,disgust,nervous
-343.8317,68.9836,-6.080069,-2.9195874,-11.382005,-12.422175,-38.59016,-17.373226,-17.600359,-12.698631,-15.762147,-10.695741,-16.994236,1269.3441,0.021678293,0.1699493838028169,2.24,data/raw/audio_samples\Actor_01\03-01-07-02-02-02-01.wav,Actor_01,disgust,nervous
-431.98947,105.692375,-6.000208,24.170366,-4.6960096,-12.054947,-19.480057,-21.731958,-23.194563,-0.7061348,-16.431532,0.6449336,-19.692312,1011.6243,0.007883672,0.09280672940340909,1.376,data/raw/audio_samples\Actor_01\03-01-08-01-01-01-01.wav,Actor_01,surprised,neutral
-422.1978,111.793335,-11.63653,31.670858,-2.5824983,-11.992121,-21.098373,-24.166094,-15.285063,-0.13666332,-20.579498,4.854863,-21.554535,1145.0884,0.008449826,0.09520232371794872,1.216,data/raw/audio_samples\Actor_01\03-01-08-01-01-02-01.wav,Actor_01,surprised,neutral
-438.582,97.65182,2.2088594,26.592733,-11.21329,-1.8866831,-17.770388,-24.008448,-16.03119,-1.9409688,-11.598462,-2.6145155,-17.283838,1320.5796,0.0076244553,0.13056042729591838,1.536,data/raw/audio_samples\Actor_01\03-01-08-01-02-01-01.wav,Actor_01,surprised,neutral
-400.23718,100.5842,-7.8092575,18.651781,-17.200544,-8.356712,-21.01614,-24.13781,-24.221706,-2.3227108,-19.333231,-1.609244,-19.678793,1166.6683,0.009899933,0.1211890243902439,1.28,data/raw/audio_samples\Actor_01\03-01-08-01-02-02-01.wav,Actor_01,surprised,neutral
-332.40045,93.711815,-18.996336,18.73572,-11.139004,-18.791386,-22.91165,-26.5282,-24.728462,0.8840559,-25.023321,3.22527,-21.717268,1242.1772,0.017914891,0.11644398082386363,1.376,data/raw/audio_samples\Actor_01\03-01-08-02-01-01-01.wav,Actor_01,surprised,neutral
-315.34195,77.739075,-14.616237,14.171056,-12.921623,-11.739395,-23.801,-24.940926,-26.450613,-1.4507451,-20.261673,-1.1213957,-17.774332,1211.8676,0.022453487,0.12682088216145834,1.504,data/raw/audio_samples\Actor_01\03-01-08-02-01-02-01.wav,Actor_01,surprised,neutral
-343.81473,77.347336,-10.915209,16.26177,-13.119364,-12.619161,-23.414274,-32.063995,-18.593206,-2.302013,-18.476372,2.6904738,-20.996174,1442.5886,0.015629461,0.1454280931122449,1.536,data/raw/audio_samples\Actor_01\03-01-08-02-02-01-01.wav,Actor_01,surprised,neutral
-309.20764,82.58728,-23.155914,8.545539,-15.573583,-12.687076,-35.033855,-27.275686,-26.362942,-0.8914732,-21.464876,1.044553,-23.104013,1243.3417,0.023970118,0.11847370426829268,1.28,data/raw/audio_samples\Actor_01\03-01-08-02-02-02-01.wav,Actor_01,surprised,neutral
-425.24454,87.77191,-33.445118,9.647116,-28.081427,-7.97373,-29.024868,-12.263392,-9.7608595,-5.958905,-12.082599,-6.4615803,-7.4602485,1268.5665,0.008452236,0.12845703125,1.568,data/raw/audio_samples\Actor_02\03-01-01-01-01-01-02.wav,Actor_02,neutral,confident
-427.42197,78.483734,-33.104427,13.568509,-30.947338,-8.0421505,-27.83489,-8.964435,-12.589675,-2.452625,-11.757801,-8.338307,-7.3952184,1346.9135,0.00817643,0.135087890625,1.568,data/raw/audio_samples\Actor_02\03-01-01-01-01-02-02.wav,Actor_02,neutral,confident
-399.56238,75.9838,-34.075554,4.1758995,-28.152857,-8.828939,-29.432098,-16.213345,-14.818415,-6.0615315,-13.198814,-7.0593963,-2.9441853,1170.0398,0.012006829,0.16316885318396226,1.664,data/raw/audio_samples\Actor_02\03-01-01-01-02-01-02.wav,Actor_02,neutral,confident
-402.27164,72.19261,-35.548122,2.8572977,-32.563282,-11.08961,-30.651289,-18.311745,-16.052795,-7.547617,-14.462215,-12.862582,-5.154093,1074.7133,0.011367331,0.15379842122395834,1.504,data/raw/audio_samples\Actor_02\03-01-01-01-02-02-02.wav,Actor_02,neutral,confident
-467.32867,80.903496,-18.24884,11.512688,-24.410479,-1.971778,-24.788485,-8.992972,-12.259386,-3.262535,-14.816599,-5.782281,-4.7285013,1085.9337,0.0071503622,0.11943708147321429,1.76,data/raw/audio_samples\Actor_02\03-01-02-01-01-01-02.wav,Actor_02,calm,confident
-474.98917,75.27015,-21.635172,11.770224,-23.727089,-1.5245599,-26.177427,-7.1638637,-11.917867,-2.767105,-19.22617,-4.3200483,-3.2306478,1313.5997,0.0071053533,0.11677126024590163,1.92,data/raw/audio_samples\Actor_02\03-01-02-01-01-02-02.wav,Actor_02,calm,confident
-461.8102,70.14265,-21.164629,2.3899992,-22.162674,-9.28167,-27.78444,-13.828427,-12.444448,-7.137626,-17.122269,-7.772797,-6.7433395,1101.9192,0.007455354,0.16624735169491525,1.856,data/raw/audio_samples\Actor_02\03-01-02-01-02-01-02.wav,Actor_02,calm,confident
-459.2202,72.93576,-30.635656,0.12559263,-24.606092,-7.9350896,-29.883083,-13.882413,-13.200845,-6.9948435,-17.201473,-11.678772,-8.149965,1161.615,0.0071622916,0.16804625496031747,1.984,data/raw/audio_samples\Actor_02\03-01-02-01-02-02-02.wav,Actor_02,calm,confident
-490.64185,70.14257,-16.062386,11.031837,-23.636223,-4.6161504,-16.598663,-14.116156,-11.13013,-4.2982054,-17.29116,-5.8131413,-7.6887455,1402.3142,0.00553548,0.14133864182692307,2.048,data/raw/audio_samples\Actor_02\03-01-02-02-01-01-02.wav,Actor_02,calm,confident
-471.8485,67.955376,-17.144936,8.590329,-26.165762,0.9365654,-22.607561,-11.32037,-15.201809,0.51108515,-18.296528,-7.1389422,-5.665777,1517.082,0.0064683105,0.13646219544491525,1.856,data/raw/audio_samples\Actor_02\03-01-02-02-01-02-02.wav,Actor_02,calm,confident
-480.49026,63.383766,-19.333933,-4.81655,-21.93433,-5.798428,-27.20846,-16.617775,-14.219319,-5.725169,-21.70027,-7.8982806,-10.026571,1098.7141,0.006667537,0.17792217548076922,2.048,data/raw/audio_samples\Actor_02\03-01-02-02-02-01-02.wav,Actor_02,calm,confident
-471.48218,67.73414,-14.696445,-1.3779452,-20.521378,-6.146349,-27.670717,-12.511946,-10.29382,-4.079419,-22.587133,-8.135883,-8.974865,1031.3467,0.0063130087,0.17124096315298507,2.112,data/raw/audio_samples\Actor_02\03-01-02-02-02-02-02.wav,Actor_02,calm,confident
-369.1542,71.40105,-50.470848,16.283047,-36.49021,-1.3925663,-31.885725,-12.267749,-12.675501,-9.644435,-10.900817,-14.955801,-5.2507677,1426.0498,0.016105657,0.1307796556122449,1.536,data/raw/audio_samples\Actor_02\03-01-03-01-01-01-02.wav,Actor_02,happy,confident
-379.3791,70.85075,-46.113644,21.537968,-37.032337,-3.981157,-33.8836,-10.95323,-12.96635,-10.6535845,-8.880541,-14.051081,-4.2089434,1443.8829,0.0138813425,0.13192044771634615,1.632,data/raw/audio_samples\Actor_02\03-01-03-01-01-02-02.wav,Actor_02,happy,confident
-380.34116,68.45695,-48.039948,8.45754,-33.0538,-9.761598,-38.219986,-15.4590025,-10.706941,-12.758096,-10.120032,-16.929619,-3.90096,1211.724,0.014887314,0.15694625289351852,1.696,data/raw/audio_samples\Actor_02\03-01-03-01-02-01-02.wav,Actor_02,happy,confident
-383.21075,72.728035,-40.09544,11.1267,-30.881603,-10.489873,-36.87175,-10.7431,-8.280926,-9.358208,-9.95195,-12.398582,-4.8999305,1175.1527,0.014218674,0.15118963068181818,1.728,data/raw/audio_samples\Actor_02\03-01-03-01-02-02-02.wav,Actor_02,happy,confident
-283.9044,43.540955,-62.89862,12.574331,-49.3644,-8.396872,-35.77708,-14.377701,-18.602547,-16.447403,-7.766654,-22.182005,-4.405134,1552.0197,0.03940389,0.13400829081632654,1.536,data/raw/audio_samples\Actor_02\03-01-03-02-01-01-02.wav,Actor_02,happy,confident
-283.8116,49.302208,-62.128,13.454105,-47.256813,-12.057115,-33.452366,-15.792111,-17.821701,-14.374804,-7.23005,-19.726252,0.38089916,1586.1986,0.039216552,0.13078125,1.568,data/raw/audio_samples\Actor_02\03-01-03-02-01-02-02.wav,Actor_02,happy,confident
-319.073,54.494507,-53.12786,11.013592,-37.07529,-17.845074,-37.08338,-15.029885,-8.706652,-20.431097,-8.7163,-21.44018,-1.7088972,1318.5487,0.02692411,0.143447265625,1.568,data/raw/audio_samples\Actor_02\03-01-03-02-02-01-02.wav,Actor_02,happy,confident
-331.70844,52.129566,-48.22529,7.8966928,-37.93657,-15.55842,-34.906906,-17.70265,-15.352476,-19.202562,-8.636605,-21.045816,-2.9778464,1463.2517,0.027347032,0.16038355334051724,1.824,data/raw/audio_samples\Actor_02\03-01-03-02-02-02-02.wav,Actor_02,happy,confident
-485.4652,73.46851,-24.845339,10.142519,-23.940708,-3.6229959,-26.731184,-10.417418,-13.0673485,-4.7067657,-15.957433,-3.2071316,-4.983731,1800.6606,0.0061355876,0.13015693530701755,1.792,data/raw/audio_samples\Actor_02\03-01-04-01-01-01-02.wav,Actor_02,sad,nervous
-461.07706,85.12038,-26.791136,11.462196,-24.052916,-3.6385562,-26.590677,-15.1013365,-10.580318,-5.2885327,-12.877126,-5.796407,-5.413402,1612.6537,0.0071054026,0.12026459316037735,1.664,data/raw/audio_samples\Actor_02\03-01-04-01-01-02-02.wav,Actor_02,sad,nervous
-490.34573,75.17316,-14.530563,6.39526,-19.937433,-11.5748415,-34.002884,-12.429443,-10.606754,-9.060857,-12.570325,-8.892964,-5.7992315,885.78754,0.0071811406,0.1328032871462264,1.664,data/raw/audio_samples\Actor_02\03-01-04-01-02-01-02.wav,Actor_02,sad,nervous
-502.97797,71.603096,-15.387619,11.694656,-18.263683,-7.36924,-26.771494,-12.841992,-6.4746466,-6.11219,-12.356385,-6.453088,-6.6510305,1161.3148,0.0062896092,0.13982282366071427,1.76,data/raw/audio_samples\Actor_02\03-01-04-01-02-02-02.wav,Actor_02,sad,nervous
-452.93466,78.9621,-28.665833,4.4956183,-31.841883,-9.998592,-36.551327,-21.65684,-18.150637,-10.9221525,-9.092406,-10.7903185,0.47687498,1408.6592,0.0065411977,0.12672932942708334,1.504,data/raw/audio_samples\Actor_02\03-01-04-02-01-01-02.wav,Actor_02,sad,nervous
-477.8572,84.26826,-18.953537,9.293896,-22.695177,-12.088686,-33.381744,-18.539854,-13.283466,-7.660819,-12.735456,-6.8539567,-6.5246787,1620.3094,0.0051802876,0.14021381578947367,1.792,data/raw/audio_samples\Actor_02\03-01-04-02-01-02-02.wav,Actor_02,sad,nervous
-456.7837,72.26342,-21.342802,1.5908986,-24.084648,-14.401932,-39.857136,-25.26842,-16.373701,-11.986849,-13.965983,-13.337084,-4.986989,1054.9963,0.008193621,0.13976111778846154,1.632,data/raw/audio_samples\Actor_02\03-01-04-02-02-01-02.wav,Actor_02,sad,nervous
-454.5697,69.08935,-12.236999,5.1635594,-26.427477,-18.515652,-38.036423,-21.980795,-13.751946,-13.315812,-11.876016,-12.655844,-4.7778964,1217.9893,0.00692589,0.17585637019230768,1.632,data/raw/audio_samples\Actor_02\03-01-04-02-02-02-02.wav,Actor_02,sad,nervous
-351.22412,72.430374,-28.617348,10.714684,-30.109545,-2.8256931,-26.418806,-14.374474,-12.027527,-3.7348225,-10.431387,-6.408588,-4.404637,1654.2832,0.01596072,0.13983992034313725,1.6,data/raw/audio_samples\Actor_02\03-01-05-01-01-01-02.wav,Actor_02,angry,nervous
-347.99667,58.01555,-29.056719,12.576057,-32.302265,-1.1346698,-27.375153,-11.166851,-11.534352,-1.8755022,-8.818258,-5.617601,-6.2127385,1842.0475,0.016507398,0.15949563419117646,1.6,data/raw/audio_samples\Actor_02\03-01-05-01-01-02-02.wav,Actor_02,angry,nervous
-343.1652,62.389233,-27.472042,1.5782834,-31.917576,-4.905147,-29.195105,-16.696686,-12.545948,-8.000995,-11.471224,-10.490053,-5.050901,1364.3684,0.017892076,0.18265335648148148,1.696,data/raw/audio_samples\Actor_02\03-01-05-01-02-01-02.wav,Actor_02,angry,nervous
-347.88782,62.90714,-29.93008,2.0472834,-35.45584,-3.803029,-30.626614,-18.04592,-14.91562,-8.4407015,-12.089528,-13.250783,-1.461645,1335.8591,0.017655943,0.16966869212962962,1.696,data/raw/audio_samples\Actor_02\03-01-05-01-02-02-02.wav,Actor_02,angry,nervous
-249.41324,41.222195,-48.597656,3.0435984,-45.498466,2.08077,-31.156013,-10.2113285,-13.36872,-6.792696,-10.107663,-12.231174,-5.0463247,1912.3608,0.053582475,0.18614651864035087,1.792,data/raw/audio_samples\Actor_02\03-01-05-02-01-01-02.wav,Actor_02,angry,nervous
-263.81992,47.81398,-50.424126,3.1546671,-45.096684,7.4168673,-27.19637,-13.199766,-15.3103075,-7.039014,-8.654508,-13.6185665,-2.709657,1779.0746,0.041669074,0.17645670572916666,1.888,data/raw/audio_samples\Actor_02\03-01-05-02-01-02-02.wav,Actor_02,angry,nervous
-207.5385,28.820688,-68.360275,-7.8110495,-54.77378,-3.273191,-34.93002,-21.94268,-18.90121,-15.260497,-14.040989,-21.417452,-11.151195,1704.9017,0.09977783,0.2109043961864407,1.856,data/raw/audio_samples\Actor_02\03-01-05-02-02-01-02.wav,Actor_02,angry,nervous
-226.66295,27.06397,-63.010967,-4.595219,-54.260197,-1.2832253,-35.39375,-18.739855,-18.765142,-14.690714,-14.04662,-19.155682,-10.020317,1773.6975,0.08417682,0.19825006300403225,1.952,data/raw/audio_samples\Actor_02\03-01-05-02-02-02-02.wav,Actor_02,angry,nervous
-372.0147,37.937336,-39.1867,1.9882685,-36.34268,-5.171688,-30.90851,-12.775489,-21.703785,-7.5060573,-13.33213,-10.380725,-3.9791045,1749.8094,0.016693516,0.15811695772058823,1.6,data/raw/audio_samples\Actor_02\03-01-06-01-01-01-02.wav,Actor_02,fearful,nervous
-372.8948,43.291283,-50.931465,-0.77070415,-37.836826,-2.2497907,-32.14472,-16.16849,-18.068876,-8.612093,-13.105337,-11.406141,-2.7599509,1704.5894,0.017920015,0.13946063701923078,1.632,data/raw/audio_samples\Actor_02\03-01-06-01-01-02-02.wav,Actor_02,fearful,nervous
-358.823,38.209766,-42.4852,-0.42263186,-32.403267,-10.565288,-35.84372,-14.298333,-16.212954,-11.92028,-11.74556,-13.015806,-4.993608,1383.6929,0.018660555,0.19344229068396226,1.664,data/raw/audio_samples\Actor_02\03-01-06-01-02-01-02.wav,Actor_02,fearful,nervous
-369.19946,32.08044,-47.483513,-3.3373868,-35.587605,-13.33844,-36.022404,-14.965779,-16.882137,-12.109261,-14.244661,-10.079156,-5.017633,1522.2876,0.019004948,0.1980884693287037,1.696,data/raw/audio_samples\Actor_02\03-01-06-01-02-02-02.wav,Actor_02,fearful,nervous
-336.6145,23.06924,-59.101032,-9.625015,-42.295704,-9.780469,-32.954098,-18.33546,-14.146194,-14.234076,-15.594112,-14.737854,2.1228185,1788.3379,0.031987008,0.17618336397058823,1.6,data/raw/audio_samples\Actor_02\03-01-06-02-01-01-02.wav,Actor_02,fearful,nervous
-317.29202,17.603325,-58.109818,-7.867177,-43.64529,-13.384009,-32.639797,-21.984848,-17.939764,-14.372793,-10.277654,-12.501548,2.321687,1680.7587,0.041936014,0.1519593583776596,1.472,data/raw/audio_samples\Actor_02\03-01-06-02-01-02-02.wav,Actor_02,fearful,nervous
-289.79297,14.502681,-57.18761,-12.10875,-43.14464,-13.666229,-29.028564,-21.052887,-20.779379,-15.303863,-15.24017,-16.139803,1.9383548,1603.1515,0.044494387,0.20163981119791666,1.504,data/raw/audio_samples\Actor_02\03-01-06-02-02-01-02.wav,Actor_02,fearful,nervous
-326.88416,24.025253,-47.927166,-10.5887,-34.168156,-16.208826,-36.212784,-17.090115,-14.091228,-13.580196,-9.060988,-13.074586,1.3091875,1286.5458,0.037351977,0.18060302734375,1.504,data/raw/audio_samples\Actor_02\03-01-06-02-02-02-02.wav,Actor_02,fearful,nervous
-424.1406,72.096466,-22.155231,7.0300226,-24.015362,-2.6582632,-35.524124,-10.749832,-13.137891,-7.1387568,-9.569182,-6.1348925,-4.409324,1461.3427,0.0072016395,0.15402970224056603,1.664,data/raw/audio_samples\Actor_02\03-01-07-01-01-01-02.wav,Actor_02,disgust,nervous
-426.30148,78.971146,-23.81863,7.8792863,-26.618551,-0.5146858,-32.051384,-15.272006,-11.5256405,-9.71823,-11.553322,-10.331105,-5.82078,1453.866,0.0069118617,0.14951937806372548,1.6,data/raw/audio_samples\Actor_02\03-01-07-01-01-02-02.wav,Actor_02,disgust,nervous
-417.7009,76.438896,-22.44012,3.7373035,-20.456558,-8.441668,-32.226612,-18.408525,-6.3272543,-13.726897,-8.342022,-14.090862,-5.893784,1112.5044,0.0097512705,0.17079912605932204,1.856,data/raw/audio_samples\Actor_02\03-01-07-01-02-01-02.wav,Actor_02,disgust,nervous
-413.16736,69.98291,-31.553688,5.569187,-29.60708,-12.213707,-39.28619,-15.876614,-4.893077,-16.674568,-8.450052,-16.558022,-8.593786,1257.7184,0.009599225,0.1666975350215517,1.824,data/raw/audio_samples\Actor_02\03-01-07-01-02-02-02.wav,Actor_02,disgust,nervous
-377.51447,64.47722,-31.059975,0.16200732,-32.507572,-4.760895,-34.604317,-16.732035,-7.935157,-12.589805,-14.101616,-10.853099,-7.04403,1579.409,0.011904456,0.16170634920634921,1.984,data/raw/audio_samples\Actor_02\03-01-07-02-01-01-02.wav,Actor_02,disgust,nervous
-387.41934,67.072815,-22.946894,1.0652485,-27.933369,0.29810792,-27.995193,-14.620791,-7.430599,-6.809032,-11.925626,-9.353998,-6.3455796,1537.5007,0.012257937,0.16334134615384616,2.048,data/raw/audio_samples\Actor_02\03-01-07-02-01-02-02.wav,Actor_02,disgust,nervous
-365.17166,63.96162,-28.01631,-5.6083922,-27.982798,-15.016164,-39.38264,-16.77367,-9.581071,-18.42387,-4.401952,-16.6339,-8.417542,1082.3544,0.01568268,0.17752511160714285,1.984,data/raw/audio_samples\Actor_02\03-01-07-02-02-01-02.wav,Actor_02,disgust,nervous
-369.55743,61.47455,-27.953169,-5.6507416,-28.741856,-11.482428,-33.093224,-16.109772,-6.990821,-13.880724,-6.047797,-15.331091,-4.8562794,1244.2965,0.014707501,0.2037506103515625,2.016,data/raw/audio_samples\Actor_02\03-01-07-02-02-02-02.wav,Actor_02,disgust,nervous
-332.66864,62.10316,-32.80173,8.834961,-35.815037,-5.6563725,-19.563637,-11.213002,-17.041555,-7.4436173,-16.573685,-5.7642555,-4.470237,1728.8604,0.016741758,0.16257687832446807,1.472,data/raw/audio_samples\Actor_02\03-01-08-01-01-01-02.wav,Actor_02,surprised,neutral
-362.05334,68.70685,-41.761127,9.288994,-30.142061,-6.501838,-22.891697,-14.45504,-17.802874,-11.978791,-12.053141,-6.904698,-2.76753,1601.001,0.012420308,0.155009765625,1.568,data/raw/audio_samples\Actor_02\03-01-08-01-01-02-02.wav,Actor_02,surprised,neutral
-349.86993,67.24721,-36.036266,3.9545317,-36.48016,-7.1353407,-29.42047,-16.257286,-15.342312,-14.837743,-14.970419,-13.683523,-0.29375884,1445.3983,0.015335721,0.196396484375,1.568,data/raw/audio_samples\Actor_02\03-01-08-01-02-01-02.wav,Actor_02,surprised,neutral
-340.84415,66.00808,-40.09887,4.3144403,-37.22053,-14.738371,-30.192646,-18.275925,-19.878874,-15.317435,-15.990853,-9.872847,2.2302184,1389.379,0.016218163,0.18683235012755103,1.536,data/raw/audio_samples\Actor_02\03-01-08-01-02-02-02.wav,Actor_02,surprised,neutral
-321.06946,47.748974,-30.294271,6.588486,-32.051952,-2.303847,-20.906368,-13.351283,-16.530624,-7.8802476,-8.599566,0.76550543,8.718227,1831.8335,0.019294117,0.1927734375,1.728,data/raw/audio_samples\Actor_02\03-01-08-02-01-01-02.wav,Actor_02,surprised,neutral
-329.30777,52.179367,-41.80073,4.4884844,-36.497433,-3.0078895,-19.19429,-14.411229,-16.20506,-8.937067,-9.82794,1.4349649,6.0042653,1779.6244,0.018708413,0.17810272752192982,1.792,data/raw/audio_samples\Actor_02\03-01-08-02-01-02-02.wav,Actor_02,surprised,neutral
-315.2488,51.16568,-35.66905,-2.4310138,-40.977283,-10.790611,-26.192434,-19.654722,-19.068022,-12.035218,-9.248118,-7.502752,4.034331,1453.683,0.024797853,0.20844377790178573,1.76,data/raw/audio_samples\Actor_02\03-01-08-02-02-01-02.wav,Actor_02,surprised,neutral
-305.38794,56.49327,-40.622814,-10.798677,-36.454273,-11.25308,-32.59596,-16.737562,-19.743505,-15.457127,-15.924737,-13.429217,-5.3121715,1408.396,0.025834486,0.2011890076754386,1.792,data/raw/audio_samples\Actor_02\03-01-08-02-02-02-02.wav,Actor_02,surprised,neutral
-403.9425,91.32951,-18.026659,20.183273,-10.01339,-20.448065,-31.12148,-2.9069953,-26.724041,-4.682139,-11.391238,-7.3899417,-9.696273,1123.2269,0.009593075,0.11571204144021739,1.44,data/raw/audio_samples\Actor_03\03-01-01-01-01-01-03.wav,Actor_03,neutral,confident
-415.03186,103.11017,-10.464133,19.339823,-3.885174,-16.729303,-29.036901,-0.53680515,-22.63828,-1.3138627,-9.436084,-3.6463509,-7.350802,1086.6606,0.008632029,0.10982259114583333,1.504,data/raw/audio_samples\Actor_03\03-01-01-01-01-02-03.wav,Actor_03,neutral,confident
-399.7547,83.890144,-11.6273985,18.34152,-4.094134,-20.35204,-30.276655,-7.7670403,-28.52588,1.3270725,-14.101319,-5.4398036,-6.5666256,1187.3204,0.009246346,0.15830078125,1.568,data/raw/audio_samples\Actor_03\03-01-01-01-02-01-03.wav,Actor_03,neutral,confident
-390.64636,73.44773,-3.7841332,16.859308,-2.5905113,-22.806484,-32.275543,-7.407927,-29.648462,-0.68580335,-11.584289,-7.136326,-8.749024,1188.1321,0.010518687,0.16376528532608695,1.44,data/raw/audio_samples\Actor_03\03-01-01-01-02-02-03.wav,Actor_03,neutral,confident
-445.87488,93.15756,1.0785697,15.763645,-0.6537903,-16.252422,-22.535822,2.4059014,-19.99775,7.092624,-14.923706,-1.5583472,-9.898466,1265.5927,0.0055100587,0.11229668288934426,1.92,data/raw/audio_samples\Actor_03\03-01-02-01-01-01-03.wav,Actor_03,calm,confident
-439.46652,91.18014,-4.1541204,18.263628,-4.5095253,-16.917551,-23.086908,2.9618053,-19.918629,8.0991745,-16.291391,-2.827852,-9.115007,1277.3118,0.0059425673,0.1177833686440678,1.856,data/raw/audio_samples\Actor_03\03-01-02-01-01-02-03.wav,Actor_03,calm,confident
-448.6555,91.59512,-5.380859,11.783429,7.535061,-29.486889,-20.45339,4.8788667,-26.757677,14.273723,-19.002817,-3.3622675,-9.615023,1099.594,0.005440333,0.16213942307692308,2.048,data/raw/audio_samples\Actor_03\03-01-02-01-02-01-03.wav,Actor_03,calm,confident
-359.28882,69.79783,-8.900606,6.030767,0.94180095,-20.896814,-27.350082,2.064807,-28.023354,8.89787,-21.578936,-5.2921486,-9.527738,1218.2322,0.0144371195,0.16588637408088236,2.144,data/raw/audio_samples\Actor_03\03-01-02-01-02-02-03.wav,Actor_03,calm,confident
-425.05515,83.77278,-8.0341425,12.635461,-5.0410566,-17.924934,-23.502775,6.1615853,-30.270452,13.193737,-21.357536,-5.0202994,-9.367181,1253.7343,0.008248828,0.12763817630597016,2.112,data/raw/audio_samples\Actor_03\03-01-02-02-01-01-03.wav,Actor_03,calm,confident
-356.08072,71.01692,-12.743878,15.779179,-6.717003,-15.960425,-22.217642,0.6486543,-21.865406,7.583468,-15.437102,-4.518093,-8.733039,1326.5154,0.014869273,0.13010475852272727,2.08,data/raw/audio_samples\Actor_03\03-01-02-02-01-02-03.wav,Actor_03,calm,confident
-377.43878,72.775734,-13.635425,12.640649,1.3308375,-17.255743,-21.390068,2.812703,-22.642311,16.969389,-15.455846,-0.15320607,-4.607263,1236.5366,0.014630997,0.15397331513554216,2.624,data/raw/audio_samples\Actor_03\03-01-02-02-02-01-03.wav,Actor_03,calm,confident
-373.7633,65.78836,-9.9258995,9.176327,-2.201042,-17.375793,-27.162218,4.6995974,-24.390581,15.310601,-20.001047,-0.6429442,-6.109035,1228.6135,0.014239311,0.17743633319805194,2.432,data/raw/audio_samples\Actor_03\03-01-02-02-02-02-03.wav,Actor_03,calm,confident
-357.16995,81.47383,-16.520573,14.829618,-3.6677086,-22.233433,-32.441185,-8.612696,-28.965097,3.488418,-18.885489,-6.643955,-10.532002,1254.9982,0.016753593,0.13383265904017858,1.76,data/raw/audio_samples\Actor_03\03-01-03-01-01-01-03.wav,Actor_03,happy,confident
-334.97845,74.635025,-22.835253,-1.925089,-10.677687,-18.43606,-38.42573,-9.077716,-32.189434,1.5713814,-20.08872,-10.407276,-11.996471,1043.1849,0.022707235,0.11575882523148148,1.696,data/raw/audio_samples\Actor_03\03-01-03-01-01-02-03.wav,Actor_03,happy,confident
-338.2396,71.893936,-18.326893,1.4017419,-3.627027,-28.14191,-40.371872,-10.979036,-32.725407,-0.33627382,-22.790096,-7.9907017,-11.558176,1019.8287,0.021366267,0.15708571213942307,1.632,data/raw/audio_samples\Actor_03\03-01-03-01-02-01-03.wav,Actor_03,happy,confident
-367.99762,76.569374,-6.7159033,-1.2535435,-3.7823553,-20.36587,-40.62776,-6.975926,-34.64047,1.5492283,-19.347364,-6.6149645,-14.11952,845.49835,0.014870421,0.15873046875,1.568,data/raw/audio_samples\Actor_03\03-01-03-01-02-02-03.wav,Actor_03,happy,confident
-285.55865,54.637886,-14.24713,-5.5916853,-14.0104,-17.236427,-32.872044,-3.9885404,-31.685299,5.699997,-19.118225,-10.176255,-8.873897,1192.3456,0.043674212,0.1220152948943662,2.24,data/raw/audio_samples\Actor_03\03-01-03-02-01-01-03.wav,Actor_03,happy,confident
-260.56363,40.099087,-25.855822,-8.15719,-20.694662,-13.590549,-36.095806,-7.652279,-31.409136,7.187289,-19.919064,-7.603748,-8.652938,1220.357,0.062518395,0.12994622564935066,2.432,data/raw/audio_samples\Actor_03\03-01-03-02-01-02-03.wav,Actor_03,happy,confident
-228.96472,40.844936,-15.805115,-11.156699,-17.640402,-9.4500475,-32.32772,-12.718523,-30.617722,-3.682752,-13.090665,-11.804903,-2.4866357,1379.5055,0.06685468,0.18110002790178573,2.656,data/raw/audio_samples\Actor_03\03-01-03-02-02-01-03.wav,Actor_03,happy,confident
-262.74493,54.86972,-15.734977,-8.796809,-9.0264015,-18.65898,-34.660664,-9.075811,-34.661434,-0.2999629,-21.639992,-11.907892,-11.249444,1064.1456,0.04532051,0.16500031001984128,1.984,data/raw/audio_samples\Actor_03\03-01-03-02-02-02-03.wav,Actor_03,happy,confident
-472.29904,104.84144,-6.189509,18.699327,1.1634266,-13.891172,-26.331223,-1.4427726,-26.351992,-1.6280692,-15.251193,-7.458926,-10.505383,1165.9015,0.005070896,0.09815374410377359,1.664,data/raw/audio_samples\Actor_03\03-01-04-01-01-01-03.wav,Actor_03,sad,nervous
-517.6391,99.70434,-8.184844,16.888248,0.4648142,-11.572903,-21.379696,-1.5343044,-14.538273,-2.4110856,-10.790822,-3.195165,-8.735303,1117.778,0.004071791,0.08908582089552239,2.112,data/raw/audio_samples\Actor_03\03-01-04-01-01-02-03.wav,Actor_03,sad,nervous
-455.69916,76.44311,-14.003774,19.455305,-3.9152968,-14.71432,-24.96814,-4.0365257,-21.17308,2.216447,-13.701208,-6.7445803,-6.3017936,1537.2355,0.006954109,0.138212744869403,2.112,data/raw/audio_samples\Actor_03\03-01-04-01-02-01-03.wav,Actor_03,sad,nervous
-468.61765,76.978966,-4.588249,16.46564,-0.5546898,-15.186958,-27.962828,-0.7889462,-22.11662,2.300193,-11.750133,-7.07088,-7.0649176,1218.0775,0.0062512453,0.14230213994565216,2.176,data/raw/audio_samples\Actor_03\03-01-04-01-02-02-03.wav,Actor_03,sad,nervous
-416.41046,75.5699,-28.686634,-0.53943807,-10.170763,-20.551334,-33.428288,-23.63656,-34.777046,-8.855872,-15.528422,-13.905771,-10.778277,1412.046,0.018448196,0.17919921875,2.528,data/raw/audio_samples\Actor_03\03-01-04-02-01-01-03.wav,Actor_03,sad,nervous
-391.9771,56.655056,-16.34765,5.8771954,-6.9954877,-12.653591,-28.430676,-13.146806,-22.905224,-4.131091,-17.055717,-11.298756,-10.069055,1427.3702,0.024081348,0.1344509548611111,2.848,data/raw/audio_samples\Actor_03\03-01-04-02-01-02-03.wav,Actor_03,sad,nervous
-362.5074,52.509674,-19.383436,9.57924,-0.99207944,-11.227866,-22.477892,-14.678374,-19.845003,-2.1739259,-14.455945,-5.307991,-7.9436316,1306.484,0.027617207,0.13236177884615385,2.464,data/raw/audio_samples\Actor_03\03-01-04-02-02-01-03.wav,Actor_03,sad,nervous
-298.11954,78.11713,-20.028624,8.537056,-5.5309496,-13.828135,-30.010893,-20.35463,-27.445646,-5.506165,-17.718494,-7.09399,-11.48294,1031.1974,0.032184858,0.1282629588293651,1.984,data/raw/audio_samples\Actor_03\03-01-04-02-02-02-03.wav,Actor_03,sad,nervous
-453.88,85.40104,6.376707,23.219032,-10.194329,-9.829383,-17.547424,-4.831417,-9.839436,-2.6846051,-9.297163,0.51471263,-9.171426,1455.3197,0.0046535665,0.12950897216796875,2.016,data/raw/audio_samples\Actor_03\03-01-05-01-01-01-03.wav,Actor_03,angry,nervous
-332.34158,74.25622,-14.7692795,21.454382,-16.694014,-10.661318,-23.860945,-4.102193,-14.364844,-8.398239,-8.227181,-2.8379488,-8.936739,1532.572,0.018550696,0.14320591517857142,1.984,data/raw/audio_samples\Actor_03\03-01-05-01-01-02-03.wav,Actor_03,angry,nervous
-345.8897,77.63809,-10.579142,16.469114,-13.752733,-14.342142,-29.346916,-7.714213,-19.748611,-4.9067845,-7.406547,-2.279129,-13.582161,1517.4702,0.014373122,0.15383384967672414,1.824,data/raw/audio_samples\Actor_03\03-01-05-01-02-01-03.wav,Actor_03,angry,nervous
-307.377,69.55548,-16.95585,9.072481,-14.170048,-18.435644,-25.797426,-7.3118405,-19.37031,-4.566238,-9.042538,-3.5530188,-12.752427,1487.1787,0.021862684,0.1690240675403226,1.952,data/raw/audio_samples\Actor_03\03-01-05-01-02-02-03.wav,Actor_03,angry,nervous
-160.43695,49.28477,-25.822035,3.3333828,-32.47299,0.9166185,-28.336718,-7.523661,-13.717771,-10.83485,-6.9906087,-5.910437,-10.138068,1610.8397,0.10067804,0.148240919237013,2.432,data/raw/audio_samples\Actor_03\03-01-05-02-01-01-03.wav,Actor_03,angry,nervous
-167.64758,51.169373,-20.40048,9.674103,-25.134083,-4.3916698,-26.44793,-8.770885,-14.005477,-13.358163,-10.016841,-5.2570744,-9.572789,1475.458,0.0955682,0.14887369791666666,2.368,data/raw/audio_samples\Actor_03\03-01-05-02-01-02-03.wav,Actor_03,angry,nervous
-164.15555,57.505177,-26.78514,3.8528907,-30.060637,-3.7612295,-26.949476,-10.310601,-16.390577,-7.642104,-9.981985,-7.1937056,-10.741398,1530.6821,0.08860879,0.1898009417808219,2.304,data/raw/audio_samples\Actor_03\03-01-05-02-02-01-03.wav,Actor_03,angry,nervous
-149.69704,48.9303,-23.266592,1.9458418,-30.053738,-0.675463,-23.614344,-13.351886,-16.066933,-4.1573358,-10.626473,-8.6721115,-7.9416623,1528.607,0.113873415,0.17736375188253012,2.624,data/raw/audio_samples\Actor_03\03-01-05-02-02-02-03.wav,Actor_03,angry,nervous
-407.71567,81.14949,-0.73914886,16.83869,-7.992921,-9.060259,-33.18366,-2.757303,-15.120846,-5.3584876,-13.090428,-6.873405,-11.7597,1235.8125,0.00786939,0.1423877780720339,1.856,data/raw/audio_samples\Actor_03\03-01-06-01-01-01-03.wav,Actor_03,fearful,nervous
-340.48874,74.56712,-15.506328,10.338877,-12.787017,-13.755721,-29.609365,-4.5808015,-22.715677,-8.850022,-12.07533,-8.320054,-11.657003,1262.1769,0.014567628,0.12281901041666667,1.888,data/raw/audio_samples\Actor_03\03-01-06-01-01-02-03.wav,Actor_03,fearful,nervous
-316.0592,68.893135,-12.070816,8.122242,-11.185247,-11.961021,-30.669619,-7.2694273,-23.854555,-4.462794,-13.839002,-9.607696,-8.242991,1318.276,0.018519169,0.14208026960784315,1.6,data/raw/audio_samples\Actor_03\03-01-06-01-02-01-03.wav,Actor_03,fearful,nervous
-422.6026,74.78308,-16.751108,14.605752,-4.317356,-12.197346,-29.399137,-7.1151314,-19.28998,3.1588633,-9.34628,-6.064947,-4.9482055,1327.2084,0.011627152,0.14319816468253968,1.984,data/raw/audio_samples\Actor_03\03-01-06-01-02-02-03.wav,Actor_03,fearful,nervous
-284.9748,66.373634,-15.590469,16.596024,-0.744157,-1.9823135,-12.320131,-5.0765123,-18.287132,11.330431,-12.82573,-1.2188282,-1.021678,1454.6019,0.034104194,0.12065369405864197,2.56,data/raw/audio_samples\Actor_03\03-01-06-02-01-01-03.wav,Actor_03,fearful,nervous
-191.6941,45.982597,-31.908443,-0.9878884,-17.715832,-11.81018,-38.00505,-10.456584,-28.289988,-5.339165,-16.390892,-5.420401,-2.9887147,1458.4427,0.08260158,0.15162954757462688,2.112,data/raw/audio_samples\Actor_03\03-01-06-02-01-02-03.wav,Actor_03,fearful,nervous
-182.86153,57.56083,-25.93123,-6.1271496,-13.126546,-8.513531,-32.966145,-10.635655,-29.28715,-4.1439567,-16.169611,-11.707729,-5.729955,1153.7932,0.06358102,0.16267361111111112,1.408,data/raw/audio_samples\Actor_03\03-01-06-02-02-01-03.wav,Actor_03,fearful,nervous
-172.11113,57.573074,-26.233725,-10.449837,-17.221245,-13.452587,-34.322514,-15.287208,-30.82303,-6.0372267,-17.867102,-8.01873,-2.4180708,1191.8151,0.079971574,0.16704201211734693,1.536,data/raw/audio_samples\Actor_03\03-01-06-02-02-02-03.wav,Actor_03,fearful,nervous
-416.76846,75.90196,-5.4617023,16.900623,-5.798298,-14.917629,-13.782955,-10.75551,-11.124128,-3.4868565,-14.017428,-5.633212,-12.388252,1392.8829,0.009877933,0.12810516357421875,2.016,data/raw/audio_samples\Actor_03\03-01-07-01-01-01-03.wav,Actor_03,disgust,nervous
-426.66168,79.733246,0.08481026,23.151945,-7.369923,-16.268797,-14.21615,-9.817751,-13.269022,-2.3445158,-13.858967,-5.6905603,-11.801249,1540.2004,0.00694659,0.13729095458984375,2.016,data/raw/audio_samples\Actor_03\03-01-07-01-01-02-03.wav,Actor_03,disgust,nervous
-406.73978,55.37041,-0.29823813,16.00968,-6.8429747,-17.598633,-19.690828,-5.3459735,-15.121582,-0.80861014,-20.283598,-6.472374,-10.403033,1542.5765,0.0069009843,0.19740397135416668,1.888,data/raw/audio_samples\Actor_03\03-01-07-01-02-01-03.wav,Actor_03,disgust,nervous
-363.4551,66.7408,-10.727589,16.22291,-6.4810715,-21.017025,-24.002092,-12.436995,-17.128708,-0.6931614,-15.664477,-7.3513875,-14.014326,1399.3859,0.012946707,0.18391927083333334,1.792,data/raw/audio_samples\Actor_03\03-01-07-01-02-02-03.wav,Actor_03,disgust,nervous
-402.41534,60.6472,-3.6126988,24.623571,-12.9019985,-20.411812,-14.400946,-5.4706364,-15.053077,-4.6247983,-13.672931,-8.945542,-10.631675,1623.7921,0.008242829,0.17243615904850745,2.112,data/raw/audio_samples\Actor_03\03-01-07-02-01-01-03.wav,Actor_03,disgust,nervous
-413.90775,70.44085,-2.5064752,16.63744,-9.213887,-15.419122,-13.742767,-2.6374326,-10.997652,-0.8431409,-12.731435,-5.7758384,-7.067231,1472.0112,0.0073103635,0.14717044106012658,2.496,data/raw/audio_samples\Actor_03\03-01-07-02-01-02-03.wav,Actor_03,disgust,nervous
-405.82278,61.73207,-10.250103,4.024219,-3.9492335,-15.249434,-17.345795,-5.2146864,-19.733486,-2.8996017,-7.296947,-8.126486,-7.386,1279.2626,0.012099955,0.18672122231012658,2.496,data/raw/audio_samples\Actor_03\03-01-07-02-02-01-03.wav,Actor_03,disgust,nervous
-340.71902,55.979744,-11.416196,-2.8495195,-12.456089,-14.929437,-26.949556,-12.167654,-18.514507,-8.393975,-9.953879,-9.916044,-9.732386,1300.4049,0.02188833,0.18793194110576922,2.464,data/raw/audio_samples\Actor_03\03-01-07-02-02-02-03.wav,Actor_03,disgust,nervous
-340.6729,76.05046,-26.804512,2.8323672,-19.52534,-15.555211,-43.237625,-7.498776,-27.856491,-5.562153,-12.3751745,-7.5845575,-12.133191,1272.9669,0.01539833,0.11345486111111111,1.408,data/raw/audio_samples\Actor_03\03-01-08-01-01-01-03.wav,Actor_03,surprised,neutral
-317.97562,74.17028,-15.983466,16.194359,-14.975915,-13.069608,-29.459593,-1.2999834,-21.157394,-3.5005677,-10.358279,-11.248531,-8.906812,1316.3948,0.017341102,0.12677267323369565,1.44,data/raw/audio_samples\Actor_03\03-01-08-01-01-02-03.wav,Actor_03,surprised,neutral
-334.59402,80.57654,-24.522154,7.319766,-17.260895,-15.206694,-41.55589,-6.054406,-31.514416,1.2628983,-7.4599633,-14.718949,-8.604788,1127.5239,0.014741491,0.16227610518292682,1.28,data/raw/audio_samples\Actor_03\03-01-08-01-02-01-03.wav,Actor_03,surprised,neutral
-303.3078,80.86605,-30.661837,16.558086,-18.976103,-18.85532,-31.634502,-4.062726,-25.20567,3.6078591,-7.123399,-11.265319,-6.7076154,1219.9061,0.02062792,0.17241962139423078,1.632,data/raw/audio_samples\Actor_03\03-01-08-01-02-02-03.wav,Actor_03,surprised,neutral
-251.60765,74.57737,-38.15115,18.348606,-35.209316,-18.769983,-34.56134,-6.1558886,-28.876146,-8.478306,-5.418502,-20.180206,-9.073256,1480.9688,0.03333843,0.1346634265988372,1.344,data/raw/audio_samples\Actor_03\03-01-08-02-01-01-03.wav,Actor_03,surprised,neutral
-246.85667,69.07619,-21.117006,18.367678,-24.29524,-10.050335,-27.934559,-0.016766753,-20.797117,-6.033804,-5.1015387,-13.711816,-5.1181297,1425.111,0.038190037,0.13672832414215685,1.6,data/raw/audio_samples\Actor_03\03-01-08-02-01-02-03.wav,Actor_03,surprised,neutral
-243.92606,63.727993,-24.928102,-7.568079,-17.680462,-18.034279,-43.442955,-2.9954662,-29.955671,-6.2287507,-10.428983,-15.2666855,-12.259944,1188.1833,0.039142016,0.16849609375,1.568,data/raw/audio_samples\Actor_03\03-01-08-02-02-01-03.wav,Actor_03,surprised,neutral
-294.82907,73.96881,-22.116909,5.7295456,-20.771841,-21.2576,-32.4959,-5.418466,-28.485487,-2.8695393,-14.350022,-13.976813,-13.678258,1338.1593,0.024491338,0.15534156976744187,1.344,data/raw/audio_samples\Actor_03\03-01-08-02-02-02-03.wav,Actor_03,surprised,neutral
-455.6734,73.711365,-27.444246,14.203651,-25.686214,-10.082622,-33.26967,-21.089668,-11.606618,-3.014623,-19.662903,-5.2570853,-3.6779156,1359.7496,0.00618621,0.12296549479166667,1.312,data/raw/audio_samples\Actor_04\03-01-01-01-01-01-04.wav,Actor_04,neutral,confident
-457.96765,72.740364,-30.060266,6.7430053,-30.580519,-12.993484,-34.468483,-26.791645,-16.717503,-5.498239,-23.261393,-6.232886,-8.044349,1335.2188,0.0068965857,0.11630178052325581,1.344,data/raw/audio_samples\Actor_04\03-01-01-01-01-02-04.wav,Actor_04,neutral,confident
-464.71738,81.64968,-29.71424,-2.9716303,-26.852718,-13.969323,-43.005558,-24.315866,-17.455877,-7.0808024,-24.624062,-6.075245,-9.785113,1118.4192,0.006430915,0.1316453887195122,1.28,data/raw/audio_samples\Actor_04\03-01-01-01-02-01-04.wav,Actor_04,neutral,confident
-466.65942,81.61993,-25.176697,-0.20758915,-26.40773,-13.211568,-41.96444,-26.914581,-18.137997,-5.9794393,-24.321104,-7.6702566,-8.291189,1127.5243,0.0054725423,0.1394775390625,1.248,data/raw/audio_samples\Actor_04\03-01-01-01-02-02-04.wav,Actor_04,neutral,confident
-466.67844,72.63042,-29.679659,-1.4424652,-29.953764,-12.720416,-33.311836,-23.57688,-17.093708,-6.6918974,-22.989702,-6.228593,-10.180329,1581.4423,0.0060253744,0.12754794034090908,1.728,data/raw/audio_samples\Actor_04\03-01-02-01-01-01-04.wav,Actor_04,calm,confident
-462.17514,66.87373,-33.916355,10.054016,-25.452843,-9.426156,-30.472746,-20.544043,-15.00292,-2.374226,-21.599167,-2.5537248,-7.8154106,1701.546,0.0062000905,0.13886890076754385,1.792,data/raw/audio_samples\Actor_04\03-01-02-01-01-02-04.wav,Actor_04,calm,confident
-451.50955,64.3527,-22.036734,-0.7410643,-27.526375,-14.440997,-35.03819,-22.781624,-19.022116,-5.265562,-19.88595,-3.252188,-12.856616,1260.0706,0.00834957,0.13893904775943397,1.664,data/raw/audio_samples\Actor_04\03-01-02-01-02-01-04.wav,Actor_04,calm,confident
-479.633,65.11292,-23.784397,-1.3436503,-24.334587,-10.856497,-34.7095,-22.433,-17.878897,-5.252558,-19.152327,-8.690061,-6.1197085,1373.8623,0.005709342,0.15840970552884615,1.632,data/raw/audio_samples\Actor_04\03-01-02-01-02-02-04.wav,Actor_04,calm,confident
-500.88284,66.80478,-16.099628,2.4541059,-19.90217,-9.638756,-27.245445,-19.056244,-16.602955,-2.8958516,-21.584053,-3.890765,-8.874253,1689.5503,0.0051934323,0.11845858134920635,1.984,data/raw/audio_samples\Actor_04\03-01-02-02-01-01-04.wav,Actor_04,calm,confident
-480.92065,72.88817,-23.127417,7.9566727,-22.04338,-13.018754,-30.024382,-21.498158,-19.44681,-2.3725781,-21.769184,-2.1198084,-6.6914864,1686.5272,0.0056732567,0.13387472587719298,1.792,data/raw/audio_samples\Actor_04\03-01-02-02-01-02-04.wav,Actor_04,calm,confident
-479.6403,65.2825,-16.838203,4.4572425,-23.036674,-12.554099,-35.10017,-17.376987,-14.395917,-4.975517,-19.742361,-1.313515,-6.1039996,1408.1992,0.006163346,0.16005859375,1.888,data/raw/audio_samples\Actor_04\03-01-02-02-02-01-04.wav,Actor_04,calm,confident
-475.94098,60.377857,-14.134563,-5.3398323,-23.89906,-15.3382435,-35.977837,-19.310713,-17.816687,-10.278658,-25.536428,-3.78823,-18.032333,1537.0135,0.005341464,0.18271336410984848,2.08,data/raw/audio_samples\Actor_04\03-01-02-02-02-02-04.wav,Actor_04,calm,confident
-399.50952,74.71592,-42.12864,10.232105,-38.470512,-12.382037,-37.516613,-23.579634,-15.25013,-12.410613,-23.07916,-6.428591,-7.3200474,1540.8998,0.010719197,0.12238198138297872,1.472,data/raw/audio_samples\Actor_04\03-01-03-01-01-01-04.wav,Actor_04,happy,confident
-346.18073,63.876614,-52.70322,15.305502,-44.255028,-10.310861,-33.703655,-26.917034,-12.540331,-11.162738,-21.692162,-8.073803,-9.253729,1574.9033,0.016106986,0.13370595079787234,1.472,data/raw/audio_samples\Actor_04\03-01-03-01-01-02-04.wav,Actor_04,happy,confident
-381.66144,65.43928,-35.678505,15.7762985,-32.563004,-8.10308,-29.232779,-21.186295,-17.939238,-6.433478,-17.10439,-5.9741406,-9.311049,1441.2147,0.011706203,0.17228515625,1.568,data/raw/audio_samples\Actor_04\03-01-03-01-02-01-04.wav,Actor_04,happy,confident
-364.2915,74.09063,-45.70515,14.320638,-34.307323,-14.647443,-37.32709,-20.641207,-12.590968,-10.982038,-18.36132,-5.093139,-12.088959,1290.954,0.015930196,0.15118408203125,1.504,data/raw/audio_samples\Actor_04\03-01-03-01-02-02-04.wav,Actor_04,happy,confident
-301.8942,45.483208,-47.40151,2.2282443,-37.337013,-9.823624,-30.286375,-23.068071,-12.582075,-10.752713,-19.798328,-1.1393872,4.9520435,1638.4894,0.03113927,0.14467865566037735,1.664,data/raw/audio_samples\Actor_04\03-01-03-02-01-01-04.wav,Actor_04,happy,confident
-267.89224,32.734234,-51.8227,9.659583,-43.11178,-4.146685,-30.66273,-19.03363,-11.059458,-12.623362,-20.683474,-7.8203964,4.105973,1767.4797,0.044144135,0.16168342752659576,1.472,data/raw/audio_samples\Actor_04\03-01-03-02-01-02-04.wav,Actor_04,happy,confident
-302.72055,36.444584,-43.187977,4.42108,-38.191925,-14.973256,-36.877117,-24.696827,-14.114938,-13.4426985,-17.66701,-10.068413,-11.297354,1549.894,0.034947015,0.19802198223039216,1.6,data/raw/audio_samples\Actor_04\03-01-03-02-02-01-04.wav,Actor_04,happy,confident
-239.77254,21.462158,-52.41369,0.117965765,-43.731304,-16.09223,-38.384903,-18.349466,-17.886478,-15.190816,-26.230942,-8.809229,-6.2096524,1801.7449,0.05282214,0.21098188920454544,1.728,data/raw/audio_samples\Actor_04\03-01-03-02-02-02-04.wav,Actor_04,happy,confident
-457.41553,70.166664,-15.1862755,12.793743,-27.863659,-7.8322983,-28.906649,-24.080376,-21.375725,-4.589055,-18.819092,-8.836829,-6.3316607,1594.0884,0.006059801,0.146240234375,1.376,data/raw/audio_samples\Actor_04\03-01-04-01-01-01-04.wav,Actor_04,sad,nervous
-373.60074,57.755337,-28.4658,1.4460385,-33.769547,-7.3561273,-29.173464,-25.51687,-13.726019,-7.9800925,-19.187685,-12.314389,0.059458945,1571.8942,0.017667396,0.13141276041666666,1.408,data/raw/audio_samples\Actor_04\03-01-04-01-01-02-04.wav,Actor_04,sad,nervous
-377.025,46.94165,-37.28323,3.837124,-36.316776,-17.629524,-34.45966,-29.851854,-17.591955,-12.57135,-18.852654,-12.105896,-4.6713777,1288.0443,0.017473266,0.17647298177083334,1.504,data/raw/audio_samples\Actor_04\03-01-04-01-02-01-04.wav,Actor_04,sad,nervous
-385.47116,37.834705,-34.47797,-0.41192362,-40.863163,-18.733194,-36.553146,-30.951593,-14.659776,-15.196651,-18.14739,-8.575352,-2.2032266,1325.863,0.015938638,0.21125955784574468,1.472,data/raw/audio_samples\Actor_04\03-01-04-01-02-02-04.wav,Actor_04,sad,nervous
-331.36072,31.866508,-51.420628,2.9017982,-38.284878,-19.804981,-35.496746,-29.418955,-7.2770953,-8.526381,-11.371054,0.7790951,17.83543,1794.1124,0.029098166,0.15740497295673078,1.632,data/raw/audio_samples\Actor_04\03-01-04-02-01-01-04.wav,Actor_04,sad,nervous
-311.01443,26.959562,-37.70049,-6.191511,-36.73823,-8.055142,-24.650038,-22.594667,-7.8423467,-2.2509234,-2.5213573,13.057362,27.930151,1876.164,0.036129255,0.17414136202830188,1.664,data/raw/audio_samples\Actor_04\03-01-04-02-01-02-04.wav,Actor_04,sad,nervous
-282.68356,-5.164673,-66.37422,-14.758364,-48.255955,-29.288815,-43.992073,-30.346045,-12.858664,-8.641011,0.87226826,25.805695,36.63642,1596.636,0.065623425,0.2069091796875,1.76,data/raw/audio_samples\Actor_04\03-01-04-02-02-01-04.wav,Actor_04,sad,nervous
-301.47028,9.396149,-56.867283,-5.4331822,-42.753445,-23.115147,-35.46874,-29.35205,-16.224638,-15.5229845,-16.375034,4.359394,22.133465,1621.4064,0.043079402,0.210693359375,1.76,data/raw/audio_samples\Actor_04\03-01-04-02-02-02-04.wav,Actor_04,sad,nervous
-365.33792,58.043865,-25.103464,4.025665,-31.589867,-8.102497,-34.34932,-21.763895,-16.585003,-6.770816,-22.380451,-2.942532,-14.206652,1578.0011,0.018179676,0.13823054387019232,1.632,data/raw/audio_samples\Actor_04\03-01-05-01-01-01-04.wav,Actor_04,angry,nervous
-330.60248,48.92048,-29.674519,1.9465591,-37.47743,-1.9716791,-31.955637,-21.493124,-12.519014,-5.2280583,-18.122961,-3.9824238,-0.83057046,1656.7251,0.024353681,0.15239357461734693,1.536,data/raw/audio_samples\Actor_04\03-01-05-01-01-02-04.wav,Actor_04,angry,nervous
-317.8415,47.159855,-32.49285,-4.4624796,-38.110363,-12.082065,-38.78658,-25.997759,-18.781729,-7.2275944,-24.257803,-13.816475,-14.418094,1355.2651,0.026067011,0.20353016954787234,1.472,data/raw/audio_samples\Actor_04\03-01-05-01-02-01-04.wav,Actor_04,angry,nervous
-358.94852,53.408695,-26.626291,-1.6400949,-35.59916,-11.394028,-37.489685,-24.151201,-14.14417,-4.884813,-20.540947,-5.345973,-10.352018,1295.8041,0.016343985,0.19734552556818183,1.728,data/raw/audio_samples\Actor_04\03-01-05-01-02-02-04.wav,Actor_04,angry,nervous
-198.93463,18.101042,-40.791607,-7.0760584,-42.122112,7.866101,-34.53608,-12.223359,-18.38757,-8.329253,-15.761431,0.30511695,9.2564,1839.0396,0.08644888,0.18754695012019232,1.632,data/raw/audio_samples\Actor_04\03-01-05-02-01-01-04.wav,Actor_04,angry,nervous
-227.34128,22.264927,-35.400154,-6.410767,-41.077682,1.2098367,-38.551563,-17.664772,-14.219915,-4.679476,-8.889374,5.020966,6.5924993,1874.3671,0.06221416,0.19054961622807018,1.792,data/raw/audio_samples\Actor_04\03-01-05-02-01-02-04.wav,Actor_04,angry,nervous
-203.1836,13.986524,-41.183334,-2.8553119,-45.991997,-6.5670853,-42.47316,-14.843906,-13.208861,-3.4716675,-17.916597,-7.161637,-11.852683,1846.0226,0.08699747,0.23081883844339623,1.664,data/raw/audio_samples\Actor_04\03-01-05-02-02-01-04.wav,Actor_04,angry,nervous
-243.50731,10.4243,-42.501274,-21.754488,-48.376858,-5.619746,-44.972744,-17.336058,-23.56033,-5.9461937,-13.985579,0.7083833,-2.637232,1722.0481,0.05573826,0.2467144465042373,1.856,data/raw/audio_samples\Actor_04\03-01-05-02-02-02-04.wav,Actor_04,angry,nervous
-341.12524,40.541115,-30.561705,0.70642036,-31.078575,-9.183364,-31.768156,-28.813997,-13.287404,-14.95739,-19.989405,-10.662684,-3.6934018,1694.3196,0.021521458,0.15934641768292682,1.28,data/raw/audio_samples\Actor_04\03-01-06-01-01-01-04.wav,Actor_04,fearful,nervous
-325.0426,43.8107,-40.40071,3.4807665,-35.055763,-11.673325,-28.880192,-25.375813,-12.758133,-13.874037,-18.097471,-11.159953,-8.065431,1660.779,0.025466684,0.14086318597560976,1.28,data/raw/audio_samples\Actor_04\03-01-06-01-01-02-04.wav,Actor_04,fearful,nervous
-335.56754,39.716343,-33.441586,1.9200406,-30.320684,-15.108688,-33.93464,-24.072233,-13.309465,-17.162365,-16.51158,-14.733993,-10.748355,1229.5096,0.024852281,0.18659939236111112,1.408,data/raw/audio_samples\Actor_04\03-01-06-01-02-01-04.wav,Actor_04,fearful,nervous
-343.06302,39.980076,-26.826841,-4.7845535,-28.84997,-12.916584,-28.881592,-27.982801,-15.776119,-14.246435,-20.656025,-14.099433,-7.9172826,1152.6727,0.023727177,0.18407118055555555,1.408,data/raw/audio_samples\Actor_04\03-01-06-01-02-02-04.wav,Actor_04,fearful,nervous
-250.72818,3.6488705,-41.180275,1.1348625,-31.742716,-9.020106,-29.0586,-23.263142,-10.302686,2.038209,12.2309065,30.81422,30.922289,2017.4,0.06234699,0.18817934782608695,1.44,data/raw/audio_samples\Actor_04\03-01-06-02-01-01-04.wav,Actor_04,fearful,nervous
-241.15242,30.655014,-43.50431,-10.737285,-32.40215,-6.19099,-28.721848,-28.052883,-19.487902,-11.432719,1.728227,23.538542,34.87665,1701.1476,0.06587839,0.15499441964285715,1.312,data/raw/audio_samples\Actor_04\03-01-06-02-01-02-04.wav,Actor_04,fearful,nervous
-214.38667,21.558935,-41.86148,-21.398945,-42.73577,-15.012846,-39.235332,-22.483551,-23.861753,-16.454865,-16.19498,11.098596,17.9408,1541.1387,0.07851563,0.19382772640306123,1.536,data/raw/audio_samples\Actor_04\03-01-06-02-02-01-04.wav,Actor_04,fearful,nervous
-203.51907,18.952412,-53.205124,-19.957737,-43.30407,-19.80189,-39.00785,-24.68063,-20.006353,-14.484526,-15.113962,9.879102,16.382395,1539.6498,0.07894719,0.18768700132978725,1.472,data/raw/audio_samples\Actor_04\03-01-06-02-02-02-04.wav,Actor_04,fearful,nervous
-411.12283,68.99962,-17.479729,4.1490364,-20.005812,-8.342569,-18.449348,-19.596024,-14.726132,-2.1532629,-20.850393,0.42670086,-3.8823934,1731.6603,0.010955988,0.1585010593220339,1.856,data/raw/audio_samples\Actor_04\03-01-07-01-01-01-04.wav,Actor_04,disgust,nervous
-396.17883,65.73613,-20.307734,1.5323099,-19.547804,-16.864304,-27.902836,-19.3543,-7.6733503,-7.5367284,-17.209574,-0.95529497,-5.4502563,1667.499,0.012576021,0.1436871027542373,1.856,data/raw/audio_samples\Actor_04\03-01-07-01-01-02-04.wav,Actor_04,disgust,nervous
-399.21194,58.29275,-29.691166,0.1004865,-22.440624,-15.960287,-31.667412,-22.159105,-10.720244,-9.529969,-16.788912,-3.2598011,-11.043414,1195.9243,0.016935568,0.19096080043859648,1.792,data/raw/audio_samples\Actor_04\03-01-07-01-02-01-04.wav,Actor_04,disgust,nervous
-381.84067,46.094868,-27.512499,8.998792,-21.035143,-17.452383,-27.089367,-15.712897,-7.2578816,-10.237085,-12.646454,-0.22007315,-8.422082,1329.6698,0.018831799,0.20345633370535715,1.76,data/raw/audio_samples\Actor_04\03-01-07-01-02-02-04.wav,Actor_04,disgust,nervous
-337.27573,41.56213,-17.148235,5.7899146,-24.78283,-3.3556192,-26.209139,-19.920515,-14.399509,-5.3943744,-14.210696,-4.8511257,-6.907792,1633.0546,0.033804312,0.12408854166666666,1.888,data/raw/audio_samples\Actor_04\03-01-07-02-01-01-04.wav,Actor_04,disgust,nervous
-370.0693,43.894573,-19.704502,-1.6252275,-21.123196,-7.0188746,-19.469637,-20.784706,-15.191695,-6.82361,-14.371677,-6.3465424,-6.5365367,1676.2252,0.025061535,0.12196451822916667,1.888,data/raw/audio_samples\Actor_04\03-01-07-02-01-02-04.wav,Actor_04,disgust,nervous
-399.27448,43.929417,-25.348574,-3.5637755,-25.559944,-18.399895,-31.347267,-30.126347,-15.745924,-10.713426,-23.08664,-4.367995,-7.825646,1210.866,0.01965967,0.2046146716101695,1.856,data/raw/audio_samples\Actor_04\03-01-07-02-02-01-04.wav,Actor_04,disgust,nervous
-342.02063,39.80159,-34.561543,-16.388771,-29.442986,-17.857166,-33.70639,-29.407211,-13.110417,-12.290987,-23.3194,-2.6649134,-15.708305,1541.064,0.025960797,0.21704501793032788,1.92,data/raw/audio_samples\Actor_04\03-01-07-02-02-02-04.wav,Actor_04,disgust,nervous
-356.63675,69.205894,-42.31592,5.4705544,-39.571865,-14.088353,-37.769524,-27.304464,-15.986567,-10.922229,-25.43906,-7.6202245,-6.1687346,1478.9242,0.015979717,0.12933498475609756,1.28,data/raw/audio_samples\Actor_04\03-01-08-01-01-01-04.wav,Actor_04,surprised,neutral
-336.3646,60.920216,-40.25421,1.7756027,-40.99736,-11.925027,-39.07733,-27.040567,-15.444638,-12.56365,-27.070456,-8.722216,-5.695826,1468.6221,0.020625709,0.142578125,1.408,data/raw/audio_samples\Actor_04\03-01-08-01-01-02-04.wav,Actor_04,surprised,neutral
-332.5059,61.21772,-32.449375,-9.139747,-41.646915,-18.681244,-39.96822,-25.409517,-16.656855,-16.080885,-24.122751,-8.536461,-6.7587595,1493.1447,0.020937119,0.20264610877403846,1.632,data/raw/audio_samples\Actor_04\03-01-08-01-02-01-04.wav,Actor_04,surprised,neutral
-317.63202,60.024662,-40.939594,-11.630322,-46.69215,-16.074299,-44.29089,-30.69941,-16.978704,-19.289356,-27.176498,-8.651078,-5.420555,1269.8778,0.02428752,0.16064453125,1.44,data/raw/audio_samples\Actor_04\03-01-08-01-02-02-04.wav,Actor_04,surprised,neutral
-268.01978,39.404182,-46.559277,-5.166385,-45.552578,-6.8619585,-36.8009,-24.088078,-6.190261,-9.951066,-10.453404,5.971163,5.8566427,1885.8107,0.0443895,0.16886239681603774,1.664,data/raw/audio_samples\Actor_04\03-01-08-02-01-01-04.wav,Actor_04,surprised,neutral
-287.209,38.67966,-41.75532,-9.65204,-41.78777,-15.337432,-45.24785,-26.161667,-7.4834514,-6.0353856,-8.938032,5.219849,-0.44979015,1573.4009,0.040176746,0.15459187825520834,1.504,data/raw/audio_samples\Actor_04\03-01-08-02-01-02-04.wav,Actor_04,surprised,neutral
-260.8638,47.71487,-39.718796,-7.0487714,-39.85974,-18.585333,-42.911274,-19.098352,-14.753593,-11.7448015,-12.703068,2.5728726,0.65346986,1532.634,0.043069106,0.17853800455729166,1.504,data/raw/audio_samples\Actor_04\03-01-08-02-02-01-04.wav,Actor_04,surprised,neutral
-236.59492,37.90477,-44.0026,-16.479364,-45.184593,-16.305836,-49.82766,-21.279028,-18.532713,-16.51023,-16.750092,0.22387683,-2.7430954,1431.7228,0.05112318,0.174892578125,1.568,data/raw/audio_samples\Actor_04\03-01-08-02-02-02-04.wav,Actor_04,surprised,neutral
-529.6165,118.58031,-0.38485202,33.40326,-3.729996,-6.272034,-14.75562,-9.343109,-9.368008,-1.2138247,-6.325525,-0.90357774,-8.672708,1102.6677,0.0034348047,0.10684742647058823,1.6,data/raw/audio_samples\Actor_05\03-01-01-01-01-01-05.wav,Actor_05,neutral,confident
-535.29224,113.10409,0.5492948,40.50387,-9.425503,-2.646801,-11.489339,-4.4032507,-6.5676017,-0.595994,-0.9830063,-0.20817845,-8.21106,1202.1522,0.0027696858,0.1143775795990566,1.664,data/raw/audio_samples\Actor_05\03-01-01-01-01-02-05.wav,Actor_05,neutral,confident
-468.48688,110.13612,-14.282036,37.258053,-15.466578,-6.6465735,-14.18838,-26.143976,-6.6898384,-3.4773836,-5.2429433,-1.7040197,-8.537424,1259.393,0.0049671973,0.12076822916666667,1.312,data/raw/audio_samples\Actor_05\03-01-01-01-02-01-05.wav,Actor_05,neutral,confident
-502.4887,114.628654,0.7210004,34.71832,-11.523362,0.13197437,-18.98722,-17.637009,-5.7372575,-4.16182,-1.148263,-2.2839108,-10.082556,1156.9454,0.003944329,0.132177734375,1.568,data/raw/audio_samples\Actor_05\03-01-01-01-02-02-05.wav,Actor_05,neutral,confident
-564.99646,111.50568,12.233152,32.535454,-7.6847873,-5.084638,-12.874194,-2.8477442,-6.8309407,-0.06450644,-4.4043226,-5.836572,-6.197354,1036.3763,0.0022730145,0.10546875,1.952,data/raw/audio_samples\Actor_05\03-01-02-01-01-01-05.wav,Actor_05,calm,confident
-599.72894,100.94462,17.362434,36.08892,-12.117974,2.9181154,-15.006318,2.4203382,-6.0061584,-0.6462826,-1.5598317,-6.725656,-5.8208747,1241.1515,0.0014495811,0.12989856350806453,1.952,data/raw/audio_samples\Actor_05\03-01-02-01-01-02-05.wav,Actor_05,calm,confident
-572.9485,100.722084,17.047104,24.85951,-10.834727,1.5984068,-17.039633,-8.45273,-2.7110589,2.1310635,-5.072443,-3.9965825,-5.6199155,1098.4706,0.002073839,0.1502352627840909,2.08,data/raw/audio_samples\Actor_05\03-01-02-01-02-01-05.wav,Actor_05,calm,confident
-529.6703,93.63378,18.901089,17.242205,-7.3260508,-1.1027111,-20.322197,-8.741832,-6.6992984,3.0916877,-7.4898243,-3.3318503,-7.791144,867.0037,0.0035144817,0.16208751166044777,2.112,data/raw/audio_samples\Actor_05\03-01-02-01-02-02-05.wav,Actor_05,calm,confident
-578.78265,83.476746,10.78548,31.178654,-5.0117865,-1.3931689,-10.682687,2.4724946,-4.8873205,6.047152,-3.5657432,-3.7797022,-2.8945408,1402.958,0.0018098768,0.1690085018382353,2.688,data/raw/audio_samples\Actor_05\03-01-02-02-01-01-05.wav,Actor_05,calm,confident
-655.0125,88.12954,22.665382,32.83247,3.706482,3.1696746,-14.556222,-0.036702946,1.6298414,5.828911,-2.2248142,-2.4213605,-3.2485688,1109.2305,0.0009778083,0.160107421875,2.208,data/raw/audio_samples\Actor_05\03-01-02-02-01-02-05.wav,Actor_05,calm,confident
-599.8851,84.55878,24.86497,32.539818,-7.389833,1.6577151,-12.502443,-3.938497,3.0803442,0.76175225,-2.6789327,-8.041327,-7.543199,1122.9749,0.0015916834,0.164678955078125,2.528,data/raw/audio_samples\Actor_05\03-01-02-02-02-01-05.wav,Actor_05,calm,confident
-631.56085,88.018936,28.298159,36.567047,-3.27739,3.9531658,-16.880806,-4.3979397,4.7085075,0.78743917,-2.3437626,-7.031104,-5.0196214,1193.2977,0.0013103082,0.15198613556338028,2.24,data/raw/audio_samples\Actor_05\03-01-02-02-02-02-05.wav,Actor_05,calm,confident
-482.6385,91.89323,-4.2568107,28.406206,-2.593702,-8.2993145,-7.2963734,-19.05863,-22.815075,7.373197,-16.696945,-3.4559472,-4.7149568,1358.0394,0.0048711826,0.1302765877016129,1.952,data/raw/audio_samples\Actor_05\03-01-03-01-01-01-05.wav,Actor_05,happy,confident
-434.84866,115.168,-15.525406,29.90774,-4.9968934,-12.348624,-8.915798,-15.938001,-15.054697,4.580034,-14.255025,-5.6525326,-6.7210827,1047.1669,0.007340664,0.09253497456395349,1.344,data/raw/audio_samples\Actor_05\03-01-03-01-01-02-05.wav,Actor_05,happy,confident
-451.87167,99.93421,4.4570622,28.261223,-7.525522,-6.995987,-17.622293,-16.17073,-13.120833,-1.6252618,-11.8257475,-6.3090134,-10.10598,978.91187,0.0056347125,0.1351651278409091,1.376,data/raw/audio_samples\Actor_05\03-01-03-01-02-01-05.wav,Actor_05,happy,confident
-406.63385,98.35493,-17.260204,15.134935,-16.93244,-14.075883,-19.081549,-22.220097,-16.258482,2.241083,-13.457858,-2.4664023,-8.214912,872.7984,0.009595893,0.16057718211206898,1.824,data/raw/audio_samples\Actor_05\03-01-03-01-02-02-05.wav,Actor_05,happy,confident
-460.4628,72.84869,-2.6350636,5.517734,-15.467589,-10.931288,-16.29402,-14.344287,-25.18756,2.3153667,-17.284195,-6.7407007,-1.8991747,1443.867,0.007002585,0.14540465448943662,2.24,data/raw/audio_samples\Actor_05\03-01-03-02-01-01-05.wav,Actor_05,happy,confident
-354.73117,81.85239,-32.340164,-0.59508085,-11.987634,-17.461843,-16.108711,-17.679764,-26.455948,9.229351,-17.055126,-1.4809163,-1.8105983,1396.316,0.018029632,0.13043975830078125,2.016,data/raw/audio_samples\Actor_05\03-01-03-02-01-02-05.wav,Actor_05,happy,confident
-374.2607,76.97862,-17.942293,7.5115457,-9.638955,-15.601815,-16.510029,-26.774042,-24.298128,6.528641,-17.524387,-6.852659,-3.816538,949.7401,0.01678851,0.169383938029661,1.856,data/raw/audio_samples\Actor_05\03-01-03-02-02-01-05.wav,Actor_05,happy,confident
-365.9591,72.60151,-14.49161,3.197778,-9.604078,-13.896843,-20.470676,-19.356792,-30.65223,3.7091653,-17.858562,-9.175311,-3.3846443,939.7361,0.01798892,0.16709183673469388,1.536,data/raw/audio_samples\Actor_05\03-01-03-02-02-02-05.wav,Actor_05,happy,confident
-571.3259,124.176216,11.791956,38.414856,-4.91143,1.7361265,-16.951284,-6.4500155,-1.1825085,-5.844966,2.30186,-7.690014,-8.360261,932.0451,0.0017140459,0.09254632994186046,1.344,data/raw/audio_samples\Actor_05\03-01-04-01-01-01-05.wav,Actor_05,sad,nervous
-571.2457,103.50673,8.387613,40.768215,-7.905475,-1.6149682,-11.723345,-5.6559567,-3.1153734,-1.3771976,-3.205269,-3.3672128,-8.171712,1268.0942,0.0015470462,0.11771937779017858,1.76,data/raw/audio_samples\Actor_05\03-01-04-01-01-02-05.wav,Actor_05,sad,nervous
-553.1768,114.84697,11.606253,37.686565,-9.266449,-2.3462346,-19.226871,-17.871063,-6.2293177,-0.85758954,-8.269947,-5.0034513,-7.7405386,1180.6622,0.0018952988,0.11298828125,1.248,data/raw/audio_samples\Actor_05\03-01-04-01-02-01-05.wav,Actor_05,sad,nervous
-567.11066,114.041,13.877221,33.15516,-10.276576,-1.8078581,-18.239822,-11.3361845,0.31126553,1.3805904,-6.374819,-5.1233335,-6.987292,1077.357,0.0017556378,0.12744968220338984,1.856,data/raw/audio_samples\Actor_05\03-01-04-01-02-02-05.wav,Actor_05,sad,nervous
-537.6922,114.74219,8.860438,29.655037,-11.201101,-8.446213,-15.547359,-7.6462584,-13.077249,-0.1611483,-12.434158,-3.3093994,-6.8974566,945.24835,0.0026353227,0.10646446078431372,1.6,data/raw/audio_samples\Actor_05\03-01-04-02-01-01-05.wav,Actor_05,sad,nervous
-555.057,107.08319,5.4129624,43.16843,-5.1148887,-11.434043,-14.001377,-5.450302,-14.502063,-1.7332016,-12.665141,-3.715842,-7.314378,1008.2633,0.0022517059,0.08291696947674419,1.344,data/raw/audio_samples\Actor_05\03-01-04-02-01-02-05.wav,Actor_05,sad,nervous
-509.87564,101.13155,-2.711052,31.77538,-9.937293,-9.201454,-20.00534,-9.220502,-15.885765,-0.9171926,-14.783063,-7.3983307,-7.739662,1167.7695,0.0035815395,0.1385986328125,1.248,data/raw/audio_samples\Actor_05\03-01-04-02-02-01-05.wav,Actor_05,sad,nervous
-516.6438,118.89272,-6.3058195,36.102413,-7.4333725,-12.946005,-19.346325,-15.510946,-15.608652,0.5166501,-10.863388,-6.262542,-9.256811,908.7212,0.0030914005,0.09615478515625,1.248,data/raw/audio_samples\Actor_05\03-01-04-02-02-02-05.wav,Actor_05,sad,nervous
-315.21863,89.35235,-35.30995,25.6404,-21.17713,-23.828478,-10.412446,-14.573586,-20.720835,1.7983539,-14.285415,-1.4366679,-9.857614,1634.6558,0.022199268,0.14290631403688525,1.92,data/raw/audio_samples\Actor_05\03-01-05-01-01-01-05.wav,Actor_05,angry,nervous
-325.7692,84.9445,-17.577526,29.597624,-14.613202,-22.58523,-7.0811167,-6.366295,-12.982467,2.287273,-8.821919,-0.07949481,-4.2968626,1595.9343,0.019393692,0.14185384114583333,1.888,data/raw/audio_samples\Actor_05\03-01-05-01-01-02-05.wav,Actor_05,angry,nervous
-449.00653,108.67484,-4.224269,26.908386,-13.033398,-12.582275,-14.33439,-18.034796,-3.7869406,0.26885712,-3.3094172,7.084335,-9.427549,1114.8866,0.00666346,0.13430023193359375,2.016,data/raw/audio_samples\Actor_05\03-01-05-01-02-01-05.wav,Actor_05,angry,nervous
-405.56677,94.10703,-10.827531,29.362158,-22.200039,-11.929912,-10.795027,-13.348088,-10.684985,-1.9126217,-4.8100295,-4.3876834,-3.1291413,1225.6262,0.010184237,0.16679812700320512,2.464,data/raw/audio_samples\Actor_05\03-01-05-01-02-02-05.wav,Actor_05,angry,nervous
-157.82976,55.59079,-40.233337,5.462603,-18.925795,-31.870148,-16.605154,-16.380545,-21.822886,4.724688,-13.362359,-3.8551736,-8.713633,1657.7781,0.087684914,0.16970264668367346,1.536,data/raw/audio_samples\Actor_05\03-01-05-02-01-01-05.wav,Actor_05,angry,nervous
-155.97905,57.359634,-28.624409,9.6469345,-22.354069,-28.076395,-19.412092,-12.789255,-21.437353,2.109803,-14.022504,-2.908128,-9.083254,1602.0542,0.08112142,0.1708697150735294,1.6,data/raw/audio_samples\Actor_05\03-01-05-02-01-02-05.wav,Actor_05,angry,nervous
-150.42093,47.02087,-31.909496,-1.8132731,-9.779263,-36.24413,-17.972038,-17.696205,-28.660385,11.170104,-6.612614,-7.1400366,-6.9641128,1571.8375,0.12499381,0.21773514093137256,1.6,data/raw/audio_samples\Actor_05\03-01-05-02-02-01-05.wav,Actor_05,angry,nervous
-132.59116,45.635784,-40.946724,-4.8876734,-15.866608,-36.752216,-11.205485,-18.695198,-34.59656,11.29031,-9.359642,-5.3572917,-3.7130961,1749.4297,0.13591078,0.21246807391826922,1.632,data/raw/audio_samples\Actor_05\03-01-05-02-02-02-05.wav,Actor_05,angry,nervous
-417.22052,91.0179,-4.8715067,21.537395,-19.326265,-21.68082,-19.607502,-7.94697,-15.586569,-9.811694,-14.096382,-13.254373,-7.2787347,1170.354,0.007812932,0.11194740853658537,1.28,data/raw/audio_samples\Actor_05\03-01-06-01-01-01-05.wav,Actor_05,fearful,nervous
-447.04544,93.19061,-2.2303705,24.658985,-12.893753,-15.774484,-17.321278,-11.792189,-11.511173,-4.3447065,-8.790454,-10.729035,-10.809771,1045.4872,0.006633669,0.10670572916666667,1.408,data/raw/audio_samples\Actor_05\03-01-06-01-01-02-05.wav,Actor_05,fearful,nervous
-441.62164,102.281075,0.10834562,31.121475,-14.9133835,-15.419194,-20.111166,-12.47632,-10.185918,-4.8987913,-10.257952,-9.18411,-11.145351,1151.3774,0.005425339,0.12494991987179487,1.216,data/raw/audio_samples\Actor_05\03-01-06-01-02-01-05.wav,Actor_05,fearful,nervous
-368.6966,96.36438,-14.675778,20.35238,-21.612091,-18.78703,-20.509851,-15.26114,-17.542377,-6.977742,-12.1364355,-7.976056,-10.0990095,1114.6307,0.012535584,0.12548828125,1.152,data/raw/audio_samples\Actor_05\03-01-06-01-02-02-05.wav,Actor_05,fearful,nervous
-233.8362,50.91205,-42.09182,-2.2086382,-23.171381,-27.222193,-31.55584,-16.478527,-27.808317,-1.6263926,-14.0164995,-10.574732,-11.3341055,1541.4396,0.04640124,0.15218098958333334,1.408,data/raw/audio_samples\Actor_05\03-01-06-02-01-01-05.wav,Actor_05,fearful,nervous
-250.06227,47.692844,-40.862946,-0.18576439,-26.600967,-25.090256,-29.324043,-13.208297,-31.522785,1.2711151,-14.756142,-8.446595,-8.175252,1467.8418,0.040308733,0.1534090909090909,1.728,data/raw/audio_samples\Actor_05\03-01-06-02-01-02-05.wav,Actor_05,fearful,nervous
-231.89473,41.933826,-43.637215,-2.7139723,-23.581278,-31.238287,-24.185593,-29.605932,-34.63506,1.6372981,-18.35784,-13.559985,-12.158541,1593.953,0.04933593,0.16666666666666666,1.216,data/raw/audio_samples\Actor_05\03-01-06-02-02-01-05.wav,Actor_05,fearful,nervous
-255.79721,49.86732,-43.950256,-8.427926,-23.128689,-20.813042,-35.001934,-18.794521,-35.961655,4.7719455,-15.3382015,-12.2003765,-9.876942,1169.1056,0.044325422,0.15451124237804878,1.28,data/raw/audio_samples\Actor_05\03-01-06-02-02-02-05.wav,Actor_05,fearful,nervous
-557.9937,76.93307,12.153782,30.090935,-10.383507,-3.5004804,-9.685968,-2.354871,-4.6665864,6.1375227,-4.3235507,-3.3480415,-1.29839,1533.8865,0.0019105964,0.17435948988970587,2.144,data/raw/audio_samples\Actor_05\03-01-07-01-01-01-05.wav,Actor_05,disgust,nervous
-500.62808,66.69914,6.099919,23.4105,-14.654138,-8.316315,-6.8013597,-2.0763717,-2.9644449,9.748324,-1.5386292,-3.878619,-1.6869987,1650.1011,0.0031031764,0.18473307291666666,2.08,data/raw/audio_samples\Actor_05\03-01-07-01-01-02-05.wav,Actor_05,disgust,nervous
-511.22458,81.42726,13.801189,25.504133,-15.557775,-2.0511832,-15.132582,-10.228641,-6.113385,8.116327,-4.3748045,-2.7257526,-1.3817519,1325.5117,0.0029789933,0.18588053385416667,1.888,data/raw/audio_samples\Actor_05\03-01-07-01-02-01-05.wav,Actor_05,disgust,nervous
-467.65656,81.97661,12.444075,20.831165,-14.549243,-1.1130074,-17.705006,-12.684301,-6.787031,2.4469714,-7.046994,-5.532395,-6.427432,1272.5867,0.0056445324,0.18070235906862744,1.6,data/raw/audio_samples\Actor_05\03-01-07-01-02-02-05.wav,Actor_05,disgust,nervous
-501.6074,82.015114,6.5405493,24.038462,-24.345963,-9.652882,-15.177387,-2.6389632,-11.087434,-2.8172598,-0.57285404,-9.809565,2.850158,1425.3456,0.0035088703,0.16485026041666667,2.368,data/raw/audio_samples\Actor_05\03-01-07-02-01-01-05.wav,Actor_05,disgust,nervous
-408.0985,75.41692,-0.40467387,19.757761,-24.779934,-16.657646,-14.954185,-8.24509,-15.480823,-8.180531,-2.6894956,-9.102032,-1.5406494,1636.0883,0.008488274,0.17031715029761904,1.984,data/raw/audio_samples\Actor_05\03-01-07-02-01-02-05.wav,Actor_05,disgust,nervous
-438.08447,79.7656,4.4072733,7.246421,-17.375238,-16.914019,-26.769978,-15.705156,-14.108085,-8.9517355,-5.75419,-3.8902023,-3.0171587,983.563,0.009009077,0.18660807291666667,2.368,data/raw/audio_samples\Actor_05\03-01-07-02-02-01-05.wav,Actor_05,disgust,nervous
-504.93103,95.55819,8.955599,11.877825,-23.368603,-9.222522,-11.060553,-2.8643863,-8.914291,-9.085902,1.2137,-2.3890932,-5.6870666,913.5746,0.0039170696,0.16954703282828282,3.136,data/raw/audio_samples\Actor_05\03-01-07-02-02-02-05.wav,Actor_05,disgust,nervous
-437.2793,92.09934,-4.3794856,17.162706,-14.468179,-14.322568,-16.933983,-9.603343,-15.840394,-2.260434,-12.830142,-4.171483,-6.9309077,1388.0719,0.007866077,0.15003704202586207,1.824,data/raw/audio_samples\Actor_05\03-01-08-01-01-01-05.wav,Actor_05,surprised,neutral
-415.2498,103.87078,-20.83682,18.459452,-23.56456,-21.81893,-14.330846,-16.37589,-18.543026,-4.4758935,-14.972136,-2.658872,-9.134086,1410.4,0.010023338,0.13298688616071427,1.76,data/raw/audio_samples\Actor_05\03-01-08-01-01-02-05.wav,Actor_05,surprised,neutral
-398.7955,106.72951,-35.50194,22.519058,-26.226446,-20.693716,-18.143011,-30.440414,-15.43557,-7.2278795,-11.645938,-2.8344452,-10.972449,1271.673,0.009031449,0.1439697265625,1.248,data/raw/audio_samples\Actor_05\03-01-08-01-02-01-05.wav,Actor_05,surprised,neutral
-423.0292,90.86954,-8.355873,16.183443,-16.183372,-13.671749,-24.685379,-19.151594,-15.8405695,-5.2617087,-14.584262,-9.782897,-9.663557,991.1431,0.011149644,0.14389734100877194,1.792,data/raw/audio_samples\Actor_05\03-01-08-01-02-02-05.wav,Actor_05,surprised,neutral
-413.30884,57.16447,6.695751,11.128439,-19.74178,-7.2783875,-19.00229,-8.976522,-16.848614,-0.3986681,-13.57914,-11.62516,-5.569775,1639.6215,0.008245018,0.1591509650735294,2.144,data/raw/audio_samples\Actor_05\03-01-08-02-01-01-05.wav,Actor_05,surprised,neutral
-385.8239,73.94294,-3.3528328,2.860088,-23.64659,-12.060501,-14.420141,-12.793782,-22.148369,3.3117027,-15.433869,-9.354304,-4.960244,1509.6528,0.011930731,0.133740234375,2.208,data/raw/audio_samples\Actor_05\03-01-08-02-01-02-05.wav,Actor_05,surprised,neutral
-362.7001,73.00129,-12.9601,7.06409,-23.098907,-19.700352,-25.044235,-22.483797,-24.23723,1.2324752,-16.905933,-9.048273,-8.862487,1109.7148,0.015978906,0.16662367334905662,1.664,data/raw/audio_samples\Actor_05\03-01-08-02-02-01-05.wav,Actor_05,surprised,neutral
-374.68567,86.18217,-12.748394,4.7838016,-24.795887,-16.287931,-19.68506,-21.652239,-24.612516,-3.2463412,-16.840572,-11.607269,-7.177292,1012.6742,0.015598633,0.14601487379807693,1.632,data/raw/audio_samples\Actor_05\03-01-08-02-02-02-05.wav,Actor_05,surprised,neutral
-515.37213,77.436874,-39.68375,12.046107,-23.600946,-26.639217,-32.89272,-20.073423,-6.7988825,-13.34941,-12.432476,-14.503327,-15.857942,1308.7549,0.0037607143,0.12069227430555556,1.408,data/raw/audio_samples\Actor_06\03-01-01-01-01-01-06.wav,Actor_06,neutral,confident
-502.68094,76.18836,-39.803574,13.293923,-26.200352,-24.4039,-26.90178,-17.464634,-1.0733831,-10.734891,-6.8355722,-14.077975,-8.303674,1300.2974,0.0041966317,0.11150316922169812,1.664,data/raw/audio_samples\Actor_06\03-01-01-01-01-02-06.wav,Actor_06,neutral,confident
-497.24658,65.69628,-31.972092,8.049216,-22.287458,-27.476923,-30.825544,-21.246395,-4.491605,-11.31366,-7.962259,-9.342341,-12.332629,1132.4781,0.004805108,0.15293375651041666,1.504,data/raw/audio_samples\Actor_06\03-01-01-01-02-01-06.wav,Actor_06,neutral,confident
-495.22134,68.43232,-36.182888,9.590523,-26.618504,-27.447731,-31.842009,-21.547104,-6.1315494,-14.724761,-7.8746967,-13.328338,-12.334985,1164.5675,0.0047335387,0.13801419005102042,1.536,data/raw/audio_samples\Actor_06\03-01-01-01-02-02-06.wav,Actor_06,neutral,confident
-586.2909,57.532097,-4.2310567,12.793532,-15.46106,-25.13848,-22.72053,-6.760699,-8.835106,-6.3610315,-15.807031,-8.823046,-9.252113,1634.326,0.0016090429,0.14498852926587302,1.984,data/raw/audio_samples\Actor_06\03-01-02-01-01-01-06.wav,Actor_06,calm,confident
-623.28253,62.639297,-10.308601,12.176101,-8.006066,-22.676872,-26.519365,-7.663162,-6.168671,-7.2564335,-13.488305,-9.353045,-6.769796,1518.0292,0.0015082232,0.12398726851851852,2.56,data/raw/audio_samples\Actor_06\03-01-02-01-01-02-06.wav,Actor_06,calm,confident
-584.0224,77.95247,-5.774991,3.7988915,-8.823366,-22.786451,-26.549913,-12.419162,-3.985909,-6.8616157,-11.27154,-9.337401,-8.259166,1175.2544,0.0024511383,0.132295067630597,2.112,data/raw/audio_samples\Actor_06\03-01-02-01-02-01-06.wav,Actor_06,calm,confident
-545.08044,79.43371,-13.924018,-5.116931,-18.043514,-34.524673,-27.840141,-10.278488,-8.829788,-13.751321,-9.294591,-10.945931,-16.35584,857.9688,0.003848538,0.1365146921641791,2.112,data/raw/audio_samples\Actor_06\03-01-02-01-02-02-06.wav,Actor_06,calm,confident
-570.681,51.27916,-10.862744,17.802708,-16.934864,-22.62199,-19.887335,-4.3601217,-11.257166,-5.3007946,-9.04495,-10.484292,-6.7357283,1681.0675,0.0019876633,0.1523980034722222,1.984,data/raw/audio_samples\Actor_06\03-01-02-02-01-01-06.wav,Actor_06,calm,confident
-589.8931,62.934654,-8.49302,10.222037,-16.886518,-19.722797,-19.467278,-4.7171025,-7.588539,-5.301301,-12.881834,-7.143524,-6.185837,1607.2212,0.0017343236,0.12862638147865854,2.592,data/raw/audio_samples\Actor_06\03-01-02-02-01-02-06.wav,Actor_06,calm,confident
-584.03186,71.1404,-2.088578,-5.241029,-16.768608,-22.508738,-27.005325,-15.436286,-8.844829,-10.447777,-13.420886,-12.448452,-12.587023,753.268,0.0027659286,0.14076356630067569,2.336,data/raw/audio_samples\Actor_06\03-01-02-02-02-01-06.wav,Actor_06,calm,confident
-617.4759,71.679695,-8.880315,-1.6147902,-17.94469,-18.912472,-22.746435,-14.556207,-9.630799,-1.8158859,-16.33862,-9.850915,-7.1934013,886.6569,0.0017623837,0.1329861111111111,2.848,data/raw/audio_samples\Actor_06\03-01-02-02-02-02-06.wav,Actor_06,calm,confident
-456.6684,73.371,-66.17978,16.925127,-37.294064,-24.966421,-31.411854,-16.234917,0.34240165,-21.964855,-6.5228143,-13.216603,-13.509538,1347.4614,0.007989107,0.11019193209134616,1.632,data/raw/audio_samples\Actor_06\03-01-03-01-01-01-06.wav,Actor_06,happy,confident
-428.56345,54.790314,-80.72962,18.114277,-43.59337,-26.691322,-31.744,-22.381845,3.2549653,-24.114283,-1.6899425,-16.561708,-20.092636,1666.8641,0.01119197,0.13942649147727273,1.728,data/raw/audio_samples\Actor_06\03-01-03-01-01-02-06.wav,Actor_06,happy,confident
-442.85046,55.135918,-62.805294,7.340882,-37.75159,-30.762566,-37.115307,-27.273731,-1.5956931,-23.737188,-6.504802,-13.189556,-21.703407,1392.186,0.007875266,0.156513671875,1.568,data/raw/audio_samples\Actor_06\03-01-03-01-02-01-06.wav,Actor_06,happy,confident
-437.06985,61.342335,-58.51005,14.076495,-35.69516,-29.356735,-30.030869,-29.053802,-0.9706246,-18.10893,-9.885083,-13.392799,-18.582563,1390.7816,0.010019082,0.153045654296875,1.504,data/raw/audio_samples\Actor_06\03-01-03-01-02-02-06.wav,Actor_06,happy,confident
-286.56967,0.18309726,-89.78154,-8.768447,-36.518528,-45.20541,-26.280712,-24.411222,6.5680923,12.660102,34.910282,38.149548,4.4057937,1767.9043,0.059557967,0.178466796875,1.632,data/raw/audio_samples\Actor_06\03-01-03-02-01-01-06.wav,Actor_06,happy,confident
-291.23874,2.2042236,-90.12475,-10.104079,-35.81405,-35.70913,-25.682718,-34.423424,-5.473351,-13.57322,12.770601,33.83082,29.88738,1833.5577,0.053612813,0.19597919170673078,1.632,data/raw/audio_samples\Actor_06\03-01-03-02-01-02-06.wav,Actor_06,happy,confident
-294.7096,-0.046394903,-97.69642,-8.130516,-42.320385,-37.039433,-31.170773,-30.398333,-2.6487763,-14.222342,18.45601,31.42442,32.974693,1762.4221,0.052519158,0.19555220170454546,1.728,data/raw/audio_samples\Actor_06\03-01-03-02-02-01-06.wav,Actor_06,happy,confident
-278.46344,8.902466,-93.97799,-7.864561,-41.53506,-39.527855,-26.973373,-29.065426,-1.3125011,-16.147701,15.81613,27.851786,32.398445,1634.7578,0.062705,0.18100766782407407,1.696,data/raw/audio_samples\Actor_06\03-01-03-02-02-02-06.wav,Actor_06,happy,confident
-592.45123,77.19069,-10.49257,10.122197,-7.749314,-21.084122,-28.69164,-11.099226,-8.036406,-5.5695577,-11.443829,-7.2887053,-11.947627,1310.1833,0.002098632,0.10881438078703703,1.696,data/raw/audio_samples\Actor_06\03-01-04-01-01-01-06.wav,Actor_06,sad,nervous
-592.8088,79.4335,-15.543078,11.81269,-14.723753,-24.806488,-25.142414,-14.248492,-10.436924,-9.513099,-11.40032,-5.4757185,-11.18377,1325.5729,0.0021593114,0.10556297971491228,1.792,data/raw/audio_samples\Actor_06\03-01-04-01-01-02-06.wav,Actor_06,sad,nervous
-535.5452,71.261406,-21.591713,1.1440916,-23.085117,-27.930407,-34.1352,-24.059397,-10.495613,-14.110019,-9.22228,-11.7544365,-17.018833,1000.0932,0.004284793,0.14269770408163265,1.536,data/raw/audio_samples\Actor_06\03-01-04-01-02-01-06.wav,Actor_06,sad,nervous
-565.02997,76.52936,-17.759445,6.884996,-15.129654,-27.486979,-31.425465,-20.09481,-9.845347,-12.079804,-9.874836,-9.025639,-15.23543,838.89417,0.003273987,0.12100758272058823,1.6,data/raw/audio_samples\Actor_06\03-01-04-01-02-02-06.wav,Actor_06,sad,nervous
-392.21783,9.204026,-64.48623,16.15307,-29.98711,-17.721973,-15.759341,-23.726734,11.150129,-16.910162,6.863741,7.74402,8.530121,2030.0829,0.019154636,0.21740885416666667,2.368,data/raw/audio_samples\Actor_06\03-01-04-02-01-01-06.wav,Actor_06,sad,nervous
-566.6941,40.233322,-29.781147,7.6035123,-28.537827,-21.865202,-26.174778,-18.561464,3.5808508,-7.552883,-3.963814,1.0328091,-1.4748539,2006.7112,0.0019697102,0.22765800280448717,2.464,data/raw/audio_samples\Actor_06\03-01-04-02-01-02-06.wav,Actor_06,sad,nervous
-372.39984,31.600506,-40.259933,5.4071546,-32.089268,-14.54907,-17.98325,-21.812801,-0.051330056,-22.667107,-7.899354,6.072268,14.385962,1895.1298,0.015954953,0.20923854880136986,2.304,data/raw/audio_samples\Actor_06\03-01-04-02-02-01-06.wav,Actor_06,sad,nervous
-451.44238,24.185604,-48.050316,8.850074,-34.500732,-32.76621,-27.512972,-27.126305,9.088671,-20.552372,-1.662416,-6.015853,-11.74338,2007.2097,0.0074007157,0.22299920944940477,2.656,data/raw/audio_samples\Actor_06\03-01-04-02-02-02-06.wav,Actor_06,sad,nervous
-444.83234,57.360725,-29.493168,6.4539456,-24.289213,-17.920567,-20.7832,-16.821743,-5.8520355,-13.13736,-8.318651,-7.450047,-14.303657,1740.1677,0.007676653,0.14966662176724138,1.824,data/raw/audio_samples\Actor_06\03-01-05-01-01-01-06.wav,Actor_06,angry,nervous
-442.04306,61.78102,-23.081846,14.794206,-23.1648,-16.010973,-20.875452,-18.08578,-3.1034505,-9.307237,-8.678419,-8.518899,-9.180859,1743.658,0.008345972,0.14925655241935484,1.952,data/raw/audio_samples\Actor_06\03-01-05-01-01-02-06.wav,Actor_06,angry,nervous
-427.96826,56.320126,-35.870407,-0.6465552,-34.022907,-25.086386,-22.601606,-22.962055,-4.3252926,-14.341686,-7.5424747,-12.256515,-11.492174,1254.1157,0.010826963,0.1774563259548611,2.272,data/raw/audio_samples\Actor_06\03-01-05-01-02-01-06.wav,Actor_06,angry,nervous
-405.65814,48.02376,-28.159452,-0.23647247,-30.19697,-22.898035,-17.05852,-24.223959,-5.4089994,-10.812567,-8.604557,-11.545587,-10.391398,1277.204,0.01463156,0.18705109627016128,1.952,data/raw/audio_samples\Actor_06\03-01-05-01-02-02-06.wav,Actor_06,angry,nervous
-194.0787,30.148094,-86.89198,-14.293357,-42.998947,-20.896563,-22.267868,-24.499916,4.8281403,1.132492,21.1314,20.76744,8.170299,1659.1906,0.1357298,0.17897329757462688,2.112,data/raw/audio_samples\Actor_06\03-01-05-02-01-01-06.wav,Actor_06,angry,nervous
-198.18648,22.594818,-76.48881,-8.906795,-38.95023,-17.78643,-19.865532,-21.537024,-3.6191874,1.2264225,17.895655,21.147463,11.887692,1758.7463,0.12280198,0.19718889508928572,2.208,data/raw/audio_samples\Actor_06\03-01-05-02-01-02-06.wav,Actor_06,angry,nervous
-236.39058,24.67158,-66.22435,-13.147348,-42.47933,-21.549839,-16.32713,-28.165638,-0.69301385,-15.164937,-3.0443313,4.5288863,13.271265,1655.6829,0.09912507,0.19857177734375,2.528,data/raw/audio_samples\Actor_06\03-01-05-02-02-01-06.wav,Actor_06,angry,nervous
-257.9222,20.98237,-65.92327,-6.608597,-41.693447,-14.134848,-17.597916,-27.605612,-6.273888,-16.066633,-0.6270166,16.49603,28.624361,1751.0033,0.09620961,0.20392232001582278,2.496,data/raw/audio_samples\Actor_06\03-01-05-02-02-02-06.wav,Actor_06,angry,nervous
-489.35065,65.49854,-25.042604,3.8401864,-14.150149,-18.356726,-22.837975,-15.832846,-9.649205,-13.4448,-12.465881,-12.886316,-12.795849,1451.0037,0.0045585795,0.12317537006578948,1.792,data/raw/audio_samples\Actor_06\03-01-06-01-01-01-06.wav,Actor_06,fearful,nervous
-469.7416,68.83841,-36.34188,10.751432,-18.36705,-21.447823,-33.24592,-17.08697,-6.1463037,-15.125405,-15.072976,-9.648533,-15.605738,1438.2377,0.004947139,0.1326880361519608,1.6,data/raw/audio_samples\Actor_06\03-01-06-01-01-02-06.wav,Actor_06,fearful,nervous
-467.91888,62.08924,-43.92591,1.6928365,-27.638628,-31.126245,-34.05387,-23.955553,-6.8150487,-21.32461,-13.93923,-18.98054,-13.869452,1106.8434,0.006644488,0.12245205965909091,1.728,data/raw/audio_samples\Actor_06\03-01-06-01-02-01-06.wav,Actor_06,fearful,nervous
-457.375,67.1855,-20.638147,3.531648,-13.343945,-27.663832,-28.127266,-17.884535,-9.561261,-13.105529,-14.06594,-17.685616,-17.178541,1185.8131,0.0062347306,0.15437057783018868,1.664,data/raw/audio_samples\Actor_06\03-01-06-01-02-02-06.wav,Actor_06,fearful,nervous
-216.15814,-10.986731,-102.47426,-27.553175,-43.807762,-39.25987,-23.375143,-20.450846,25.593674,31.010983,34.212948,14.850451,-22.23133,1779.0842,0.12666309,0.1720920138888889,1.696,data/raw/audio_samples\Actor_06\03-01-06-02-01-01-06.wav,Actor_06,fearful,nervous
-236.52007,-14.456345,-95.618515,-25.500595,-48.477146,-39.004513,-12.440954,-11.362678,36.588737,40.26755,14.983446,-3.8540227,-29.582869,1861.8843,0.11106036,0.17449079241071427,1.76,data/raw/audio_samples\Actor_06\03-01-06-02-01-02-06.wav,Actor_06,fearful,nervous
-238.97974,2.6083984,-88.34415,-25.595171,-46.118965,-43.725883,-23.773493,-25.946024,14.979927,11.315793,21.843237,17.686125,-5.075083,1743.8247,0.07974335,0.18339512711864406,1.856,data/raw/audio_samples\Actor_06\03-01-06-02-02-01-06.wav,Actor_06,fearful,nervous
-196.6152,7.23647,-96.96243,-37.856716,-40.732216,-40.430958,-4.717088,0.06689798,31.362795,22.344606,1.7776811,-5.6651893,-23.191166,1638.3478,0.15039273,0.18098958333333334,1.888,data/raw/audio_samples\Actor_06\03-01-06-02-02-02-06.wav,Actor_06,fearful,nervous
-566.58246,61.409966,-9.50317,3.7011168,-19.32619,-18.341297,-26.271349,-9.841549,-11.325821,-5.8070297,-10.822878,-10.2825775,-10.567787,1747.3783,0.00173192,0.17558458116319445,2.272,data/raw/audio_samples\Actor_06\03-01-07-01-01-01-06.wav,Actor_06,disgust,nervous
-572.4997,52.58519,1.1394086,9.813199,-14.852876,-10.004702,-23.349867,-7.7696404,-3.787246,-8.164609,-5.3235183,-6.095239,-8.467367,1799.8678,0.0014747654,0.19360026041666667,2.368,data/raw/audio_samples\Actor_06\03-01-07-01-01-02-06.wav,Actor_06,disgust,nervous
-577.2391,63.368736,1.4159173,-11.716379,-7.7770557,-25.29946,-32.22928,-6.885471,-8.733046,-9.241651,-8.561775,-9.96178,-10.422634,808.75134,0.002475404,0.19141466864224138,1.824,data/raw/audio_samples\Actor_06\03-01-07-01-02-01-06.wav,Actor_06,disgust,nervous
-579.2536,60.532547,-1.5204908,-3.898879,-8.939567,-24.89183,-30.294964,-5.456967,-11.74658,-15.637835,-5.435196,-8.783612,-9.831628,1184.0663,0.0020765513,0.20174278846153845,2.048,data/raw/audio_samples\Actor_06\03-01-07-01-02-02-06.wav,Actor_06,disgust,nervous
-421.17462,30.457886,-28.064083,-0.14436853,-37.410378,-26.87321,-16.140593,-17.082392,-10.822339,-12.138501,-14.358916,-15.375979,-6.536063,1997.7488,0.011970854,0.18752639358108109,2.336,data/raw/audio_samples\Actor_06\03-01-07-02-01-01-06.wav,Actor_06,disgust,nervous
-479.49762,55.441944,-44.637676,-0.86609113,-36.108833,-27.620586,-25.475992,-14.241074,-7.107842,-12.0710745,-5.9341264,-16.397034,-4.4658766,1600.3699,0.006537243,0.13980865478515625,2.016,data/raw/audio_samples\Actor_06\03-01-07-02-01-02-06.wav,Actor_06,disgust,nervous
-437.91034,63.610157,-28.094587,-3.1234133,-23.026052,-32.597942,-19.715757,-12.631717,-11.036034,-16.927872,-3.9175327,-15.511796,-13.837422,1288.4169,0.009715657,0.18094200721153847,2.048,data/raw/audio_samples\Actor_06\03-01-07-02-02-01-06.wav,Actor_06,disgust,nervous
-491.1825,67.01718,-15.980978,-6.2359977,-22.191177,-27.066462,-17.796833,-8.007745,-5.637634,-3.0393844,-0.28469133,-4.331668,-5.0914598,1328.2474,0.0068935407,0.19414520263671875,2.016,data/raw/audio_samples\Actor_06\03-01-07-02-02-02-06.wav,Actor_06,disgust,nervous
-505.02634,84.886665,-40.160347,2.502137,-25.940128,-25.093964,-32.728786,-15.217474,-5.9330564,-14.475865,-11.534844,-13.455105,-16.738232,1158.7946,0.004318517,0.1173805414244186,1.344,data/raw/audio_samples\Actor_06\03-01-08-01-01-01-06.wav,Actor_06,surprised,neutral
-483.00217,83.58861,-46.12222,3.4800372,-30.357288,-25.3603,-38.061954,-21.757061,-4.6436024,-22.695768,-8.978203,-16.038284,-18.639997,1186.478,0.005532298,0.11730105377906977,1.344,data/raw/audio_samples\Actor_06\03-01-08-01-01-02-06.wav,Actor_06,surprised,neutral
-462.9017,79.62898,-41.11845,-9.249315,-34.28254,-36.046906,-40.135357,-21.619297,-7.7684507,-22.162964,-11.392833,-22.547104,-22.57704,948.0672,0.006032517,0.16159784226190477,1.312,data/raw/audio_samples\Actor_06\03-01-08-01-02-01-06.wav,Actor_06,surprised,neutral
-481.3438,85.074036,-24.694698,-8.795609,-27.350864,-35.051815,-36.607216,-15.830733,-10.050497,-16.929245,-11.361163,-16.02757,-16.806812,855.4683,0.0055711204,0.14017159598214285,1.312,data/raw/audio_samples\Actor_06\03-01-08-01-02-02-06.wav,Actor_06,surprised,neutral
-483.58743,87.242294,-38.859623,4.850761,-27.912428,-27.05833,-34.198322,-10.67027,-6.8721647,-18.225567,-10.179267,-16.946041,-18.381653,1209.1605,0.0049326443,0.12063876065340909,1.376,data/raw/audio_samples\Actor_06\03-01-08-02-01-01-06.wav,Actor_06,surprised,neutral
-362.99396,54.004948,-67.2667,-15.045298,-43.761654,-28.993494,-33.559147,-28.391397,-8.719934,-18.293255,-10.385583,-11.880341,-11.879438,1530.7704,0.017047,0.146728515625,1.44,data/raw/audio_samples\Actor_06\03-01-08-02-01-02-06.wav,Actor_06,surprised,neutral
-369.71378,49.927765,-59.653362,-4.9265428,-37.211372,-31.70584,-39.982826,-24.968538,-10.364765,-23.146866,-7.925469,-13.972566,-11.210845,1250.1799,0.01674339,0.17488960597826086,1.44,data/raw/audio_samples\Actor_06\03-01-08-02-02-01-06.wav,Actor_06,surprised,neutral
-370.3429,63.14546,-53.95493,-12.54613,-32.796604,-31.059393,-33.96669,-28.730711,-8.170285,-20.801504,-13.276786,-10.910363,-8.849407,1085.8365,0.017639466,0.1654052734375,1.376,data/raw/audio_samples\Actor_06\03-01-08-02-02-02-06.wav,Actor_06,surprised,neutral
-479.4182,97.91781,-2.404079,32.187004,-6.7871833,-15.691365,-22.634686,-0.8638115,-10.040186,-8.417404,-3.0970178,0.56260204,-13.465866,1406.3805,0.005190248,0.1111297607421875,2.016,data/raw/audio_samples\Actor_07\03-01-01-01-01-01-07.wav,Actor_07,neutral,confident
-473.42642,103.37291,-2.4511473,29.438698,-6.733139,-13.377964,-22.535608,-1.512968,-7.4819894,-9.30675,-0.87590784,1.5907171,-11.952573,1352.0667,0.005690889,0.10472819010416666,1.888,data/raw/audio_samples\Actor_07\03-01-01-01-01-02-07.wav,Actor_07,neutral,confident
-459.80316,92.27413,-5.0425878,24.088346,-2.9059134,-17.650251,-28.76764,-7.38139,-12.143142,-11.028408,-6.177104,-1.48027,-16.154833,1134.0385,0.0065212,0.14886277721774194,1.952,data/raw/audio_samples\Actor_07\03-01-01-01-02-01-07.wav,Actor_07,neutral,confident
-482.64645,103.73186,5.0514827,23.463537,-5.121973,-13.105971,-23.909595,2.9131994,-12.305307,-4.838392,-0.19731362,-0.79845864,-8.029537,955.33765,0.004753711,0.13983254354508196,1.92,data/raw/audio_samples\Actor_07\03-01-01-01-02-02-07.wav,Actor_07,neutral,confident
-505.86078,117.81549,-10.411782,29.271008,0.33186722,-16.04322,-23.287542,-1.5078273,-5.5802307,-9.386898,2.1549444,1.0214939,-10.976383,1241.4282,0.003982432,0.100009765625,1.568,data/raw/audio_samples\Actor_07\03-01-02-01-01-01-07.wav,Actor_07,calm,confident
-515.3074,119.639015,-11.394347,25.781256,-1.3925455,-11.250774,-22.718384,-1.0290134,-4.439565,-7.71343,-0.93150747,2.1252522,-13.071015,1267.4702,0.0032784836,0.10704495614035088,1.792,data/raw/audio_samples\Actor_07\03-01-02-01-01-02-07.wav,Actor_07,calm,confident
-504.7144,111.606636,-1.616665,24.610489,6.768046,-6.0255275,-22.462185,-4.717031,-3.0122437,-3.8368497,-1.1779233,7.438705,-7.8671813,1017.62006,0.0037096199,0.13817455150462962,1.696,data/raw/audio_samples\Actor_07\03-01-02-01-02-01-07.wav,Actor_07,calm,confident
-489.4607,111.16378,-18.23355,23.713749,-0.71041393,-12.219789,-29.395895,-12.204006,-6.0845256,-14.062256,-2.3157282,1.268849,-14.70139,1092.0227,0.004124967,0.13869030070754718,1.664,data/raw/audio_samples\Actor_07\03-01-02-01-02-02-07.wav,Actor_07,calm,confident
-545.7356,87.00018,-2.4692247,33.789494,6.404363,-14.337971,-19.450811,7.8825336,-5.352626,1.5296775,-2.7415423,1.7606848,-6.13076,1502.6824,0.0024697266,0.10008155906593406,2.88,data/raw/audio_samples\Actor_07\03-01-02-02-01-01-07.wav,Actor_07,calm,confident
-528.25024,116.208145,-2.793017,26.7553,-9.792595,-8.494562,-25.619478,-7.0515656,-6.7444243,-12.003192,-3.6963677,-0.844056,-10.155574,1176.4977,0.0036507156,0.08688256048387097,1.952,data/raw/audio_samples\Actor_07\03-01-02-02-01-02-07.wav,Actor_07,calm,confident
-517.14087,93.38783,6.695011,26.607248,-0.21356867,-12.202667,-18.775343,-6.269621,-9.161717,-6.1893506,-5.696221,0.6868443,-10.136307,792.16724,0.0040638954,0.12260803995253164,2.496,data/raw/audio_samples\Actor_07\03-01-02-02-02-01-07.wav,Actor_07,calm,confident
-535.1238,107.53342,3.220028,30.444511,-3.6844609,-8.935242,-21.958376,0.52652067,-5.84782,-2.5614197,-4.1021214,5.9468923,-7.0792956,1006.31976,0.00319185,0.1091648536392405,2.496,data/raw/audio_samples\Actor_07\03-01-02-02-02-02-07.wav,Actor_07,calm,confident
-471.15192,99.243614,-17.672655,35.70938,-7.491597,-10.695669,-20.683708,-5.2392917,1.6597391,-7.971476,-2.2597334,5.0737944,-13.708542,1432.226,0.004196074,0.12151754127358491,1.664,data/raw/audio_samples\Actor_07\03-01-03-01-01-01-07.wav,Actor_07,happy,confident
-429.33316,103.18401,-20.384668,35.601112,-13.110904,-12.896869,-22.139881,-3.8130832,-9.045797,-14.547176,-3.0122192,-0.7648964,-11.666678,1172.6555,0.0077091097,0.099326171875,1.568,data/raw/audio_samples\Actor_07\03-01-03-01-01-02-07.wav,Actor_07,happy,confident
-409.8853,98.844536,-21.66872,21.67275,-16.420725,-20.892075,-29.327208,-13.42636,-5.8209133,-15.709092,-3.5661764,0.5357027,-14.711717,1071.1167,0.009289077,0.13005942486702127,1.472,data/raw/audio_samples\Actor_07\03-01-03-01-02-01-07.wav,Actor_07,happy,confident
-409.8853,98.844536,-21.66872,21.67275,-16.420725,-20.892075,-29.327208,-13.42636,-5.8209133,-15.709092,-3.5661764,0.5357027,-14.711717,1071.1167,0.009289077,0.13005942486702127,1.472,data/raw/audio_samples\Actor_07\03-01-03-01-02-02-07.wav,Actor_07,happy,confident
-292.97797,73.763664,-30.308363,22.645601,-16.033386,-30.949049,-16.75956,-19.004164,-8.601909,-8.061729,-10.452008,2.682752,-17.242918,1438.9318,0.029770052,0.12420035099637682,2.176,data/raw/audio_samples\Actor_07\03-01-03-02-01-01-07.wav,Actor_07,happy,confident
-271.7741,71.09942,-23.040672,18.785587,-17.001652,-30.867641,-14.393143,-13.191742,-10.633857,-10.55022,-12.19332,-2.19443,-14.984905,1447.3744,0.034860797,0.13682972301136365,2.08,data/raw/audio_samples\Actor_07\03-01-03-02-01-02-07.wav,Actor_07,happy,confident
-347.9809,74.67752,-38.79332,23.830639,-16.12048,-24.959795,-17.835934,-21.828327,-1.8529158,-12.281449,-10.395376,0.57575953,-14.925899,1420.7112,0.021791615,0.14653669084821427,2.656,data/raw/audio_samples\Actor_07\03-01-03-02-02-01-07.wav,Actor_07,happy,confident
-271.30096,58.982952,-29.241724,11.297447,-11.397804,-37.154522,-20.468363,-16.688974,-13.896815,-10.064259,-20.042873,2.2566695,-22.173317,1331.5228,0.042563528,0.17885044642857142,1.984,data/raw/audio_samples\Actor_07\03-01-03-02-02-02-07.wav,Actor_07,happy,confident
-532.6206,104.91681,-6.964329,25.557549,-5.591116,-9.003852,-20.226273,-16.194735,-11.250863,-12.062313,-12.022033,0.17453377,-10.836317,1255.4518,0.0034392765,0.09532973345588236,1.6,data/raw/audio_samples\Actor_07\03-01-04-01-01-01-07.wav,Actor_07,sad,nervous
-515.19525,116.08181,-6.114596,37.590927,-5.4129944,-7.934249,-16.237246,-17.069767,-6.644543,-12.021201,-3.2355697,4.709581,-13.414007,1227.9799,0.0038100448,0.09451593137254902,1.6,data/raw/audio_samples\Actor_07\03-01-04-01-01-02-07.wav,Actor_07,sad,nervous
-510.2619,111.47677,1.0731119,21.037273,-5.4941845,-8.27101,-26.89207,-18.384037,-7.41626,-13.069783,-10.150701,3.227281,-17.063036,945.1621,0.0036893364,0.12779822716346154,1.632,data/raw/audio_samples\Actor_07\03-01-04-01-02-01-07.wav,Actor_07,sad,nervous
-432.77087,97.573944,-15.237568,29.244999,-17.540136,-15.812775,-21.664766,-23.264196,-9.207702,-12.579738,-1.6480168,1.7973874,-20.630432,1213.4296,0.0076141926,0.14554595947265625,2.016,data/raw/audio_samples\Actor_07\03-01-04-01-02-02-07.wav,Actor_07,sad,nervous
-455.39633,102.038445,-18.95114,30.016092,-12.674517,-38.93626,-14.759519,-27.13158,-18.957031,-13.273975,-13.839606,-2.6192572,-20.928045,1190.985,0.007389442,0.1122314453125,1.888,data/raw/audio_samples\Actor_07\03-01-04-02-01-01-07.wav,Actor_07,sad,nervous
-462.0321,92.43521,-13.532671,26.752373,-8.79634,-30.680416,-15.695399,-20.338757,-11.942766,-9.124535,-18.727463,1.7655337,-16.42733,1417.2142,0.007699173,0.1133575439453125,2.016,data/raw/audio_samples\Actor_07\03-01-04-02-01-02-07.wav,Actor_07,sad,nervous
-488.07855,65.890396,-0.8237971,14.198578,1.1672056,-16.785482,-21.051744,-14.033132,-14.704882,-10.894154,-12.013238,2.1259508,-13.499886,1133.9735,0.009040261,0.15494791666666666,2.677,data/raw/audio_samples\Actor_07\03-01-04-02-02-01-07.wav,Actor_07,sad,nervous
-424.27438,85.9476,-14.303945,23.084238,-2.983172,-35.97697,-21.06327,-28.272839,-19.125603,-8.6223955,-20.975471,2.2254705,-20.713253,1169.0042,0.010378131,0.15889616935483872,1.952,data/raw/audio_samples\Actor_07\03-01-04-02-02-02-07.wav,Actor_07,sad,nervous
-298.5687,72.16207,-24.124807,30.986115,-23.52234,-10.501915,-16.516108,-20.767332,-2.963767,-5.564925,-10.990971,11.989356,-20.413628,1731.063,0.026390763,0.1340060763888889,1.984,data/raw/audio_samples\Actor_07\03-01-05-01-01-01-07.wav,Actor_07,angry,nervous
-236.70366,57.799324,-31.330217,28.333467,-24.690401,-21.839987,-11.876379,-15.385799,-1.9846151,-7.3113656,-8.982628,6.0410256,-18.22882,1614.534,0.058185972,0.14306640625,2.016,data/raw/audio_samples\Actor_07\03-01-05-01-01-02-07.wav,Actor_07,angry,nervous
-421.6936,82.34232,-1.6324335,29.672,-12.504554,-9.543673,-18.615364,-17.188671,-3.990984,-8.862981,-6.1239867,10.811206,-17.734985,1478.1146,0.008469349,0.17675041429924243,2.08,data/raw/audio_samples\Actor_07\03-01-05-01-02-01-07.wav,Actor_07,angry,nervous
-330.77466,75.1667,-7.9482937,27.999054,-25.45489,-14.202598,-22.5188,-14.315791,-7.5853777,-10.338152,-3.3317719,1.3504918,-16.729736,1594.2229,0.020983892,0.1604717548076923,2.048,data/raw/audio_samples\Actor_07\03-01-05-01-02-02-07.wav,Actor_07,angry,nervous
-212.93991,68.910164,-23.729103,32.288017,-13.336155,-26.669891,-5.7786694,-14.225429,-4.2611094,-3.8286307,-9.985657,7.8602624,-14.990443,1686.8379,0.05125957,0.14732008713942307,1.632,data/raw/audio_samples\Actor_07\03-01-05-02-01-01-07.wav,Actor_07,angry,nervous
-188.82277,48.07245,-28.717333,30.2681,-21.21043,-29.40268,-0.71647465,-14.5788,-4.2702074,-5.4970217,-9.383156,4.2765036,-13.062355,1865.3335,0.08991015,0.1688690185546875,2.016,data/raw/audio_samples\Actor_07\03-01-05-02-01-02-07.wav,Actor_07,angry,nervous
-144.63611,26.438887,-49.71224,14.746972,-31.115486,-28.952719,-14.373627,-32.058887,-4.396078,-11.13537,-13.331969,-0.8381069,-13.515195,2057.9722,0.14349511,0.22617524245689655,1.824,data/raw/audio_samples\Actor_07\03-01-05-02-02-01-07.wav,Actor_07,angry,nervous
-192.11996,34.141415,-39.38711,19.665192,-21.199116,-25.432571,-10.378737,-28.594574,-4.2407975,-5.455184,-18.71084,1.8306223,-13.156383,1994.8572,0.10664233,0.20389973958333332,2.368,data/raw/audio_samples\Actor_07\03-01-05-02-02-02-07.wav,Actor_07,angry,nervous
-531.6525,68.92839,-10.311271,20.56326,-5.305148,-10.497543,-21.058264,-18.221823,-5.050397,-6.9268203,-11.49175,3.1848485,-9.860724,1442.6903,0.005546137,0.09441708846830986,2.24,data/raw/audio_samples\Actor_07\03-01-06-01-01-01-07.wav,Actor_07,fearful,nervous
-436.8158,79.43458,-21.423141,18.166168,-15.790768,-29.311205,-26.597118,-26.613518,-13.092522,-13.091633,-16.452703,-4.7620025,-26.598858,1256.387,0.009924032,0.09515505420918367,1.536,data/raw/audio_samples\Actor_07\03-01-06-01-01-02-07.wav,Actor_07,fearful,nervous
-446.97217,85.879745,-8.69977,22.563808,-8.877092,-26.504274,-27.207916,-19.034573,-19.416708,-6.870071,-11.23761,-2.028571,-18.916668,980.2118,0.009023214,0.11831353635204081,1.536,data/raw/audio_samples\Actor_07\03-01-06-01-02-01-07.wav,Actor_07,fearful,nervous
-446.7066,76.38923,-5.6592193,14.112621,-16.444977,-23.478119,-33.397594,-21.196083,-20.921644,-16.92529,-9.487541,-8.374523,-15.411035,657.51697,0.008447313,0.13497340425531915,1.472,data/raw/audio_samples\Actor_07\03-01-06-01-02-02-07.wav,Actor_07,fearful,nervous
-279.7253,50.402363,-43.789833,7.5114055,-32.688572,-38.328415,-27.554342,-25.902792,-24.791697,-16.639568,-11.081465,-4.806588,-10.747834,1479.5269,0.040404662,0.13870872641509435,1.664,data/raw/audio_samples\Actor_07\03-01-06-02-01-01-07.wav,Actor_07,fearful,nervous
-329.96942,54.722656,-30.14385,8.70417,-34.80902,-36.249054,-11.563939,-18.89375,-24.74978,-7.1217136,-22.260809,-6.4284186,-8.190309,1318.0197,0.028780995,0.119677734375,1.568,data/raw/audio_samples\Actor_07\03-01-06-02-01-02-07.wav,Actor_07,fearful,nervous
-211.82103,36.993473,-44.72623,8.753573,-34.818527,-40.985012,-33.77193,-28.950037,-21.557348,-16.599653,-9.879936,-7.4504128,-17.155584,1627.2037,0.06293101,0.181610107421875,1.504,data/raw/audio_samples\Actor_07\03-01-06-02-02-01-07.wav,Actor_07,fearful,nervous
-237.63185,36.043514,-46.228172,1.062332,-38.133873,-35.55333,-33.61705,-27.370312,-16.08525,-15.994094,-7.0277476,-8.575997,-9.588424,1507.9844,0.06484893,0.16927734375,1.568,data/raw/audio_samples\Actor_07\03-01-06-02-02-02-07.wav,Actor_07,fearful,nervous
-462.06894,89.66793,5.802892,25.502092,-15.418941,-21.46572,-16.490524,-2.9961548,-13.257144,-3.6216583,-6.7508926,-3.6566718,-4.5619035,1451.1163,0.004620318,0.12645526960784315,1.6,data/raw/audio_samples\Actor_07\03-01-07-01-01-01-07.wav,Actor_07,disgust,nervous
-452.28445,88.01447,-1.3675362,28.90843,-16.85883,-23.596407,-15.719613,-2.2629874,-11.992322,-4.6360574,-7.306568,-2.8326209,-9.648143,1468.0065,0.0054553784,0.1300359987745098,1.6,data/raw/audio_samples\Actor_07\03-01-07-01-01-02-07.wav,Actor_07,disgust,nervous
-502.39545,103.58788,7.44076,21.600193,0.35619736,-15.699824,-24.025915,-1.6743406,-10.27347,-5.593229,-4.9359603,1.8660824,-7.851077,956.7508,0.003541819,0.15073529411764705,1.6,data/raw/audio_samples\Actor_07\03-01-07-01-02-01-07.wav,Actor_07,disgust,nervous
-442.36685,79.50684,4.7327223,26.411182,-18.333874,-25.77883,-13.495007,-8.175751,-20.74493,-6.3895755,-10.523845,-2.4296486,-8.256198,1298.9705,0.0059901695,0.18084247295673078,1.632,data/raw/audio_samples\Actor_07\03-01-07-01-02-02-07.wav,Actor_07,disgust,nervous
-346.99844,71.53537,0.3396213,30.521725,-33.465515,-22.165895,-1.1415489,-15.153465,-19.116682,-1.3640745,-14.986961,-0.47619492,-12.195315,1607.294,0.01669959,0.1345887115036232,2.176,data/raw/audio_samples\Actor_07\03-01-07-02-01-01-07.wav,Actor_07,disgust,nervous
-405.72253,72.33695,10.667932,34.707138,-14.925555,-18.920116,-0.19324046,-1.3772821,-15.072632,5.678898,-9.572654,0.7847544,-2.273708,1667.5444,0.009585667,0.12619500411184212,2.4,data/raw/audio_samples\Actor_07\03-01-07-02-01-02-07.wav,Actor_07,disgust,nervous
-416.79544,78.24841,14.952327,28.924965,-20.315826,-23.407356,-6.987947,-6.666216,-20.781548,-0.9230223,-12.575614,-5.091991,-7.610802,1528.8888,0.009910698,0.17188197544642858,2.208,data/raw/audio_samples\Actor_07\03-01-07-02-02-01-07.wav,Actor_07,disgust,nervous
-429.21368,70.23138,17.513353,20.129278,-18.435263,-21.017988,-7.1380496,-11.61688,-21.51006,-1.4425213,-13.229568,-1.5513306,-9.373089,1447.6815,0.010342346,0.16752339457417584,2.88,data/raw/audio_samples\Actor_07\03-01-07-02-02-02-07.wav,Actor_07,disgust,nervous
-410.37064,99.681755,-6.9691486,29.736382,-16.84691,-17.659475,-24.267225,-9.189143,-7.607353,-15.570249,-6.166681,-6.3938904,-15.813853,1223.3187,0.009180662,0.10313924153645833,1.504,data/raw/audio_samples\Actor_07\03-01-08-01-01-01-07.wav,Actor_07,surprised,neutral
-396.21722,94.87898,0.8081969,26.829247,-19.634594,-21.020323,-17.638206,-4.8396564,-13.536602,-10.0745325,-6.0650764,-5.0217566,-9.583688,1277.0709,0.010326462,0.11131873497596154,1.632,data/raw/audio_samples\Actor_07\03-01-08-01-01-02-07.wav,Actor_07,surprised,neutral
-414.5859,101.04349,-0.015359934,25.482143,-18.83487,-20.328775,-23.631098,-5.856696,-11.5344,-11.923209,-1.8676447,-1.2757391,-15.614051,1028.5729,0.008899373,0.14725988051470587,1.6,data/raw/audio_samples\Actor_07\03-01-08-01-02-01-07.wav,Actor_07,surprised,neutral
-406.00555,101.28288,-5.422516,32.923077,-20.907713,-19.926073,-23.592924,-10.597482,-10.604354,-15.482406,-2.3000965,-3.2983766,-14.811193,1045.8905,0.010043226,0.134296875,1.568,data/raw/audio_samples\Actor_07\03-01-08-01-02-02-07.wav,Actor_07,surprised,neutral
-319.38028,72.05325,-6.170116,14.331816,-16.515175,-19.769606,-17.660158,-12.313328,-10.605302,-8.511737,-12.838154,-4.1063232,-18.194387,1290.6448,0.025066467,0.1223264600409836,1.92,data/raw/audio_samples\Actor_07\03-01-08-02-01-01-07.wav,Actor_07,surprised,neutral
-380.8539,82.61109,2.4893453,26.44155,-16.599257,-22.949621,-17.847616,-10.31017,-13.292977,-10.644227,-8.676189,-6.0986147,-13.567544,1384.9124,0.0121116955,0.10991753472222222,1.696,data/raw/audio_samples\Actor_07\03-01-08-02-01-02-07.wav,Actor_07,surprised,neutral
-305.00412,69.91947,-8.55109,14.655646,-23.118464,-24.381853,-26.445131,-15.623662,-16.315546,-18.630976,-10.546475,-11.256542,-16.699614,1046.624,0.026031923,0.14318598533163265,1.536,data/raw/audio_samples\Actor_07\03-01-08-02-02-01-07.wav,Actor_07,surprised,neutral
-355.2944,81.62844,1.0417439,21.587383,-24.754097,-23.589716,-22.84389,-11.458967,-15.065943,-15.555716,-5.3682847,-6.267038,-18.925972,1003.73846,0.017537223,0.142919921875,1.568,data/raw/audio_samples\Actor_07\03-01-08-02-02-02-07.wav,Actor_07,surprised,neutral
-474.9908,86.30385,-17.904217,26.944126,-28.810287,1.6500015,-31.364769,-14.23132,-13.547407,-4.229228,-16.598381,-3.875567,-4.0827556,1120.4783,0.0057204203,0.10436751994680851,1.472,data/raw/audio_samples\Actor_08\03-01-01-01-01-01-08.wav,Actor_08,neutral,confident
-490.91577,88.31159,-18.237814,28.848621,-26.963545,1.3672127,-25.133352,-13.061195,-12.636803,-5.0242786,-12.902724,-4.367128,-5.8061953,1219.8362,0.0055146464,0.10515227141203703,1.696,data/raw/audio_samples\Actor_08\03-01-01-01-01-02-08.wav,Actor_08,neutral,confident
-477.94513,85.870964,-11.316732,21.400425,-23.606447,-3.1081402,-29.973024,-18.446661,-15.490587,-6.591204,-15.805814,-4.7209864,-11.689059,945.2109,0.0065051834,0.124443359375,1.568,data/raw/audio_samples\Actor_08\03-01-01-01-02-01-08.wav,Actor_08,neutral,confident
-472.69333,88.115005,-11.337552,21.172548,-22.124437,-2.851407,-28.49419,-17.116085,-14.394426,-1.9745727,-11.956087,-0.8115807,-11.864993,948.0141,0.006207293,0.11618104272959184,1.536,data/raw/audio_samples\Actor_08\03-01-01-01-02-02-08.wav,Actor_08,neutral,confident
-516.2403,95.3616,-9.328633,25.435638,-19.471012,0.3236694,-22.937601,-15.752675,-12.443176,-4.742902,-17.21629,-5.2075176,-9.667559,1118.4794,0.0037820756,0.10607192095588236,1.6,data/raw/audio_samples\Actor_08\03-01-02-01-01-01-08.wav,Actor_08,calm,confident
-521.9978,87.28774,-8.712784,20.050598,-16.743505,2.1798022,-22.513891,-12.602234,-10.950417,-5.2662334,-21.1129,-1.4800156,-8.610739,1107.2147,0.0036796494,0.11733610733695653,1.44,data/raw/audio_samples\Actor_08\03-01-02-01-01-02-08.wav,Actor_08,calm,confident
-506.4621,78.52583,7.203197,19.6852,-14.437404,4.176917,-26.656122,-16.507586,-9.002692,-5.043486,-17.250145,0.19951352,-10.153957,1065.104,0.0042326655,0.1414453125,1.568,data/raw/audio_samples\Actor_08\03-01-02-01-02-01-08.wav,Actor_08,calm,confident
-526.83496,81.484856,-7.45979,27.513865,-19.177725,0.88159734,-26.164068,-15.0241375,-11.431298,-2.5301464,-18.359293,-0.41029692,-8.480514,976.1327,0.003805373,0.11575255102040816,1.536,data/raw/audio_samples\Actor_08\03-01-02-01-02-02-08.wav,Actor_08,calm,confident
-535.392,87.19148,-6.6743774,25.990223,-15.618503,0.094820835,-14.516975,-13.984746,-10.8358965,-3.2160752,-20.48226,-3.3333178,-7.96602,1404.7462,0.0029036175,0.13130326704545456,1.728,data/raw/audio_samples\Actor_08\03-01-02-02-01-01-08.wav,Actor_08,calm,confident
-545.1376,81.52851,-3.3354158,19.997646,-14.991422,4.5704775,-15.608485,-13.364918,-11.314156,-4.261423,-20.465067,-6.7588944,-9.416847,1567.64,0.0029354095,0.11396815413135593,1.856,data/raw/audio_samples\Actor_08\03-01-02-02-01-02-08.wav,Actor_08,calm,confident
-544.63947,79.26843,5.6476326,19.687897,-11.772307,5.441895,-17.815237,-15.906947,-12.64652,-4.6259866,-18.013325,-4.5619693,-9.267535,883.92065,0.0031238128,0.12987409319196427,1.76,data/raw/audio_samples\Actor_08\03-01-02-02-02-01-08.wav,Actor_08,calm,confident
-538.94275,74.1686,-2.4293485,19.621914,-14.363565,3.4101186,-21.568514,-9.258816,-10.455656,-5.690591,-21.542261,-5.283959,-7.80611,1110.3298,0.003388917,0.15479357489224138,1.824,data/raw/audio_samples\Actor_08\03-01-02-02-02-02-08.wav,Actor_08,calm,confident
-423.3842,88.33051,-41.28371,25.32421,-25.211227,-4.425154,-26.79846,-10.788308,-10.257839,-7.081301,-14.496676,-7.2828774,-6.9585915,1164.0748,0.00832835,0.117919921875,1.504,data/raw/audio_samples\Actor_08\03-01-03-01-01-01-08.wav,Actor_08,happy,confident
-428.1857,83.144,-37.16709,28.709057,-21.612238,-11.03734,-25.800257,-11.42521,-11.474228,-6.651076,-15.3582735,-7.1593738,-6.616415,1196.7234,0.008641984,0.10020154587765957,1.472,data/raw/audio_samples\Actor_08\03-01-03-01-01-02-08.wav,Actor_08,happy,confident
-440.68707,88.25957,-26.764698,27.84846,-21.33531,-10.717931,-28.77287,-17.45006,-13.087531,-12.972456,-14.126558,-9.2330885,-5.297251,989.1846,0.008426816,0.10692362882653061,1.536,data/raw/audio_samples\Actor_08\03-01-03-01-02-01-08.wav,Actor_08,happy,confident
-411.64166,76.70483,-34.511932,23.046558,-21.635004,-15.930894,-33.52385,-16.472528,-15.520344,-11.190336,-10.120497,-8.139366,-6.857651,1072.9763,0.010783016,0.12092752659574468,1.472,data/raw/audio_samples\Actor_08\03-01-03-01-02-02-08.wav,Actor_08,happy,confident
-347.31406,70.57449,-53.128284,24.463787,-31.224096,-9.329329,-21.422304,-12.713566,-13.5727,-16.365864,-9.692721,-9.702226,-6.2635093,1328.6268,0.024335396,0.09347361438679246,1.664,data/raw/audio_samples\Actor_08\03-01-03-02-01-01-08.wav,Actor_08,happy,confident
-355.45322,65.602516,-45.6223,27.53517,-27.64049,-2.2529752,-14.383301,-10.149442,-12.086312,-13.664786,-8.821704,-9.536084,-3.1104038,1332.445,0.022388477,0.09289336622807018,1.792,data/raw/audio_samples\Actor_08\03-01-03-02-01-02-08.wav,Actor_08,happy,confident
-342.51474,53.651203,-54.552692,23.29059,-31.428732,-14.0127945,-26.94453,-18.085306,-14.569283,-20.084599,-8.470898,-13.46859,-7.7113767,1362.6017,0.023859276,0.1504420230263158,1.792,data/raw/audio_samples\Actor_08\03-01-03-02-02-01-08.wav,Actor_08,happy,confident
-369.31613,61.584465,-46.408943,20.007154,-29.060516,-17.92752,-27.274822,-18.912687,-14.135595,-20.79244,-12.287007,-16.807507,-9.285787,1232.2714,0.019893587,0.15221296037946427,1.76,data/raw/audio_samples\Actor_08\03-01-03-02-02-02-08.wav,Actor_08,happy,confident
-582.49695,75.888535,3.0805368,23.018854,-5.0435934,-3.90704,-16.779364,-12.81556,-11.497901,-6.2252884,-17.834137,-0.5332768,-7.3848968,1272.8524,0.0030539248,0.13987038352272727,2.08,data/raw/audio_samples\Actor_08\03-01-04-01-01-01-08.wav,Actor_08,sad,nervous
-553.213,88.02946,-5.498815,25.878328,-12.776872,-1.4801408,-21.854258,-11.875945,-14.621531,-6.1208997,-14.865694,-1.0296662,-6.1191754,1247.1853,0.0030393396,0.11590576171875,1.76,data/raw/audio_samples\Actor_08\03-01-04-01-01-02-08.wav,Actor_08,sad,nervous
-531.527,81.667915,0.15249999,20.38525,-12.979475,-0.95457345,-27.681593,-20.554865,-7.7752686,-8.571118,-14.336743,-4.1809993,-5.5684986,1000.7116,0.0034875653,0.15062415081521738,1.44,data/raw/audio_samples\Actor_08\03-01-04-01-02-01-08.wav,Actor_08,sad,nervous
-521.4113,80.94598,1.1372777,19.319757,-15.713193,-3.4550402,-23.171846,-18.821867,-10.603071,-1.1392281,-21.51605,-0.7241845,-10.291507,1005.1945,0.0034323581,0.1543924082880435,1.44,data/raw/audio_samples\Actor_08\03-01-04-01-02-02-08.wav,Actor_08,sad,nervous
-486.72174,86.9678,-21.291733,25.88545,-20.365122,-10.514908,-27.184254,-23.089884,-4.8163013,-19.885496,-11.198926,-9.35656,-8.434378,914.80597,0.007874233,0.08592753507653061,1.536,data/raw/audio_samples\Actor_08\03-01-04-02-01-01-08.wav,Actor_08,sad,nervous
-576.7573,68.97664,-11.818039,24.10519,-6.3901176,-3.7955458,-20.834654,-19.419947,2.1116004,-9.406229,-9.231434,-0.49440104,-2.1667442,985.5735,0.004748505,0.10727425508720931,2.72,data/raw/audio_samples\Actor_08\03-01-04-02-01-02-08.wav,Actor_08,sad,nervous
-476.70862,81.9794,-23.239147,19.784462,-18.861382,-11.721645,-29.272774,-27.138527,-1.4323779,-19.006636,-13.24717,-6.181451,-5.7693954,788.9643,0.0073341536,0.1295703125,1.568,data/raw/audio_samples\Actor_08\03-01-04-02-02-01-08.wav,Actor_08,sad,nervous
-578.97095,77.117645,-6.8540263,20.463276,-3.1355314,0.73673064,-24.58942,-21.452675,7.1586785,-7.55431,-9.238831,-0.9466133,0.6948773,905.1323,0.006862913,0.09671456473214286,2.656,data/raw/audio_samples\Actor_08\03-01-04-02-02-02-08.wav,Actor_08,sad,nervous
-344.79163,81.27244,-27.58027,15.471143,-32.67306,6.586635,-17.155655,-17.643232,-12.811292,-11.432767,-12.847476,-8.963013,-1.8178574,1210.2804,0.022340683,0.106903076171875,1.504,data/raw/audio_samples\Actor_08\03-01-05-01-01-01-08.wav,Actor_08,angry,nervous
-350.95993,83.01089,-11.278499,17.299433,-37.34171,8.091241,-10.870998,-12.681828,-17.222456,-10.554342,-12.936828,-5.7450495,-4.4934926,961.62933,0.022940962,0.08427734375,1.408,data/raw/audio_samples\Actor_08\03-01-05-01-01-02-08.wav,Actor_08,angry,nervous
-375.08072,77.39049,-2.252257,13.414863,-32.186447,5.1320043,-15.933687,-22.13768,-19.169779,-13.302421,-13.23702,-5.832761,-9.60479,1116.0374,0.017452426,0.14395616319444443,1.408,data/raw/audio_samples\Actor_08\03-01-05-01-02-01-08.wav,Actor_08,angry,nervous
-372.30148,74.84985,-3.2338269,11.729668,-32.584858,1.9906807,-15.547798,-22.506563,-17.357344,-14.794494,-17.317688,-7.404836,-10.218566,1153.1318,0.02009012,0.139404296875,1.504,data/raw/audio_samples\Actor_08\03-01-05-01-02-02-08.wav,Actor_08,angry,nervous
-283.01526,66.462555,-33.566444,11.272035,-41.615425,6.2234015,-11.353497,-17.908,-12.103761,-9.851602,-10.050589,-7.72751,-4.913531,1290.8337,0.050431762,0.11836825284090909,1.728,data/raw/audio_samples\Actor_08\03-01-05-02-01-01-08.wav,Actor_08,angry,nervous
-181.58385,42.52443,-42.20514,9.582093,-47.766476,3.5767267,-7.828154,-17.119114,-12.90062,-9.934605,-10.94677,-11.8179035,-11.403483,1829.78,0.11788414,0.15908394607843138,1.6,data/raw/audio_samples\Actor_08\03-01-05-02-01-02-08.wav,Actor_08,angry,nervous
-279.9732,54.88161,-24.177803,1.9021091,-44.378906,6.3466697,-22.778238,-22.24616,-16.628689,-12.566434,-10.68016,-8.034698,-7.184414,1164.0942,0.05127208,0.14995320638020834,1.504,data/raw/audio_samples\Actor_08\03-01-05-02-02-01-08.wav,Actor_08,angry,nervous
-267.00668,59.12757,-25.846323,10.664369,-46.00389,6.0886087,-17.876833,-24.661549,-16.749111,-15.7325115,-8.625573,-9.495007,-10.298216,1605.0271,0.05529519,0.15959821428571427,1.536,data/raw/audio_samples\Actor_08\03-01-05-02-02-02-08.wav,Actor_08,angry,nervous
-384.67935,63.29375,-40.142437,18.032373,-22.980015,-0.17810106,-23.552673,-16.238613,-9.7792425,-16.128424,-13.695899,-6.707246,-5.63464,1539.2616,0.019397909,0.11768450055803571,1.76,data/raw/audio_samples\Actor_08\03-01-06-01-01-01-08.wav,Actor_08,fearful,nervous
-444.77554,73.97294,-24.384356,18.793673,-12.262045,7.281618,-13.695487,-13.505557,0.0074424082,-6.4161377,-12.060079,-0.31441844,-0.8332287,1388.5702,0.016040778,0.0844997829861111,2.272,data/raw/audio_samples\Actor_08\03-01-06-01-01-02-08.wav,Actor_08,fearful,nervous
-338.79074,72.029015,-36.116768,9.366418,-24.225735,-3.5595179,-30.259264,-21.038424,-5.221819,-16.398354,-10.570052,-7.8477407,-6.0609226,1126.191,0.023541423,0.1592078575721154,1.632,data/raw/audio_samples\Actor_08\03-01-06-01-02-01-08.wav,Actor_08,fearful,nervous
-363.3505,66.91867,-34.507477,11.352127,-22.8377,-3.076225,-27.058575,-22.625772,-6.6561236,-20.980404,-10.792216,-9.129651,-5.7558775,1205.5117,0.018532705,0.16528799019607843,1.6,data/raw/audio_samples\Actor_08\03-01-06-01-02-02-08.wav,Actor_08,fearful,nervous
-267.31567,32.931694,-41.77654,15.672403,-35.050022,-0.33893067,-19.294209,-17.223207,-7.399026,-8.396778,-3.710005,-5.90848,-6.07214,1705.9729,0.059657816,0.15187539859693877,1.536,data/raw/audio_samples\Actor_08\03-01-06-02-01-01-08.wav,Actor_08,fearful,nervous
-259.40765,33.60247,-52.005302,14.901449,-42.396553,-0.92390484,-26.463272,-19.488342,0.21122377,-10.284511,-5.645259,-8.710051,-4.347672,1390.4377,0.06888018,0.12021068816489362,1.472,data/raw/audio_samples\Actor_08\03-01-06-02-01-02-08.wav,Actor_08,fearful,nervous
-287.80768,39.832417,-42.40821,-6.5570326,-36.02893,-5.548963,-23.934385,-27.01288,-14.286514,-11.650365,-5.499689,0.6360025,6.4410663,1219.3856,0.056604777,0.1549353966346154,1.632,data/raw/audio_samples\Actor_08\03-01-06-02-02-01-08.wav,Actor_08,fearful,nervous
-267.8404,30.951962,-40.09014,7.315874,-36.397766,-1.2107759,-23.315823,-23.229721,-5.385168,-13.0760975,-2.457224,-4.518526,-0.037393086,1674.9426,0.07127323,0.14416051793981483,1.696,data/raw/audio_samples\Actor_08\03-01-06-02-02-02-08.wav,Actor_08,fearful,nervous
-506.9821,92.07907,-1.5914438,16.677969,-15.802823,-3.434366,-20.162012,-18.170137,-7.7923193,-5.022231,-14.059205,-2.359902,-6.7433877,1578.7703,0.0051068044,0.13808428230932204,1.856,data/raw/audio_samples\Actor_08\03-01-07-01-01-01-08.wav,Actor_08,disgust,nervous
-506.17307,94.909546,-2.565745,13.4524765,-15.476621,-8.239881,-24.257072,-15.948614,-8.787007,-8.332317,-13.529151,-3.7485995,-7.475388,1387.5112,0.004622556,0.12678079044117646,1.6,data/raw/audio_samples\Actor_08\03-01-07-01-01-02-08.wav,Actor_08,disgust,nervous
-503.4383,80.336006,7.247544,11.530376,-11.889383,-9.424563,-26.389591,-20.609318,-3.0022202,-12.939052,-10.914943,-4.671441,-5.644176,1096.4084,0.0059168497,0.17166341145833333,1.888,data/raw/audio_samples\Actor_08\03-01-07-01-02-01-08.wav,Actor_08,disgust,nervous
-499.88852,83.68466,3.2428102,15.977545,-12.497863,-9.504895,-26.495132,-23.086409,-8.934536,-9.793848,-9.415726,-7.2617226,-3.8095853,1059.3049,0.0062522236,0.14964488636363638,1.728,data/raw/audio_samples\Actor_08\03-01-07-01-02-02-08.wav,Actor_08,disgust,nervous
-446.44012,70.69679,-6.3450994,17.147453,-17.310572,-3.9261644,-31.524172,-17.403976,-4.013384,-7.678027,-1.1445708,-0.9107529,-4.83567,1784.3696,0.008769451,0.16301727294921875,2.016,data/raw/audio_samples\Actor_08\03-01-07-02-01-01-08.wav,Actor_08,disgust,nervous
-556.9251,90.96106,-2.2325962,15.77706,-13.3085785,-13.659379,-18.49397,-8.835103,-8.689712,-7.249933,-3.9013505,-7.2763276,-4.6725535,1232.8389,0.004584606,0.12090832674050633,2.496,data/raw/audio_samples\Actor_08\03-01-07-02-01-02-08.wav,Actor_08,disgust,nervous
-466.3083,84.954994,1.0076139,15.038912,-18.43086,-17.472872,-31.13824,-15.649049,-13.814264,-17.197977,-3.4367328,-10.628695,-6.834698,1082.8027,0.0077953106,0.1532742482311321,1.664,data/raw/audio_samples\Actor_08\03-01-07-02-02-01-08.wav,Actor_08,disgust,nervous
-450.23825,78.31034,3.7687824,17.575253,-18.371717,-21.40826,-30.35192,-14.655672,-12.19205,-16.957666,-2.0295358,-13.702247,-11.988969,1048.4602,0.010503298,0.15944998604910715,1.76,data/raw/audio_samples\Actor_08\03-01-07-02-02-02-08.wav,Actor_08,disgust,nervous
-421.68274,75.172806,-16.27637,17.596855,-15.803785,1.9456733,-31.64999,-14.902541,-4.552356,-13.793658,-15.998737,-3.1453094,-7.309215,1539.357,0.008549161,0.142744140625,1.568,data/raw/audio_samples\Actor_08\03-01-08-01-01-01-08.wav,Actor_08,surprised,neutral
-419.77554,83.98706,-24.363857,10.035478,-23.148195,1.8781817,-33.698536,-19.814644,-9.30743,-14.846003,-19.645584,-7.364788,-2.634,1464.0293,0.009781431,0.13094075520833334,1.696,data/raw/audio_samples\Actor_08\03-01-08-01-01-02-08.wav,Actor_08,surprised,neutral
-387.67422,76.458206,-19.990805,9.914834,-20.888342,-1.256833,-32.65876,-19.500738,-10.608562,-17.245779,-17.525805,-11.892593,-3.2850811,1170.8243,0.015043785,0.16746132046568626,1.6,data/raw/audio_samples\Actor_08\03-01-08-01-02-01-08.wav,Actor_08,surprised,neutral
-400.62164,79.960754,-16.900625,10.584929,-25.365396,-1.2974613,-28.550238,-23.28293,-12.262921,-14.390875,-20.735703,-9.669062,-3.5395534,1087.9154,0.012007786,0.12653914741847827,1.44,data/raw/audio_samples\Actor_08\03-01-08-01-02-02-08.wav,Actor_08,surprised,neutral
-474.9395,52.931843,-17.15904,9.37997,-11.683193,2.4839048,-22.25859,-13.46209,-0.45683944,-7.8759294,-12.635383,-1.2961917,-1.6894007,1656.1823,0.009409219,0.18078476123595505,2.8451875,data/raw/audio_samples\Actor_08\03-01-08-02-01-01-08.wav,Actor_08,surprised,neutral
-340.85785,79.530106,-23.416351,7.180379,-28.311134,3.9969788,-31.706732,-18.678871,-9.176238,-15.652386,-15.62694,-8.54808,-2.3389492,1571.095,0.01854814,0.14110331632653061,1.536,data/raw/audio_samples\Actor_08\03-01-08-02-01-02-08.wav,Actor_08,surprised,neutral
-344.33212,78.287704,-31.169827,-4.724718,-33.944847,0.69535494,-29.241196,-26.282095,-15.988404,-12.60959,-19.268013,-12.183929,-6.5806103,1234.8193,0.023039497,0.154609375,1.568,data/raw/audio_samples\Actor_08\03-01-08-02-02-01-08.wav,Actor_08,surprised,neutral
-368.64084,69.89426,-17.13037,2.081847,-23.356436,0.8525748,-34.07358,-28.460104,-15.828889,-14.752903,-21.296688,-12.268447,-1.8200418,1023.8913,0.020452634,0.15832971643518517,1.696,data/raw/audio_samples\Actor_08\03-01-08-02-02-02-08.wav,Actor_08,surprised,neutral
-673.952,98.92628,20.660624,40.156666,14.97619,6.7048736,1.5314362,8.245924,6.046812,0.85171664,9.105123,8.759744,2.5225985,838.61884,0.0018688735,0.05040364583333334,2.368,data/raw/audio_samples\Actor_09\03-01-01-01-01-01-09.wav,Actor_09,neutral,confident
-585.2571,123.948586,11.282891,35.11127,3.4885247,-2.9608781,-18.296467,-1.9955639,-4.2419395,-15.44811,2.5362124,-1.2314582,-8.380723,842.74493,0.0020535826,0.07345448369565218,1.44,data/raw/audio_samples\Actor_09\03-01-01-01-01-02-09.wav,Actor_09,neutral,confident
-564.50714,109.04835,14.051079,35.136936,4.692719,-0.39804175,-22.095701,-10.527246,-5.9772706,-14.393446,-4.682586,-1.7076534,-8.920885,1169.6364,0.0022577525,0.10817552649456522,1.44,data/raw/audio_samples\Actor_09\03-01-01-01-02-01-09.wav,Actor_09,neutral,confident
-552.7319,119.68387,8.397029,38.2634,-0.27646574,-2.478605,-17.20056,-9.3936205,-4.1085806,-12.480105,0.081566565,0.030745883,-3.4562008,833.1661,0.0025542814,0.09133130450581395,1.344,data/raw/audio_samples\Actor_09\03-01-01-01-02-02-09.wav,Actor_09,neutral,confident
-575.60144,111.585144,16.434,35.058746,11.163399,-2.0131907,-14.479312,-1.0152363,-3.7069058,-9.4800825,-0.14798279,-2.677572,-6.2841334,689.85986,0.0021604693,0.07299262152777777,1.408,data/raw/audio_samples\Actor_09\03-01-02-01-01-01-09.wav,Actor_09,calm,confident
-540.32324,100.05186,15.242391,40.14229,5.038818,-2.9990363,-13.364753,-1.8881825,-3.3568392,-8.337769,-2.3443823,-3.8159697,-3.5394373,889.8974,0.0025813046,0.0857444585755814,1.344,data/raw/audio_samples\Actor_09\03-01-02-01-01-02-09.wav,Actor_09,calm,confident
-512.3538,92.618645,15.423023,33.51063,-7.54652,-4.671179,-6.873332,-5.972372,-5.5095425,-8.959341,-0.7231084,-0.461689,-4.181475,876.7992,0.0036537303,0.12437220982142858,1.536,data/raw/audio_samples\Actor_09\03-01-02-01-02-01-09.wav,Actor_09,calm,confident
-574.87506,101.552765,13.640688,35.998524,8.944198,1.5964365,-19.027573,-5.8346257,0.49553797,-8.421446,0.28320947,0.64429235,-6.5881977,1075.9154,0.0022450234,0.09979021990740741,1.696,data/raw/audio_samples\Actor_09\03-01-02-01-02-02-09.wav,Actor_09,calm,confident
-713.8859,87.66631,28.26269,33.502678,14.387616,8.062024,-14.21882,8.915014,4.954605,0.20762447,7.9533057,2.8280523,-3.223212,708.95496,0.00074729975,0.16614099451013514,2.3446875,data/raw/audio_samples\Actor_09\03-01-02-02-01-01-09.wav,Actor_09,calm,confident
-671.7869,98.62716,27.922497,44.648834,17.269857,4.315636,-17.160866,5.211346,-0.7549124,-4.73769,7.16189,-2.758489,-4.1850114,852.11743,0.0011637139,0.07816199100378787,2.08,data/raw/audio_samples\Actor_09\03-01-02-02-01-02-09.wav,Actor_09,calm,confident
-625.68274,88.173874,15.603116,34.978844,6.11551,0.82962644,-10.461619,-0.5668168,2.0524764,-4.0737214,4.40179,-1.7745745,-3.9502523,1201.6779,0.0018943434,0.1435327422752809,2.816,data/raw/audio_samples\Actor_09\03-01-02-02-02-01-09.wav,Actor_09,calm,confident
-564.3254,113.31798,13.711571,31.052965,8.892971,1.1534259,-20.200916,-5.5022335,-3.3509111,-13.578138,-0.2075218,1.87938,-10.218511,910.12616,0.00262913,0.0927645596590909,1.728,data/raw/audio_samples\Actor_09\03-01-02-02-02-02-09.wav,Actor_09,calm,confident
-560.9294,130.872,-1.5007063,27.064571,14.06491,-7.284222,-13.88159,-22.796686,-11.696468,0.37326965,-6.370734,4.692068,-6.26391,820.49133,0.0030794544,0.0990966796875,1.888,data/raw/audio_samples\Actor_09\03-01-03-01-01-01-09.wav,Actor_09,happy,confident
-454.45703,121.759125,-23.046076,36.034374,4.2717876,-17.428877,-19.115618,-12.788928,-6.381915,-5.1988087,-13.208873,-1.4459944,-4.4324307,1058.8345,0.006291255,0.0969094669117647,1.6,data/raw/audio_samples\Actor_09\03-01-03-01-01-02-09.wav,Actor_09,happy,confident
-481.64032,111.179,-10.122929,32.187965,12.766069,-10.481906,-20.918425,-13.630639,-2.2801816,-13.526392,-6.391934,-0.34391698,-9.900023,1116.148,0.0045897947,0.12017026154891304,1.44,data/raw/audio_samples\Actor_09\03-01-03-01-02-01-09.wav,Actor_09,happy,confident
-443.11066,103.78478,-21.732319,34.340164,1.4280673,-9.415409,-25.12229,-24.75319,-3.724807,-9.118942,-16.617542,5.1558475,-11.45762,1124.2675,0.0073435996,0.12861328125,1.568,data/raw/audio_samples\Actor_09\03-01-03-01-02-02-09.wav,Actor_09,happy,confident
-321.8729,80.49341,-41.069363,15.31437,-10.246573,-36.756966,-19.34797,-25.011705,-17.68584,1.1854134,-15.424769,-3.8647227,-6.104667,1203.6078,0.039328106,0.12223307291666667,1.888,data/raw/audio_samples\Actor_09\03-01-03-02-01-01-09.wav,Actor_09,happy,confident
-350.67062,99.474434,-44.182484,8.851399,-19.000793,-42.679863,-15.542259,-27.273165,-23.396,-2.1561368,-17.202925,-4.087948,-4.092231,1134.712,0.029716074,0.10295657835144928,2.176,data/raw/audio_samples\Actor_09\03-01-03-02-01-02-09.wav,Actor_09,happy,confident
-247.49405,59.38673,-38.924507,17.054127,-6.425776,-30.594147,-17.54388,-31.580694,-15.122351,-8.1783285,-14.630718,1.322276,-4.6103034,1396.3301,0.04911034,0.14710669424019607,1.6,data/raw/audio_samples\Actor_09\03-01-03-02-02-01-09.wav,Actor_09,happy,confident
-332.81375,88.99863,-30.272919,16.843218,-5.6592207,-20.852314,-20.066326,-31.747766,-19.071247,-5.28634,-15.457353,4.2278676,-8.907995,1078.9343,0.032444857,0.13564084610849056,1.664,data/raw/audio_samples\Actor_09\03-01-03-02-02-02-09.wav,Actor_09,happy,confident
-641.57733,117.81362,8.387645,38.466755,18.408775,5.016985,-23.803993,-10.905308,-5.4719944,-2.948584,-0.46138468,1.6713489,-10.843938,870.2853,0.0008180806,0.09147505326704546,1.376,data/raw/audio_samples\Actor_09\03-01-04-01-01-01-09.wav,Actor_09,sad,nervous
-611.16833,88.72456,9.524495,44.466232,13.226925,0.6640698,-26.880821,-9.498414,-1.5626916,-5.9996653,-5.7351956,1.0199708,-8.047865,1187.8713,0.0011872927,0.112158203125,0.928,data/raw/audio_samples\Actor_09\03-01-04-01-01-02-09.wav,Actor_09,sad,nervous
-571.2699,87.674515,13.4911785,39.900665,12.145003,12.109947,-22.283615,-17.395842,-0.33646044,-6.5377736,-7.4901004,6.5296187,-13.996639,1424.235,0.0017608681,0.14267865349264705,1.056,data/raw/audio_samples\Actor_09\03-01-04-01-02-01-09.wav,Actor_09,sad,nervous
-649.1122,97.78266,25.22274,35.50473,15.952119,13.177863,-18.166237,-9.404698,5.0278087,-1.6358222,-2.346405,5.0269156,-11.614224,1218.1895,0.0008915751,0.11527423469387756,1.536,data/raw/audio_samples\Actor_09\03-01-04-01-02-02-09.wav,Actor_09,sad,nervous
-597.27814,95.774925,1.715705,35.25437,9.187709,-7.3817954,-19.587437,-13.585933,-11.01594,0.5365157,-15.946461,2.6088507,-4.725769,1432.5503,0.0016087765,0.14282527970679013,2.56,data/raw/audio_samples\Actor_09\03-01-04-02-01-01-09.wav,Actor_09,sad,nervous
-560.30493,89.367935,1.3900326,35.96409,8.351049,-13.993953,-16.594656,-8.487331,-10.615667,-2.0251248,-14.505834,-4.11373,-8.009604,1325.4335,0.0019153517,0.14484126984126985,1.984,data/raw/audio_samples\Actor_09\03-01-04-02-01-02-09.wav,Actor_09,sad,nervous
-580.07776,82.254684,1.2838076,32.127377,8.726367,-8.294164,-20.747002,-14.803026,-9.698962,-2.7910528,-22.472733,-1.3542343,-7.287004,1556.4646,0.0023402267,0.16534782858455882,2.144,data/raw/audio_samples\Actor_09\03-01-04-02-02-01-09.wav,Actor_09,sad,nervous
-537.7709,98.22295,1.721374,42.801167,8.225132,-5.8611674,-20.673122,-19.748766,-9.583256,-4.0399323,-24.502182,1.2193253,-10.293785,1213.2606,0.0026145403,0.12261868990384615,2.048,data/raw/audio_samples\Actor_09\03-01-04-02-02-02-09.wav,Actor_09,sad,nervous
-525.4958,102.80811,-7.816115,44.360092,14.564887,-7.606361,-10.467975,-11.829029,-5.9429197,1.5486163,-8.656744,6.065296,-8.981385,1458.8718,0.002651763,0.10932448814655173,1.824,data/raw/audio_samples\Actor_09\03-01-05-01-01-01-09.wav,Actor_09,angry,nervous
-470.18622,96.60315,-14.632882,42.4134,12.874722,-8.102822,-14.122042,-11.741581,-3.800404,-4.0861254,-7.0563307,4.475614,-9.009333,1555.9973,0.004413266,0.11387282151442307,1.632,data/raw/audio_samples\Actor_09\03-01-05-01-01-02-09.wav,Actor_09,angry,nervous
-390.6933,88.53798,-32.858482,35.752953,6.0058594,-11.894982,-13.081809,-28.558943,-12.02694,-0.77499586,-16.983595,5.3866243,-1.7141284,1628.5055,0.011949951,0.14791554418103448,1.824,data/raw/audio_samples\Actor_09\03-01-05-01-02-01-09.wav,Actor_09,angry,nervous
-410.09146,91.07342,-22.90143,37.21715,4.9474463,-13.428321,-13.939458,-25.070671,-9.241464,-4.84508,-17.683104,5.5146255,-7.466599,1587.003,0.008439023,0.1491980919471154,1.632,data/raw/audio_samples\Actor_09\03-01-05-01-02-02-09.wav,Actor_09,angry,nervous
-129.98665,72.573784,-44.301697,12.44076,-18.692389,-25.31239,-13.837066,-13.2600765,-11.612534,1.1750895,-6.076976,-0.9828619,-10.44573,1584.2697,0.12026897,0.15756022135416667,1.888,data/raw/audio_samples\Actor_09\03-01-05-02-01-01-09.wav,Actor_09,angry,nervous
-138.4527,80.336975,-48.885296,10.932835,-22.32882,-22.96422,-15.740115,-12.904152,-12.740188,0.7965532,-5.0995054,-3.4463377,-7.1562095,1577.4371,0.09602314,0.148681640625,1.824,data/raw/audio_samples\Actor_09\03-01-05-02-01-02-09.wav,Actor_09,angry,nervous
-153.22296,61.93237,-39.110146,6.1760044,-21.700245,-26.510174,-20.281181,-7.049292,-17.771122,-0.80447793,-5.917959,1.2628045,-8.056825,1505.8982,0.1171717,0.16495442708333333,2.368,data/raw/audio_samples\Actor_09\03-01-05-02-02-01-09.wav,Actor_09,angry,nervous
-140.0337,67.261734,-46.7558,1.8257352,-25.932795,-15.827515,-20.916824,-5.509905,-14.093912,1.9943953,-6.118794,-0.35165796,-7.20289,1444.9252,0.11523354,0.18231964111328125,2.016,data/raw/audio_samples\Actor_09\03-01-05-02-02-02-09.wav,Actor_09,angry,nervous
-587.327,90.00891,6.4760303,39.448936,10.247419,1.2294096,-12.944362,0.44219288,-0.090600364,-4.8748646,4.7825933,-1.2828941,-10.011707,1498.6957,0.0011813825,0.12999636627906977,1.344,data/raw/audio_samples\Actor_09\03-01-06-01-01-01-09.wav,Actor_09,fearful,nervous
-560.7074,90.49598,10.0039835,42.777138,7.217257,0.13993351,-15.646693,-0.28358424,-2.0864708,-1.8197049,-0.813314,-2.9970446,-6.7276826,1325.5972,0.0016929539,0.09981183307926829,1.28,data/raw/audio_samples\Actor_09\03-01-06-01-01-02-09.wav,Actor_09,fearful,nervous
-713.30084,65.56582,15.13815,28.986814,12.275714,8.997038,-7.740774,1.5883114,4.8527746,1.1214273,6.158774,3.7566175,-4.172037,1335.0548,0.0011056614,0.13240913722826086,2.176,data/raw/audio_samples\Actor_09\03-01-06-01-02-01-09.wav,Actor_09,fearful,nervous
-583.26917,87.59037,19.293715,41.802387,4.3061957,5.592068,-19.79133,-9.958143,-2.6100883,-2.1189923,-0.53376406,-4.2770557,-10.168443,1269.0413,0.0016739073,0.10768387957317073,1.28,data/raw/audio_samples\Actor_09\03-01-06-01-02-02-09.wav,Actor_09,fearful,nervous
-428.74396,104.18112,-8.438287,31.131811,-4.164603,-27.885828,0.07894427,-12.00996,-19.781197,-5.6361127,-12.810862,-3.7266889,-0.23014136,1148.4102,0.008111516,0.11119186046511628,1.344,data/raw/audio_samples\Actor_09\03-01-06-02-01-01-09.wav,Actor_09,fearful,nervous
-479.60715,73.56326,3.7490935,42.74568,1.5714892,-11.559736,-4.0045924,2.3362772,-9.930553,-5.567451,-7.373368,-10.254468,-5.9037137,1614.8463,0.0035194934,0.13152521306818182,1.376,data/raw/audio_samples\Actor_09\03-01-06-02-01-02-09.wav,Actor_09,fearful,nervous
-352.64563,84.0855,-10.91947,27.12762,-5.4837275,-27.691406,-3.3260555,-13.150348,-22.80039,-7.9514337,-20.852526,-5.217762,-3.6692803,1182.0784,0.018729756,0.14665470566860464,1.344,data/raw/audio_samples\Actor_09\03-01-06-02-02-01-09.wav,Actor_09,fearful,nervous
-337.97766,86.03341,-11.403002,24.093943,-8.9290495,-30.325552,-7.177381,-20.283968,-26.83208,-4.2671604,-25.818998,-3.0763495,-4.340665,934.9818,0.024793128,0.12680199032738096,1.312,data/raw/audio_samples\Actor_09\03-01-06-02-02-02-09.wav,Actor_09,fearful,nervous
-556.4242,116.47601,-12.459418,36.388237,1.7745911,-9.515588,-19.690866,-6.1903906,-12.798604,-8.746066,-7.599899,-1.3928967,-2.3901088,1312.0586,0.0018563863,0.11053093112244898,1.536,data/raw/audio_samples\Actor_09\03-01-07-01-01-01-09.wav,Actor_09,disgust,nervous
-555.4511,107.195526,-11.806557,41.885155,-2.6557026,-11.221894,-13.688657,-8.930606,-9.216428,-7.327986,-7.9829445,-0.82362795,-6.4817324,1453.4186,0.0018761918,0.112490234375,1.568,data/raw/audio_samples\Actor_09\03-01-07-01-01-02-09.wav,Actor_09,disgust,nervous
-566.4404,108.76248,-0.936643,38.851376,1.5216513,-3.8208168,-12.429442,-11.058812,-12.507786,-1.9336319,-12.506826,2.3676674,-2.6616223,1260.6464,0.002005882,0.126962890625,1.568,data/raw/audio_samples\Actor_09\03-01-07-01-02-01-09.wav,Actor_09,disgust,nervous
-530.1463,103.511856,0.60974926,35.923595,-2.0607708,1.1560714,-26.641014,-10.00206,-6.8891425,-9.107293,-6.3842254,-1.8106488,-5.110057,1158.4453,0.002976236,0.13309300199468085,1.472,data/raw/audio_samples\Actor_09\03-01-07-01-02-02-09.wav,Actor_09,disgust,nervous
-511.33987,111.15511,-14.330663,35.069572,-9.141188,-10.9050045,-8.631034,-5.0541763,-15.552292,-11.67632,-9.994089,3.9138048,-15.643951,1522.0219,0.0031318155,0.12075369698660714,1.76,data/raw/audio_samples\Actor_09\03-01-07-02-01-01-09.wav,Actor_09,disgust,nervous
-533.8133,85.663864,-10.371027,36.29571,-5.377199,-10.968126,-2.5669653,-3.315005,-11.244908,-4.4753118,-10.48735,4.225712,-8.071358,1698.9834,0.0028992577,0.17601102941176472,2.144,data/raw/audio_samples\Actor_09\03-01-07-02-01-02-09.wav,Actor_09,disgust,nervous
-468.10312,99.09817,-25.390305,39.695488,-8.108075,-11.668858,-14.062564,-16.769491,-13.799684,-9.203616,-13.540809,-2.0847497,-8.258335,1767.0448,0.005860914,0.14763327205882354,1.6,data/raw/audio_samples\Actor_09\03-01-07-02-02-01-09.wav,Actor_09,disgust,nervous
-471.55093,120.85619,-26.980066,31.819675,-6.03667,-15.758393,-4.343246,-19.545504,-14.992808,-6.547341,-16.64013,0.12335601,-0.83430773,1437.9142,0.0059239655,0.12363462094907407,1.696,data/raw/audio_samples\Actor_09\03-01-07-02-02-02-09.wav,Actor_09,disgust,nervous
-549.2576,127.15547,4.67559,31.740274,6.9178147,-3.5234425,-16.520014,-3.6164975,-5.573974,-12.43688,0.6375057,0.16154331,-1.8867567,872.3324,0.0022528374,0.07465424408783784,1.152,data/raw/audio_samples\Actor_09\03-01-08-01-01-01-09.wav,Actor_09,surprised,neutral
-556.76117,121.94427,1.3353581,40.9278,3.0525777,-8.225723,-14.994242,0.33294675,-6.0849776,-9.126314,-2.1503267,-4.150521,-2.2984314,1036.5605,0.0022924235,0.07778098366477272,1.376,data/raw/audio_samples\Actor_09\03-01-08-01-01-02-09.wav,Actor_09,surprised,neutral
-509.76767,121.592545,-1.5926069,40.986446,3.028791,-6.413287,-16.236671,-5.566406,-6.5702443,-11.661138,-0.9479565,-1.3960449,-2.9729676,1326.1323,0.0032056752,0.12171708776595745,1.472,data/raw/audio_samples\Actor_09\03-01-08-01-02-01-09.wav,Actor_09,surprised,neutral
-527.38586,120.87759,-4.322605,37.658665,-0.04870844,-9.433022,-19.338495,-13.2517,-10.001057,-10.726033,-8.283204,0.69453806,-3.7715194,1170.3197,0.003048148,0.108489990234375,1.504,data/raw/audio_samples\Actor_09\03-01-08-01-02-02-09.wav,Actor_09,surprised,neutral
-435.04834,104.55729,-6.3331327,32.818382,-9.878661,-17.377388,-13.711818,-7.9081564,-12.219749,-13.890457,-7.629431,-8.219574,-7.8658814,1261.1758,0.006693701,0.09988190406976744,1.344,data/raw/audio_samples\Actor_09\03-01-08-02-01-01-09.wav,Actor_09,surprised,neutral
-481.37518,114.3143,-4.195423,36.12448,-6.7227287,-12.307866,-13.610603,-3.2291024,-13.838443,-9.973782,-4.614453,-6.5747995,-3.0891502,1396.3774,0.0045062206,0.0997953869047619,1.312,data/raw/audio_samples\Actor_09\03-01-08-02-01-02-09.wav,Actor_09,surprised,neutral
-508.89627,105.09462,7.3151317,32.18991,0.8671614,-6.3652816,-17.30572,-6.6156254,-17.646849,-11.672851,-9.116193,-8.236744,-3.8023672,1026.7502,0.004010059,0.12843874667553193,1.472,data/raw/audio_samples\Actor_09\03-01-08-02-02-01-09.wav,Actor_09,surprised,neutral
-500.2382,104.77739,-0.0925164,41.1104,-3.6558332,-8.773144,-13.81969,-9.114109,-11.555001,-13.173164,-7.7558613,-6.8327813,-3.689983,1409.1266,0.0043370854,0.136376953125,1.568,data/raw/audio_samples\Actor_09\03-01-08-02-02-02-09.wav,Actor_09,surprised,neutral
-366.21875,82.03746,-19.222197,0.6412746,-8.292105,-21.490343,-25.602379,-18.072153,-8.457306,-20.596237,-12.651123,-8.880284,-15.616683,1239.5862,0.022081373,0.09838368941326531,1.536,data/raw/audio_samples\Actor_10\03-01-01-01-01-01-10.wav,Actor_10,neutral,confident
-380.91916,79.229866,-10.350829,2.8431687,-10.39227,-21.077953,-26.149666,-17.830025,-8.059051,-17.282274,-11.868668,-8.690093,-13.269287,1487.7202,0.015706817,0.12777506510416667,1.888,data/raw/audio_samples\Actor_10\03-01-01-01-01-02-10.wav,Actor_10,neutral,confident
-372.71274,72.79799,-10.201437,4.529962,-14.446655,-21.76466,-28.299883,-22.666208,-5.908124,-18.672916,-12.948606,-11.457442,-10.735167,905.43,0.02494645,0.12478693181818182,1.728,data/raw/audio_samples\Actor_10\03-01-01-01-02-01-10.wav,Actor_10,neutral,confident
-398.0401,78.31577,2.4660416,6.309509,-7.5434523,-17.13543,-29.096622,-17.387306,-9.198667,-17.265213,-14.721091,-8.272994,-8.087391,910.7428,0.01768561,0.12137545072115384,1.632,data/raw/audio_samples\Actor_10\03-01-01-01-02-02-10.wav,Actor_10,neutral,confident
-382.8303,80.73681,-22.049994,15.539652,-16.423807,-13.949895,-32.01128,-13.329618,-14.020347,-2.0130968,-20.256802,-6.864574,-5.731331,1691.587,0.016200032,0.12091936383928571,1.76,data/raw/audio_samples\Actor_10\03-01-02-01-01-01-10.wav,Actor_10,calm,confident
-373.8813,92.40894,-22.256432,13.717154,-13.583534,-17.188234,-31.931795,-11.342716,-7.3721094,-17.59803,-11.394968,-5.2511888,-10.171386,1540.7897,0.017007308,0.10998046875,1.568,data/raw/audio_samples\Actor_10\03-01-02-01-01-02-10.wav,Actor_10,calm,confident
-380.43646,69.28239,-17.630617,9.649143,-14.361199,-14.42765,-35.924736,-19.256195,-9.740635,-14.015514,-16.500746,-8.994842,-10.812218,1288.96,0.02208304,0.13474719929245282,1.664,data/raw/audio_samples\Actor_10\03-01-02-01-02-01-10.wav,Actor_10,calm,confident
-363.6169,74.18416,-19.372952,8.554696,-15.899019,-18.742956,-32.354958,-17.123186,-6.0347695,-18.939238,-11.068954,-11.85694,-12.671023,1253.666,0.023204805,0.12452947443181818,1.728,data/raw/audio_samples\Actor_10\03-01-02-01-02-02-10.wav,Actor_10,calm,confident
-389.32486,70.61496,-18.570402,14.191125,-13.520206,-17.656311,-31.546093,-14.400276,-14.470862,-11.290699,-14.751129,-4.77752,-10.023939,1714.5786,0.017737268,0.12114800347222222,1.696,data/raw/audio_samples\Actor_10\03-01-02-02-01-01-10.wav,Actor_10,calm,confident
-403.80545,77.539825,-18.942568,7.333582,-11.62029,-14.877345,-32.85967,-20.937984,-10.582544,-7.407445,-14.38332,-11.066368,-6.467356,1228.0204,0.021652965,0.09379283168859649,1.792,data/raw/audio_samples\Actor_10\03-01-02-02-01-02-10.wav,Actor_10,calm,confident
-402.06702,82.38857,-16.765383,12.382425,-17.777927,-11.804154,-32.569706,-17.01693,-11.231376,-13.991059,-15.431985,-11.164552,-5.827323,1206.8368,0.019601865,0.10873518318965517,1.824,data/raw/audio_samples\Actor_10\03-01-02-02-02-01-10.wav,Actor_10,calm,confident
-423.20148,85.79888,-9.457499,9.101205,-11.243838,-11.419058,-29.700031,-14.451437,-11.267334,-12.129032,-18.649134,-9.728989,-4.955705,858.69183,0.012344193,0.12412109375,1.888,data/raw/audio_samples\Actor_10\03-01-02-02-02-02-10.wav,Actor_10,calm,confident
-301.66565,83.64921,-45.23993,14.009618,-18.497076,-17.8908,-32.73538,-29.851494,-7.489795,-16.021694,-13.146375,-11.154484,-14.103839,1401.167,0.03667396,0.10009765625,1.504,data/raw/audio_samples\Actor_10\03-01-03-01-01-01-10.wav,Actor_10,happy,confident
-288.6701,82.817474,-35.619495,10.816755,-22.742115,-23.329447,-30.589027,-27.870453,-5.8228273,-25.205357,-18.777721,-9.099735,-22.373585,1177.0349,0.042391103,0.09232855902777778,1.408,data/raw/audio_samples\Actor_10\03-01-03-01-01-02-10.wav,Actor_10,happy,confident
-314.9641,69.22574,-42.517757,7.651224,-25.94143,-25.481516,-43.49941,-22.621994,-7.7204337,-27.921347,-12.354722,-11.338328,-24.30364,1023.2533,0.039465602,0.10925874255952381,1.312,data/raw/audio_samples\Actor_10\03-01-03-01-02-01-10.wav,Actor_10,happy,confident
-272.64438,73.64214,-43.573467,10.705996,-25.280355,-26.435774,-41.62713,-28.228788,-0.18806785,-27.37998,-13.93359,-14.032255,-19.295393,1132.8215,0.042751603,0.11522301962209303,1.344,data/raw/audio_samples\Actor_10\03-01-03-01-02-02-10.wav,Actor_10,happy,confident
-195.13834,52.070736,-61.845547,5.121348,-39.098377,-32.38512,-30.368488,-41.854378,-5.4725394,-25.58753,-21.29845,-6.85848,-21.75919,1464.0406,0.12817901,0.12031923491379311,1.824,data/raw/audio_samples\Actor_10\03-01-03-02-01-01-10.wav,Actor_10,happy,confident
-189.87474,50.887924,-51.778683,1.7204567,-30.368233,-29.944208,-30.62277,-38.473167,-7.9419713,-23.115149,-21.519167,-4.3975606,-12.216784,1538.3209,0.13393903,0.12373683763586957,1.44,data/raw/audio_samples\Actor_10\03-01-03-02-01-02-10.wav,Actor_10,happy,confident
-171.18227,36.09456,-49.393253,-0.19687599,-31.925993,-30.464432,-25.807178,-39.88281,-13.315137,-22.213554,-24.26852,3.5169437,5.051198,1583.6896,0.1682437,0.17046875,1.568,data/raw/audio_samples\Actor_10\03-01-03-02-02-01-10.wav,Actor_10,happy,confident
-173.93452,39.55513,-64.914116,8.331623,-30.664787,-28.515636,-26.83767,-42.28408,-6.433383,-23.095997,-21.009457,0.12620853,-12.222304,1812.5421,0.1340818,0.16990503771551724,1.824,data/raw/audio_samples\Actor_10\03-01-03-02-02-02-10.wav,Actor_10,happy,confident
-431.16623,99.3154,-15.254041,18.28838,-17.721495,-9.415125,-33.980667,-22.560698,-8.221511,-18.16142,-15.442968,-4.338008,-9.950967,1061.2306,0.012085607,0.08710271661931818,1.376,data/raw/audio_samples\Actor_10\03-01-04-01-01-01-10.wav,Actor_10,sad,nervous
-420.362,78.80418,-7.7192264,13.280797,-15.085082,-9.238523,-26.121616,-15.1697645,-7.068507,-13.392871,-14.124753,-6.712632,-6.4771423,1658.5055,0.009487741,0.1223891900510204,1.536,data/raw/audio_samples\Actor_10\03-01-04-01-01-02-10.wav,Actor_10,sad,nervous
-431.36563,93.959366,-7.216581,15.378214,-10.4342985,-12.813901,-35.537544,-20.937553,-4.426866,-22.672522,-10.970404,-4.7848396,-9.809324,1212.1611,0.012275292,0.121064453125,1.568,data/raw/audio_samples\Actor_10\03-01-04-01-02-01-10.wav,Actor_10,sad,nervous
-450.32883,100.65158,-3.5995944,1.5140506,-12.815772,-10.813392,-33.400837,-12.500766,-1.16334,-19.325773,-8.816579,-4.9833045,-10.749643,1258.7521,0.009001973,0.1325439453125,1.888,data/raw/audio_samples\Actor_10\03-01-04-01-02-02-10.wav,Actor_10,sad,nervous
-331.94138,95.02252,-31.19255,22.974924,-22.102976,-17.13204,-32.84538,-28.12156,-7.0032,-16.793562,-10.07927,-3.8528023,-15.829956,938.3811,0.029331991,0.08711751302083333,1.504,data/raw/audio_samples\Actor_10\03-01-04-02-01-01-10.wav,Actor_10,sad,nervous
-386.5547,87.64928,-19.266434,26.659678,-15.949605,-18.00433,-35.76681,-23.485003,-4.1883426,-21.007915,-6.535298,-5.6929655,-15.799301,1590.5391,0.015451839,0.11500901442307693,1.632,data/raw/audio_samples\Actor_10\03-01-04-02-01-02-10.wav,Actor_10,sad,nervous
-420.05734,81.36598,6.6553793,16.91671,-10.152044,-14.058595,-37.34476,-14.57254,-5.164751,-21.35045,-5.0573297,-4.0940723,-9.382826,1243.4149,0.010810678,0.17525679976851852,1.696,data/raw/audio_samples\Actor_10\03-01-04-02-02-01-10.wav,Actor_10,sad,nervous
-416.1539,91.55946,-4.7180715,22.15421,-11.464856,-11.389662,-43.778168,-22.373629,-10.421914,-26.244867,-5.9107833,-9.083545,-11.091325,1124.2267,0.015662353,0.1190625,1.568,data/raw/audio_samples\Actor_10\03-01-04-02-02-02-10.wav,Actor_10,sad,nervous
-360.9542,91.58268,-19.823393,11.68479,-14.322224,-16.496243,-33.076126,-16.933214,-9.190459,-14.773215,-10.622862,-4.5205884,-10.732383,1521.9567,0.019148363,0.11354608050847458,1.856,data/raw/audio_samples\Actor_10\03-01-05-01-01-01-10.wav,Actor_10,angry,nervous
-288.6727,81.95299,-32.41487,10.517848,-26.216108,-13.088276,-34.0459,-17.11187,-10.633054,-14.873381,-14.792799,-8.267912,-12.699172,1563.8647,0.03604822,0.1392609126984127,1.984,data/raw/audio_samples\Actor_10\03-01-05-01-01-02-10.wav,Actor_10,angry,nervous
-317.38327,82.418564,-26.885803,2.9146132,-19.121223,-16.416292,-33.790096,-19.415424,-10.071584,-18.580069,-5.277619,-5.4999404,-15.57983,1289.0662,0.028270852,0.15411468050373134,2.112,data/raw/audio_samples\Actor_10\03-01-05-01-02-01-10.wav,Actor_10,angry,nervous
-304.56827,86.97592,-36.86019,6.9533,-28.015543,-11.772322,-40.25571,-8.765899,-8.979183,-18.882296,-1.7063005,-13.428415,-9.814163,1314.9413,0.030139254,0.1593942353219697,2.08,data/raw/audio_samples\Actor_10\03-01-05-01-02-02-10.wav,Actor_10,angry,nervous
-192.0979,60.955444,-40.23311,9.47148,-36.1517,-16.572027,-28.46242,-20.90692,-10.175589,-17.343567,-11.2015915,-7.8425236,-13.979447,1666.008,0.103818856,0.13564453125,2.048,data/raw/audio_samples\Actor_10\03-01-05-02-01-01-10.wav,Actor_10,angry,nervous
-196.85152,57.852974,-47.3963,-7.7173295,-37.205997,-18.010977,-18.965826,-27.341934,-17.270039,-15.469413,-18.781965,-14.866385,-12.565352,1493.4453,0.11269214,0.1256202491554054,2.336,data/raw/audio_samples\Actor_10\03-01-05-02-01-02-10.wav,Actor_10,angry,nervous
-181.71695,51.077503,-39.061245,-8.078174,-34.279564,-20.104786,-24.708988,-27.16458,-16.076464,-12.612964,-16.340847,-11.514701,-7.0056047,1437.6986,0.12203747,0.17927631578947367,1.792,data/raw/audio_samples\Actor_10\03-01-05-02-02-01-10.wav,Actor_10,angry,nervous
-194.45422,41.3911,-41.224003,-7.143179,-38.784134,-18.037577,-27.737455,-24.783083,-15.9203205,-13.753838,-13.968352,-11.632944,-10.998749,1338.6146,0.11461696,0.16698489972014927,2.112,data/raw/audio_samples\Actor_10\03-01-05-02-02-02-10.wav,Actor_10,angry,nervous
-335.55066,74.008736,-18.171324,13.556974,-20.651741,-15.516647,-30.410807,-21.15396,-3.5713942,-25.767717,-17.883627,-3.895948,-17.20617,1395.7683,0.026030133,0.11768713662790697,1.344,data/raw/audio_samples\Actor_10\03-01-06-01-01-01-10.wav,Actor_10,fearful,nervous
-384.21466,74.28823,-8.805966,7.3482113,-17.726294,-7.301106,-28.64751,-8.651199,-2.2202497,-20.878897,-9.296274,-7.589619,-8.641124,1553.5088,0.012937102,0.13203357514880953,1.312,data/raw/audio_samples\Actor_10\03-01-06-01-01-02-10.wav,Actor_10,fearful,nervous
-400.43057,69.212944,-11.317298,4.782391,-15.081388,-17.609058,-35.78354,-25.008385,-3.0683687,-20.020765,-16.873829,-9.353282,-13.001279,1344.1575,0.017090121,0.14384191176470587,1.6,data/raw/audio_samples\Actor_10\03-01-06-01-02-01-10.wav,Actor_10,fearful,nervous
-388.69156,75.46128,-4.9275913,8.514026,-14.020039,-10.121919,-30.042276,-14.412594,-2.942343,-21.049086,-15.341947,-6.98061,-11.905205,1417.7488,0.016807675,0.1259765625,1.504,data/raw/audio_samples\Actor_10\03-01-06-01-02-02-10.wav,Actor_10,fearful,nervous
-241.6056,66.09571,-37.8717,4.4015884,-31.589046,-28.113462,-31.824118,-23.182,-9.533682,-20.986635,-22.59884,-6.246099,-26.51537,1346.5116,0.05968896,0.12016059027777778,1.408,data/raw/audio_samples\Actor_10\03-01-06-02-01-01-10.wav,Actor_10,fearful,nervous
-267.52493,59.480076,-47.17568,11.891393,-30.510422,-26.398184,-28.22285,-27.888512,-5.3898077,-21.195753,-23.242561,-4.3549075,-24.396336,1393.949,0.051258776,0.11475605867346939,1.536,data/raw/audio_samples\Actor_10\03-01-06-02-01-02-10.wav,Actor_10,fearful,nervous
-279.6898,49.187107,-31.007677,3.1071653,-30.544062,-21.908735,-26.848682,-27.313227,-9.617043,-16.976429,-21.348335,-2.8699467,-20.67981,1325.8817,0.05420125,0.1529644465042373,1.856,data/raw/audio_samples\Actor_10\03-01-06-02-02-01-10.wav,Actor_10,fearful,nervous
-351.7509,68.98418,-31.243395,9.097761,-31.89986,-18.747343,-33.82937,-24.670578,-7.993672,-23.370697,-12.281909,-5.512305,-17.773808,1232.1022,0.026824756,0.1293705174180328,1.92,data/raw/audio_samples\Actor_10\03-01-06-02-02-02-10.wav,Actor_10,fearful,nervous
-404.20404,92.81264,-24.886927,12.986128,-20.070395,-11.2478,-33.103065,-15.915525,-2.7298167,-18.60866,-8.208616,-4.0337973,-12.917757,1600.5692,0.012720683,0.12807791573660715,1.76,data/raw/audio_samples\Actor_10\03-01-07-01-01-01-10.wav,Actor_10,disgust,nervous
-424.7008,94.72785,-26.490494,12.356651,-17.155005,-13.764417,-36.552536,-10.785248,-1.4969618,-23.960217,-4.5492115,-4.9351845,-9.856993,1530.5615,0.012486811,0.12281992737676056,2.24,data/raw/audio_samples\Actor_10\03-01-07-01-01-02-10.wav,Actor_10,disgust,nervous
-417.42566,91.68622,-6.544397,8.446829,-15.433838,-11.820905,-24.902287,-10.336074,-0.5316491,-20.290081,-5.721378,-7.9932575,-10.102646,1378.7458,0.011472264,0.15185546875,1.92,data/raw/audio_samples\Actor_10\03-01-07-01-02-01-10.wav,Actor_10,disgust,nervous
-372.63782,59.06828,-19.19113,4.3829675,-19.169655,-10.652335,-25.666935,-3.1812613,-3.8369856,-23.629608,-1.2897218,-13.4456835,-4.455057,1544.2173,0.016210653,0.20955403645833334,2.272,data/raw/audio_samples\Actor_10\03-01-07-01-02-02-10.wav,Actor_10,disgust,nervous
-304.3798,70.15491,-38.67325,4.943933,-25.583292,-17.19511,-30.229614,-14.925044,-6.4280477,-24.027534,-9.295852,-14.912659,-9.981742,1610.3113,0.037507672,0.13454652443910256,2.464,data/raw/audio_samples\Actor_10\03-01-07-02-01-01-10.wav,Actor_10,disgust,nervous
-288.8899,64.48122,-42.14608,8.16598,-28.807215,-21.10561,-30.267467,-17.490734,-6.1197953,-28.28797,-8.968985,-9.543434,-16.92609,1746.7474,0.044031583,0.135968017578125,2.528,data/raw/audio_samples\Actor_10\03-01-07-02-01-02-10.wav,Actor_10,disgust,nervous
-316.09918,67.6294,-39.4853,6.993173,-26.069048,-16.950499,-38.560013,-15.976566,-4.6074452,-29.90828,-4.956436,-19.331272,-10.231781,1270.1932,0.037372824,0.14689700704225353,2.24,data/raw/audio_samples\Actor_10\03-01-07-02-02-01-10.wav,Actor_10,disgust,nervous
-303.89478,60.92688,-38.80563,-5.2340684,-30.707233,-20.599754,-26.980768,-26.878069,-3.6095803,-21.56651,-14.959592,-9.655966,-15.116565,1233.9374,0.04728898,0.15719364466292135,2.816,data/raw/audio_samples\Actor_10\03-01-07-02-02-02-10.wav,Actor_10,disgust,nervous
-330.04065,79.91687,-12.165466,8.761135,-18.283274,-20.364723,-26.218601,-11.146412,-9.427658,-25.274012,-13.166018,-13.796439,-15.03379,1411.6305,0.02459611,0.12522627667682926,1.28,data/raw/audio_samples\Actor_10\03-01-08-01-01-01-10.wav,Actor_10,surprised,neutral
-347.20483,90.965965,-7.4501276,8.8742,-19.723568,-15.746618,-21.034409,-17.684052,-7.5627055,-19.276894,-14.086545,-3.8103836,-13.32646,1584.0698,0.02116793,0.12083899456521739,1.44,data/raw/audio_samples\Actor_10\03-01-08-01-01-02-10.wav,Actor_10,surprised,neutral
-270.46173,79.022,-20.411386,-3.1616635,-21.032639,-20.4168,-28.281322,-21.06809,-6.1153784,-25.577164,-17.560894,-7.861112,-18.93563,1213.6725,0.0448064,0.13594148596938777,1.536,data/raw/audio_samples\Actor_10\03-01-08-01-02-01-10.wav,Actor_10,surprised,neutral
-356.67148,98.416466,-11.511902,5.385474,-18.912743,-23.00202,-25.787153,-13.482777,-6.729054,-25.139093,-13.867356,-7.131893,-18.917776,1170.2551,0.022774946,0.119091796875,1.568,data/raw/audio_samples\Actor_10\03-01-08-01-02-02-10.wav,Actor_10,surprised,neutral
-251.1212,73.91587,-32.620155,4.4356623,-20.130537,-18.40509,-24.916203,-25.471458,-10.857665,-18.262762,-18.364874,-4.73156,-18.941637,1583.5399,0.050443396,0.13250358737244897,1.536,data/raw/audio_samples\Actor_10\03-01-08-02-01-01-10.wav,Actor_10,surprised,neutral
-256.98688,71.699234,-39.794548,0.04149439,-29.964987,-29.753145,-36.401997,-24.60816,-12.463293,-28.738705,-17.10582,-9.3629465,-20.776035,1100.2347,0.06542864,0.09288969494047619,1.312,data/raw/audio_samples\Actor_10\03-01-08-02-01-02-10.wav,Actor_10,surprised,neutral
-247.16689,64.51385,-28.146664,-9.868528,-18.1142,-23.413261,-18.95991,-28.652973,-8.9189005,-21.774231,-21.88149,-12.192442,-17.286219,1238.2648,0.075887226,0.14912297175480768,1.632,data/raw/audio_samples\Actor_10\03-01-08-02-02-01-10.wav,Actor_10,surprised,neutral
-233.19055,70.69323,-17.698051,-4.673439,-14.5644045,-21.537367,-27.325378,-25.366373,-6.898403,-20.955057,-24.736853,-10.756358,-16.32048,1137.4921,0.0647094,0.12455240885416667,1.504,data/raw/audio_samples\Actor_10\03-01-08-02-02-02-10.wav,Actor_10,surprised,neutral
-507.124,112.081245,24.261381,22.543587,-0.4427253,-1.2947158,-7.0437765,-10.29406,-12.795123,1.0470194,-9.706323,-5.6815734,-5.7747874,1266.771,0.0042998814,0.08587795350609756,1.28,data/raw/audio_samples\Actor_11\03-01-01-01-01-01-11.wav,Actor_11,neutral,confident
-472.14716,106.759186,15.341659,18.242304,-5.6727414,1.0087113,-8.699268,-16.101202,-12.884293,-0.55736107,-9.503826,-9.615053,-5.5545936,1218.1837,0.00598789,0.09631049923780488,1.28,data/raw/audio_samples\Actor_11\03-01-01-01-01-02-11.wav,Actor_11,neutral,confident
-486.9589,96.7499,23.136168,26.173386,-4.0396667,0.22134222,-9.879842,-13.572368,-11.787061,-0.078649834,-12.732687,-6.9885345,-9.632623,1411.2189,0.005062576,0.11616551598837209,1.344,data/raw/audio_samples\Actor_11\03-01-01-01-02-01-11.wav,Actor_11,neutral,confident
-474.97296,101.26151,24.291208,24.85301,-0.35963956,-3.339963,-9.285711,-13.03488,-12.661254,3.9707918,-11.444271,-8.73845,-11.699248,1285.0415,0.005095292,0.10171011991279069,1.344,data/raw/audio_samples\Actor_11\03-01-01-01-02-02-11.wav,Actor_11,neutral,confident
-545.1167,91.850746,21.162548,28.888956,9.082274,7.8403664,-4.1478386,-10.174675,-5.4320936,5.882275,-7.9631996,-8.623491,-4.0624347,1375.025,0.0022590621,0.0916274713010204,1.536,data/raw/audio_samples\Actor_11\03-01-02-01-01-01-11.wav,Actor_11,calm,confident
-530.2743,98.21223,19.577076,29.006796,6.835681,5.769373,-6.222752,-4.295699,-5.5026655,5.492407,-7.84877,-5.0534763,-4.712483,1356.3036,0.0026711908,0.08478252704326923,1.632,data/raw/audio_samples\Actor_11\03-01-02-01-01-02-11.wav,Actor_11,calm,confident
-497.01428,97.153,25.589056,25.820116,-0.17927746,3.4759614,-14.274101,-10.324446,-8.57181,3.8477018,-8.718263,-4.128439,-9.047919,1245.5535,0.0042554215,0.11429936835106383,1.472,data/raw/audio_samples\Actor_11\03-01-02-01-02-01-11.wav,Actor_11,calm,confident
-543.345,86.03154,24.863295,24.74148,9.604916,4.9116735,-5.298876,-4.513802,-7.6585817,11.63758,-6.0802417,-7.6494513,-6.4159975,1443.2849,0.002548343,0.10564254502118645,1.856,data/raw/audio_samples\Actor_11\03-01-02-01-02-02-11.wav,Actor_11,calm,confident
-561.6817,95.14297,20.324862,30.688631,10.430079,0.9813558,-0.49199045,-1.3514515,-5.053166,9.446418,-3.908374,-4.287777,-2.325125,1436.5532,0.0019656015,0.1145139600409836,1.92,data/raw/audio_samples\Actor_11\03-01-02-02-01-01-11.wav,Actor_11,calm,confident
-556.0171,80.188896,21.549294,31.820719,5.9856334,3.1553023,-3.3642592,-2.651589,-13.912644,6.4684477,-10.998733,-5.79318,-5.500655,1644.8301,0.0019868112,0.1123318142361111,1.696,data/raw/audio_samples\Actor_11\03-01-02-02-01-02-11.wav,Actor_11,calm,confident
-547.1973,83.74323,21.63132,24.66508,8.386939,2.1063697,-4.800449,-7.1647525,-7.398191,7.779852,-6.7525125,-7.5862346,-5.865713,1170.7922,0.0023563528,0.10400390625,1.952,data/raw/audio_samples\Actor_11\03-01-02-02-02-01-11.wav,Actor_11,calm,confident
-554.94354,88.83194,22.222641,25.364582,7.3621984,4.115308,-5.6601243,-5.978271,-9.995008,10.942562,-6.7265573,-4.377795,-7.6214285,1347.1495,0.0026755258,0.1172332763671875,2.016,data/raw/audio_samples\Actor_11\03-01-02-02-02-02-11.wav,Actor_11,calm,confident
-437.35355,110.63372,-0.25084913,10.969588,-3.5273998,-6.7097573,-20.30427,-15.690236,-21.918049,1.6508434,-9.90132,-10.758724,-5.3527904,916.5549,0.009275827,0.0881076388888889,1.12,data/raw/audio_samples\Actor_11\03-01-03-01-01-01-11.wav,Actor_11,happy,confident
-431.43573,105.39836,5.750469,9.903805,2.9634182,-7.0923347,-14.908862,-15.021101,-15.68905,2.1679575,-10.759628,-8.424992,-8.522968,1202.0358,0.008367154,0.09471520712209303,1.344,data/raw/audio_samples\Actor_11\03-01-03-01-01-02-11.wav,Actor_11,happy,confident
-423.54523,98.79153,7.1489434,8.991428,0.93836725,-8.653311,-19.91381,-17.511892,-20.465097,0.050068952,-12.177556,-4.33681,-12.051375,923.19006,0.008961345,0.1126708984375,1.248,data/raw/audio_samples\Actor_11\03-01-03-01-02-01-11.wav,Actor_11,happy,confident
-414.5266,93.95973,13.955501,15.835539,-4.9763656,-5.49372,-16.246098,-12.11841,-21.104649,-0.17768827,-9.91013,-10.2892475,-9.148399,810.1407,0.010117819,0.1221284412202381,1.312,data/raw/audio_samples\Actor_11\03-01-03-01-02-02-11.wav,Actor_11,happy,confident
-309.15497,79.80095,-0.92562246,4.662848,-9.221109,-4.4652953,-7.043129,-9.574544,-19.168602,3.607597,-8.593052,-1.2984977,-8.409293,855.9841,0.032295305,0.08646453373015874,1.984,data/raw/audio_samples\Actor_11\03-01-03-02-01-01-11.wav,Actor_11,happy,confident
-290.1776,73.855865,-4.830928,8.723557,-12.461563,-8.238511,-6.109714,-11.171973,-18.516956,3.142846,-7.0282536,-3.4168866,-7.5110846,1273.3204,0.037285604,0.11329064002403846,1.632,data/raw/audio_samples\Actor_11\03-01-03-02-01-02-11.wav,Actor_11,happy,confident
-311.24716,68.19545,-14.941725,-3.7861092,-18.890219,-11.272268,-12.490188,-17.463236,-25.183481,-2.717131,-13.237439,-3.0113404,-17.13578,946.7055,0.03461004,0.13644205729166667,1.888,data/raw/audio_samples\Actor_11\03-01-03-02-02-01-11.wav,Actor_11,happy,confident
-312.84207,80.09536,-2.9802353,-0.3338393,-13.791861,-9.914082,-17.907185,-12.298813,-28.251747,-3.1475034,-10.640394,-6.9649143,-14.359216,795.2369,0.03264958,0.1406977227393617,1.472,data/raw/audio_samples\Actor_11\03-01-03-02-02-02-11.wav,Actor_11,happy,confident
-481.33954,84.06614,13.276403,25.80159,1.2965441,-3.7592323,-3.988427,-10.088052,-13.712995,5.2074947,-12.1831045,-5.9933743,-11.334537,1517.2126,0.004191751,0.10371730638586957,1.44,data/raw/audio_samples\Actor_11\03-01-04-01-01-01-11.wav,Actor_11,sad,nervous
-553.22723,86.09398,29.20228,33.032856,5.9554853,5.171867,-0.71313006,-6.6864886,-12.777494,6.689346,-1.1922212,-2.3976197,-4.6403956,1488.7059,0.0029804131,0.09816778273809523,1.984,data/raw/audio_samples\Actor_11\03-01-04-01-01-02-11.wav,Actor_11,sad,nervous
-510.85992,87.07799,32.631615,23.649096,-0.8400675,1.9910771,-7.3461504,-6.155903,-18.17316,4.645467,-11.988017,-6.743156,-12.765013,1313.7759,0.004280107,0.13505122346698112,1.664,data/raw/audio_samples\Actor_11\03-01-04-01-02-01-11.wav,Actor_11,sad,nervous
-484.33414,90.90214,30.618156,21.89386,-2.1838284,1.4055104,-3.7964742,-9.477939,-14.354701,1.9295143,-11.296748,-6.959067,-11.418937,1165.8503,0.0053712926,0.12569173177083334,1.504,data/raw/audio_samples\Actor_11\03-01-04-01-02-02-11.wav,Actor_11,sad,nervous
-386.233,89.6479,-0.26911482,6.2890153,-9.053084,-4.1262684,-16.137257,-12.476821,-23.816137,-3.5327835,-9.649261,-4.5276203,-8.833447,1378.4312,0.013700608,0.09709366508152174,1.44,data/raw/audio_samples\Actor_11\03-01-04-02-01-01-11.wav,Actor_11,sad,nervous
-395.40924,82.89309,-2.67475,14.228838,-4.0489755,-7.9519353,-15.215512,-13.857707,-19.432596,-1.500958,-10.065593,-3.0710304,-11.216644,1382.079,0.016245414,0.10241135817307692,2.048,data/raw/audio_samples\Actor_11\03-01-04-02-01-02-11.wav,Actor_11,sad,nervous
-357.97653,78.77044,-5.472538,0.91054064,-17.21947,-7.0347037,-20.53042,-22.058886,-26.241137,-8.404404,-9.816967,-8.431208,-9.657079,690.0843,0.02030899,0.11781083776595745,1.472,data/raw/audio_samples\Actor_11\03-01-04-02-02-01-11.wav,Actor_11,sad,nervous
-355.44754,75.9607,3.2298694,4.7475643,-12.223509,-9.186194,-20.561348,-16.910843,-29.160824,-3.4976606,-11.574196,-8.54491,-9.555826,934.5916,0.020551993,0.12920851934523808,1.312,data/raw/audio_samples\Actor_11\03-01-04-02-02-02-11.wav,Actor_11,sad,nervous
-325.49643,81.86361,1.0538204,7.5636106,-13.950132,-5.1818085,-8.699062,-13.807589,-17.82678,0.7860765,-11.338265,-5.189094,-8.12524,1500.5192,0.019196102,0.1289344200721154,1.632,data/raw/audio_samples\Actor_11\03-01-05-01-01-01-11.wav,Actor_11,angry,nervous
-368.5936,86.74994,14.111438,10.09672,-7.9888935,-2.4540539,-7.727621,-13.395185,-16.244915,3.3072584,-10.911298,-1.3604066,-9.647643,1475.1202,0.012340045,0.11994140625,1.568,data/raw/audio_samples\Actor_11\03-01-05-01-01-02-11.wav,Actor_11,angry,nervous
-312.25305,74.136566,-3.08749,-1.1893358,-17.32369,-4.793433,-16.157867,-16.42748,-25.173363,0.12122351,-13.748556,-5.388886,-9.312323,1121.7653,0.026315032,0.13342036033163265,1.536,data/raw/audio_samples\Actor_11\03-01-05-01-02-01-11.wav,Actor_11,angry,nervous
-322.69516,75.44623,-1.5547352,-0.692716,-14.786411,-4.6209893,-17.117496,-12.204063,-24.891973,1.9450535,-16.048122,-3.3508356,-10.964852,1045.3889,0.022990886,0.1418057528409091,1.728,data/raw/audio_samples\Actor_11\03-01-05-01-02-02-11.wav,Actor_11,angry,nervous
-220.34737,59.795677,-6.1375017,5.736403,-21.636745,-7.5439653,-7.803587,-7.9639387,-23.788591,1.5292164,-8.931709,-3.8533936,-8.852054,1297.934,0.051780414,0.121826171875,1.568,data/raw/audio_samples\Actor_11\03-01-05-02-01-01-11.wav,Actor_11,angry,nervous
-161.82033,39.1335,-15.972492,-4.1185064,-29.977283,-10.022258,-12.3287735,-9.949664,-25.985703,0.9661423,-10.912494,-3.2494147,-6.398685,1338.1604,0.105579756,0.1302214591733871,1.952,data/raw/audio_samples\Actor_11\03-01-05-02-01-02-11.wav,Actor_11,angry,nervous
-167.758,57.987198,-8.262268,4.879231,-33.22228,-9.0477915,-5.1574526,-8.924386,-23.841759,1.9460303,-11.666797,-2.0665114,-8.410056,1422.821,0.09468904,0.14795696924603174,1.984,data/raw/audio_samples\Actor_11\03-01-05-02-02-01-11.wav,Actor_11,angry,nervous
-147.24036,30.623169,-19.23412,-10.459127,-34.46727,-6.9168506,-10.810595,-8.670835,-28.729733,1.8002701,-12.666579,-5.9838934,-9.001946,1461.7092,0.12391997,0.16757307381465517,1.824,data/raw/audio_samples\Actor_11\03-01-05-02-02-02-11.wav,Actor_11,angry,nervous
-419.39343,82.90061,14.1637745,13.566798,-6.4996977,0.12821212,-4.9243755,-6.483181,-14.5969515,4.936473,-11.065277,-2.081243,-11.385685,1520.507,0.007090345,0.12298828125,1.568,data/raw/audio_samples\Actor_11\03-01-06-01-01-01-11.wav,Actor_11,fearful,nervous
-393.8923,86.06216,13.951674,8.956796,-10.178251,-1.4098347,-3.0838573,-8.363393,-18.102127,1.1817256,-9.596824,-3.6407502,-10.247571,1316.611,0.010201111,0.10984413296568628,1.6,data/raw/audio_samples\Actor_11\03-01-06-01-01-02-11.wav,Actor_11,fearful,nervous
-370.49838,87.5795,5.8774343,13.01188,-9.477368,-0.0260127,-19.361345,-17.597677,-18.284203,-2.8236027,-12.422601,-6.9856343,-9.938473,1040.273,0.01489263,0.13396770198170732,1.28,data/raw/audio_samples\Actor_11\03-01-06-01-02-01-11.wav,Actor_11,fearful,nervous
-375.33237,90.858315,7.8163376,10.352521,-11.425155,-1.492743,-14.655193,-10.64108,-18.23337,-2.8015606,-12.218742,-7.6439033,-7.678578,1172.5625,0.014700951,0.1139600800304878,1.28,data/raw/audio_samples\Actor_11\03-01-06-01-02-02-11.wav,Actor_11,fearful,nervous
-232.39449,60.11553,-19.75005,10.809876,-20.221264,-10.532407,-10.590535,-15.66976,-21.883137,-4.6736846,-8.973857,-7.0948744,-12.354715,1247.0464,0.051073276,0.11175537109375,1.248,data/raw/audio_samples\Actor_11\03-01-06-02-01-01-11.wav,Actor_11,fearful,nervous
-223.85295,54.404266,-15.470297,6.311306,-17.886515,-10.600459,-7.373535,-12.087482,-18.047218,-2.8094316,-12.505817,-7.436083,-8.616368,1084.8026,0.060080588,0.1004906631097561,1.28,data/raw/audio_samples\Actor_11\03-01-06-02-01-02-11.wav,Actor_11,fearful,nervous
-196.29295,40.313347,-22.272957,2.8957407,-30.583559,-13.372245,-14.3239975,-21.717638,-23.495916,-9.2172575,-10.449323,-9.218711,-13.281877,1410.0627,0.069378875,0.15496991131756757,1.152,data/raw/audio_samples\Actor_11\03-01-06-02-02-01-11.wav,Actor_11,fearful,nervous
-190.45119,41.068832,-18.438772,-9.77075,-25.05642,-10.099835,-13.961374,-11.364424,-26.262959,-4.606397,-12.738196,-7.261111,-13.22497,1133.0754,0.07159463,0.1495849609375,1.248,data/raw/audio_samples\Actor_11\03-01-06-02-02-02-11.wav,Actor_11,fearful,nervous
-431.55054,87.184494,19.057491,20.780876,-9.392271,0.7297748,-12.366514,-11.43881,-19.984251,3.7934275,-12.148055,-6.922474,-8.358583,1527.0078,0.008907378,0.11397221403301887,1.664,data/raw/audio_samples\Actor_11\03-01-07-01-01-01-11.wav,Actor_11,disgust,nervous
-408.66306,88.07775,13.468484,27.85517,-10.502628,0.77977365,-7.923998,-11.038289,-15.973437,2.5452342,-10.593769,-3.752913,-8.56046,1287.5386,0.011898903,0.09918811274509803,1.6,data/raw/audio_samples\Actor_11\03-01-07-01-01-02-11.wav,Actor_11,disgust,nervous
-423.93265,99.12669,18.339716,3.3863125,-9.7115965,-0.37592417,-13.121558,-6.70308,-19.940145,4.2767267,-14.123112,-6.5634727,-7.350967,1080.0387,0.009869587,0.13905054209183673,1.536,data/raw/audio_samples\Actor_11\03-01-07-01-02-01-11.wav,Actor_11,disgust,nervous
-413.4067,96.434074,18.40843,5.920641,-18.098297,-4.1599193,-10.279014,-10.503276,-20.135159,3.5899467,-15.315551,-7.1063337,-7.468837,1026.8396,0.0116906045,0.13874289772727272,1.728,data/raw/audio_samples\Actor_11\03-01-07-01-02-02-11.wav,Actor_11,disgust,nervous
-366.67767,78.120285,12.566877,16.544535,-8.909052,-2.1563177,-9.14826,-11.894764,-18.164864,8.923775,-9.419097,-2.5426667,-5.513171,1421.4468,0.013306358,0.13338496767241378,1.824,data/raw/audio_samples\Actor_11\03-01-07-02-01-01-11.wav,Actor_11,disgust,nervous
-486.0112,67.678505,12.830631,19.490799,-1.3944076,4.2146215,-1.7583317,-7.907387,-5.6660542,7.4210405,-8.001761,-1.9652333,-2.8639739,1608.4384,0.008583236,0.14295543323863635,2.8118125,data/raw/audio_samples\Actor_11\03-01-07-02-01-02-11.wav,Actor_11,disgust,nervous
-399.88287,92.78245,16.505936,0.24018031,-13.089476,0.31896168,-13.519176,-17.461061,-21.544794,2.4593825,-11.000119,-7.7523828,-6.383639,859.6731,0.0120231835,0.13081287202380953,1.984,data/raw/audio_samples\Actor_11\03-01-07-02-02-01-11.wav,Actor_11,disgust,nervous
-366.28958,78.13758,11.898867,3.4443626,-14.804192,-3.5562303,-13.168501,-11.112321,-12.627538,1.9660146,-10.435073,-9.456641,-5.190084,1037.8279,0.015066192,0.14153535487288135,1.856,data/raw/audio_samples\Actor_11\03-01-07-02-02-02-11.wav,Actor_11,disgust,nervous
-416.20905,83.6534,6.5996966,1.5880646,-7.6945086,-5.283566,-20.038462,-17.629942,-19.542091,2.1582856,-11.6761675,-10.562189,-9.0590925,1142.29,0.009333152,0.11184430803571428,1.088,data/raw/audio_samples\Actor_11\03-01-08-01-01-01-11.wav,Actor_11,surprised,neutral
-401.09003,90.89959,1.9942836,-9.4628,-11.619742,-9.982148,-18.798422,-17.099232,-22.99275,-3.198328,-13.021456,-13.796377,-8.829687,1009.55615,0.012962697,0.09195523648648649,1.152,data/raw/audio_samples\Actor_11\03-01-08-01-01-02-11.wav,Actor_11,surprised,neutral
-327.91223,76.99461,3.1644104,4.9360933,-17.063612,-7.3781896,-7.771996,-15.7430105,-22.653193,-0.7107431,-15.513306,-9.427872,-12.854676,1236.4852,0.022099184,0.1252003205128205,1.216,data/raw/audio_samples\Actor_11\03-01-08-01-02-01-11.wav,Actor_11,surprised,neutral
-348.77112,65.84725,-3.7507946,0.6165654,-8.947852,-10.627513,-15.831669,-21.273582,-20.93125,0.38603097,-13.063854,-8.972188,-11.325391,1008.32776,0.019354159,0.1213522518382353,1.056,data/raw/audio_samples\Actor_11\03-01-08-01-02-02-11.wav,Actor_11,surprised,neutral
-351.7296,67.29001,-2.6106884,-0.51116,-16.184948,-10.0840225,-17.781471,-15.623616,-20.540308,-3.604816,-12.165031,-15.576405,-11.8401375,1129.2676,0.01810871,0.10515679253472222,1.12,data/raw/audio_samples\Actor_11\03-01-08-02-01-01-11.wav,Actor_11,surprised,neutral
-287.5147,64.48845,-2.3707817,-3.636081,-19.103233,-13.0053835,-8.5617285,-14.909168,-22.003122,0.13678473,-17.149918,-12.328886,-11.992186,1162.661,0.029893586,0.11109683388157894,1.184,data/raw/audio_samples\Actor_11\03-01-08-02-01-02-11.wav,Actor_11,surprised,neutral
-299.66458,57.249992,-6.5569777,-7.8804274,-15.082442,-12.784588,-15.659304,-18.641506,-25.487244,-3.0344214,-14.631278,-12.353576,-9.381116,1224.7686,0.02965577,0.14797561233108109,1.152,data/raw/audio_samples\Actor_11\03-01-08-02-02-01-11.wav,Actor_11,surprised,neutral
-299.30737,49.202717,5.51717,-4.588473,-16.77562,-13.916821,-11.797471,-19.2669,-22.68871,-3.7534719,-16.881441,-11.589365,-8.741008,1331.5665,0.028632393,0.14305284288194445,1.12,data/raw/audio_samples\Actor_11\03-01-08-02-02-02-11.wav,Actor_11,surprised,neutral
-496.71042,87.92526,-16.352726,16.313288,-16.716557,-9.4765005,-20.405804,-26.671831,-11.691518,-12.459091,-8.636916,-16.828896,-5.872766,1199.2118,0.0057548117,0.08778007075471699,1.664,data/raw/audio_samples\Actor_12\03-01-01-01-01-01-12.wav,Actor_12,neutral,confident
-487.5499,85.64385,-15.300481,17.963753,-11.637942,-7.82677,-17.791155,-23.65298,-5.032799,-9.033071,-9.695009,-9.659439,-4.522289,1291.0732,0.00550733,0.0822897518382353,1.6,data/raw/audio_samples\Actor_12\03-01-01-01-01-02-12.wav,Actor_12,neutral,confident
-463.18683,76.63064,-15.18038,8.954591,-12.276602,-12.589312,-26.038456,-28.08439,-5.415199,-12.967381,-10.13943,-17.875042,-6.827304,717.0844,0.007318736,0.11191969651442307,1.632,data/raw/audio_samples\Actor_12\03-01-01-01-02-01-12.wav,Actor_12,neutral,confident
-478.48315,71.27766,-12.87325,7.433567,-13.23795,-10.99281,-27.887611,-21.220753,-4.2167697,-15.88663,-9.957028,-15.660007,-6.119832,842.834,0.006247953,0.12381036931818182,1.728,data/raw/audio_samples\Actor_12\03-01-01-01-02-02-12.wav,Actor_12,neutral,confident
-477.04346,80.79788,-13.869227,13.4524145,-11.512839,-5.334802,-14.320472,-17.809313,-10.71887,-11.001874,-3.529138,-15.6205435,-3.8698733,1401.4847,0.005947129,0.09785636526639344,1.92,data/raw/audio_samples\Actor_12\03-01-02-01-01-01-12.wav,Actor_12,calm,confident
-489.66605,83.1594,-12.938159,12.139473,-12.655948,-0.22647598,-17.01874,-16.203707,-11.651748,-6.62439,-4.926559,-18.801321,-2.565405,1338.1215,0.005017185,0.09655975877192982,1.792,data/raw/audio_samples\Actor_12\03-01-02-01-01-02-12.wav,Actor_12,calm,confident
-490.7495,69.54426,-14.338921,10.614854,-11.126937,-17.042253,-25.869497,-22.913507,-14.0410185,-14.016398,-10.222544,-20.099154,-5.524689,1123.3718,0.0065132696,0.14823887711864406,1.856,data/raw/audio_samples\Actor_12\03-01-02-01-02-01-12.wav,Actor_12,calm,confident
-487.2746,66.122955,-16.07979,11.844294,-9.693028,-12.212005,-27.3858,-21.995258,-12.497835,-13.465823,-8.569612,-20.689384,-2.1831825,825.61426,0.0060766325,0.1412286931818182,1.728,data/raw/audio_samples\Actor_12\03-01-02-01-02-02-12.wav,Actor_12,calm,confident
-515.26575,75.730576,-12.51895,16.21326,-13.1748295,-8.832016,-15.364906,-17.364773,-16.885176,-12.568382,-5.6611805,-18.719059,-3.645809,1556.4104,0.0049354346,0.09483173076923077,2.048,data/raw/audio_samples\Actor_12\03-01-02-02-01-01-12.wav,Actor_12,calm,confident
-506.82077,90.326004,-7.288443,22.142797,-8.43491,-2.6657622,-8.627075,-16.06873,-7.623015,-6.678774,-4.3364224,-15.311217,-2.9987385,1412.0725,0.0055089556,0.08073773300438597,1.792,data/raw/audio_samples\Actor_12\03-01-02-02-01-02-12.wav,Actor_12,calm,confident
-495.8564,64.30038,-12.302778,8.071216,-12.603217,-11.800991,-26.417137,-17.661757,-20.01562,-12.802139,-8.877159,-24.524786,-2.812291,1004.44885,0.0062116645,0.15259217379385964,1.792,data/raw/audio_samples\Actor_12\03-01-02-02-02-01-12.wav,Actor_12,calm,confident
-494.47546,69.054405,-8.622709,8.094341,-13.128844,-8.194118,-22.965887,-17.706804,-15.520164,-15.770876,-7.8709755,-21.722881,-5.440426,868.2221,0.0058859806,0.14074913930084745,1.856,data/raw/audio_samples\Actor_12\03-01-02-02-02-02-12.wav,Actor_12,calm,confident
-383.04996,72.33756,-42.926216,17.968348,-25.670248,-11.115023,-21.488298,-23.080778,-4.7233458,-12.567871,-2.093567,-18.99296,-5.592178,1250.0568,0.013607587,0.10859736689814815,1.696,data/raw/audio_samples\Actor_12\03-01-03-01-01-01-12.wav,Actor_12,happy,confident
-378.5018,76.924675,-41.61234,16.783005,-22.43359,-11.39882,-18.268362,-23.138912,-3.2654824,-9.150564,-0.50732154,-15.152444,-5.267352,1345.4229,0.014027763,0.10786576704545454,1.728,data/raw/audio_samples\Actor_12\03-01-03-01-01-02-12.wav,Actor_12,happy,confident
-383.21826,60.689465,-30.530184,11.978534,-25.054083,-14.587064,-32.98203,-28.195143,-11.849448,-16.426054,-7.30197,-26.270134,-6.2062554,1245.3997,0.013117608,0.15562947591145834,1.504,data/raw/audio_samples\Actor_12\03-01-03-01-02-01-12.wav,Actor_12,happy,confident
-380.85934,63.099606,-42.0438,15.29772,-24.306513,-17.342913,-29.906384,-28.336353,-6.610462,-17.249876,-2.9117212,-19.853666,-6.4849663,1333.2308,0.01516494,0.143359375,1.728,data/raw/audio_samples\Actor_12\03-01-03-01-02-02-12.wav,Actor_12,happy,confident
-255.95105,61.012657,-57.545982,5.708432,-31.823578,-17.137157,-10.780671,-23.040442,-3.0946496,-8.955304,-1.9076751,-13.79549,-0.22095415,1447.4536,0.052799895,0.10532670454545455,1.728,data/raw/audio_samples\Actor_12\03-01-03-02-01-01-12.wav,Actor_12,happy,confident
-272.5048,59.042236,-48.0015,11.948262,-23.307077,-17.121433,-6.4883404,-21.799295,1.1335446,-8.263608,2.427979,-12.350374,-7.6657267,1400.3821,0.048668955,0.10410670230263158,1.792,data/raw/audio_samples\Actor_12\03-01-03-02-01-02-12.wav,Actor_12,happy,confident
-340.63107,57.245453,-49.233444,9.359487,-28.285122,-19.60327,-24.136631,-31.256947,-3.220572,-16.480127,-7.150574,-14.541376,-10.153488,1484.5643,0.025510717,0.14364035087719298,1.792,data/raw/audio_samples\Actor_12\03-01-03-02-02-01-12.wav,Actor_12,happy,confident
-293.3512,43.61022,-69.16564,-6.867608,-32.761227,-28.074928,-18.510147,-33.24697,-4.7778454,-17.784777,-6.259873,-8.71845,1.5110221,1368.0024,0.0538831,0.1275122857862903,1.952,data/raw/audio_samples\Actor_12\03-01-03-02-02-02-12.wav,Actor_12,happy,confident
-421.596,78.13972,-31.266294,11.793784,-18.388056,-15.270653,-20.677929,-26.23043,-6.3494687,-12.113158,-6.4345226,-11.088695,-8.734494,1261.9757,0.011503844,0.10581341911764706,1.6,data/raw/audio_samples\Actor_12\03-01-04-01-01-01-12.wav,Actor_12,sad,nervous
-534.952,73.338684,-17.381432,11.629497,-9.824878,-8.884796,-19.7804,-21.006258,2.4792428,-9.883116,-4.3130603,-11.220495,-3.7996402,1339.208,0.007133984,0.10414606408227849,2.496,data/raw/audio_samples\Actor_12\03-01-04-01-01-02-12.wav,Actor_12,sad,nervous
-475.9231,60.432537,-14.660355,8.658878,-12.377798,-5.1737814,-30.96634,-24.04018,-10.549642,-13.30031,0.19142151,-20.610138,-2.1374388,850.8908,0.007251463,0.1285424325980392,1.6,data/raw/audio_samples\Actor_12\03-01-04-01-02-01-12.wav,Actor_12,sad,nervous
-438.69745,56.182293,-25.232067,9.64753,-16.387707,-12.646389,-31.24398,-30.285069,-6.0077367,-18.43784,-2.060219,-18.50471,-8.239209,1184.494,0.009510179,0.1627795649509804,1.6,data/raw/audio_samples\Actor_12\03-01-04-01-02-02-12.wav,Actor_12,sad,nervous
-333.33423,62.46788,-46.136776,3.0152545,-37.957977,-25.822668,-18.640978,-32.37629,-7.3124576,-11.937096,-5.7234874,-4.606638,-8.0712805,1293.6415,0.031096378,0.11100260416666667,1.696,data/raw/audio_samples\Actor_12\03-01-04-02-01-01-12.wav,Actor_12,sad,nervous
-298.90717,59.624218,-61.89019,-8.5142975,-39.48074,-26.395082,-24.07675,-34.54453,-1.1866034,-16.713842,-5.0983663,-10.1194935,-3.5502944,1323.6101,0.043583635,0.1321307488207547,1.664,data/raw/audio_samples\Actor_12\03-01-04-02-01-02-12.wav,Actor_12,sad,nervous
-447.36658,37.74252,-37.574417,-5.590607,-20.762522,-20.951624,-20.688051,-26.899828,-3.3496509,-10.906831,-9.331997,-6.219938,-10.919303,1153.2725,0.021313941,0.12494705384036145,2.624,data/raw/audio_samples\Actor_12\03-01-04-02-02-01-12.wav,Actor_12,sad,nervous
-309.1761,46.332096,-51.60011,-13.764584,-32.469578,-30.583193,-18.126654,-33.020348,-5.535338,-10.27105,-9.444677,-5.612454,-12.427783,1266.0294,0.048658486,0.1474609375,1.856,data/raw/audio_samples\Actor_12\03-01-04-02-02-02-12.wav,Actor_12,sad,nervous
-401.9241,82.37656,-13.814049,14.123749,-22.226452,-0.9721882,-12.191497,-18.754826,-8.233813,-7.473761,-4.4692473,-7.529297,-3.182585,1553.0769,0.011639071,0.11827728713768115,2.176,data/raw/audio_samples\Actor_12\03-01-05-01-01-01-12.wav,Actor_12,angry,nervous
-385.58557,75.64791,-15.896008,19.763073,-21.79405,-4.855972,-11.627787,-20.666317,-6.610684,-4.654525,-4.1257577,-6.392783,-3.7274523,1580.3695,0.013850051,0.10880008820564516,1.952,data/raw/audio_samples\Actor_12\03-01-05-01-01-02-12.wav,Actor_12,angry,nervous
-426.1451,72.49877,-12.27406,8.353041,-14.239793,-15.569788,-27.893429,-26.206533,-9.387648,-16.881939,-5.87266,-17.542456,-6.0852065,895.4192,0.009290342,0.17184836647727272,1.728,data/raw/audio_samples\Actor_12\03-01-05-01-02-01-12.wav,Actor_12,angry,nervous
-414.83148,69.26384,-21.753273,10.167622,-20.09434,-13.306944,-29.979036,-27.39765,-7.0760813,-17.958483,-4.59747,-17.875313,-6.110101,1256.484,0.010272053,0.15450846354166667,1.888,data/raw/audio_samples\Actor_12\03-01-05-01-02-02-12.wav,Actor_12,angry,nervous
-242.21138,76.36191,-34.730682,-1.3263317,-25.313805,-9.345718,-4.748049,-20.085136,-5.401572,-10.5733595,-2.904433,-9.824755,-14.280468,1386.5074,0.053417366,0.11501514668367346,1.536,data/raw/audio_samples\Actor_12\03-01-05-02-01-01-12.wav,Actor_12,angry,nervous
-171.4064,55.5794,-59.886475,-18.021276,-31.207117,-14.004967,-9.836473,-25.386934,-10.206534,-16.22673,-10.462953,-14.664075,-14.820377,1588.9156,0.11148987,0.14641735600490197,1.6,data/raw/audio_samples\Actor_12\03-01-05-02-01-02-12.wav,Actor_12,angry,nervous
-269.03906,68.476494,-28.07578,-1.0195171,-23.377615,-9.210668,-10.234726,-27.600704,-7.1433105,-13.310936,-1.5382777,-9.257291,-10.170201,1455.4591,0.045774944,0.17808314732142858,1.76,data/raw/audio_samples\Actor_12\03-01-05-02-02-01-12.wav,Actor_12,angry,nervous
-222.28867,65.558525,-46.857998,-22.011518,-24.259815,-15.811753,-7.253404,-27.475126,-4.065543,-6.1185193,-11.047459,-10.637754,-19.03464,1387.4032,0.08582031,0.16976207386363637,1.728,data/raw/audio_samples\Actor_12\03-01-05-02-02-02-12.wav,Actor_12,angry,nervous
-439.49997,60.483704,-15.388657,9.695429,-11.245302,-7.7234054,-21.265526,-8.610494,-1.720608,-8.9003105,-1.5918474,-5.879241,-1.7365547,1294.0277,0.015520291,0.09400111607142857,2.208,data/raw/audio_samples\Actor_12\03-01-06-01-01-01-12.wav,Actor_12,fearful,nervous
-346.53125,67.63041,-28.376184,12.432883,-21.495804,-12.14944,-26.498205,-20.890612,0.4941618,-13.609177,-7.6307817,-8.576507,-1.2043072,1507.0609,0.020597504,0.121917724609375,1.504,data/raw/audio_samples\Actor_12\03-01-06-01-01-02-12.wav,Actor_12,fearful,nervous
-377.30225,57.611607,-32.67963,6.777379,-28.101387,-19.462877,-41.121426,-22.477402,-3.1116703,-19.85516,-5.2259665,-20.380949,-9.275992,1194.4001,0.014007033,0.15077039930555555,1.408,data/raw/audio_samples\Actor_12\03-01-06-01-02-01-12.wav,Actor_12,fearful,nervous
-349.96603,54.499805,-28.615622,4.3484,-27.423077,-26.362797,-38.845226,-24.193874,-5.8362885,-21.084332,-10.4165325,-16.865963,-13.644571,1083.8241,0.017989077,0.15323486328125,1.248,data/raw/audio_samples\Actor_12\03-01-06-01-02-02-12.wav,Actor_12,fearful,nervous
-241.99847,47.17314,-54.152107,-5.0012836,-30.819693,-21.543875,-16.603062,-26.547995,1.4574884,-11.218927,-10.403303,-8.354255,2.5075307,1311.8116,0.07383169,0.1107647235576923,1.632,data/raw/audio_samples\Actor_12\03-01-06-02-01-01-12.wav,Actor_12,fearful,nervous
-213.46149,37.02079,-68.36814,-18.20154,-37.340836,-22.401451,-23.901775,-33.70323,-11.027413,-13.814744,0.7648188,15.524741,31.354475,1449.996,0.09894033,0.1296875,1.568,data/raw/audio_samples\Actor_12\03-01-06-02-01-02-12.wav,Actor_12,fearful,nervous
-231.40623,48.806705,-57.116074,-19.9722,-34.319275,-26.034819,-33.816917,-32.687817,-11.005667,-19.304886,-4.8203163,7.879832,22.218544,1179.2509,0.07839131,0.13404381793478262,1.44,data/raw/audio_samples\Actor_12\03-01-06-02-02-01-12.wav,Actor_12,fearful,nervous
-299.13736,35.24609,-56.464966,-14.259458,-25.292854,-15.550793,-21.84512,-33.614895,-7.5561852,-14.262526,-5.703895,12.030122,22.75163,1391.5148,0.06612665,0.13358623798076924,2.048,data/raw/audio_samples\Actor_12\03-01-06-02-02-02-12.wav,Actor_12,fearful,nervous
-422.04205,73.75814,-22.587229,23.397,-14.490551,-8.914538,-30.919239,-12.971458,2.4102998,-16.760574,0.74146974,-11.197153,-2.4229276,1535.6093,0.008542583,0.11744495738636364,1.728,data/raw/audio_samples\Actor_12\03-01-07-01-01-01-12.wav,Actor_12,disgust,nervous
-400.3996,89.27999,-32.6986,16.890995,-24.407309,-6.4778147,-30.7248,-24.729406,3.5935476,-17.294655,-3.4591365,-15.018876,-4.3541565,1409.6127,0.009858028,0.10588469328703703,1.696,data/raw/audio_samples\Actor_12\03-01-07-01-01-02-12.wav,Actor_12,disgust,nervous
-431.64807,73.26289,-25.922146,5.547187,-14.864707,-13.862496,-36.14362,-18.490917,-3.062205,-13.040547,-5.411295,-15.882446,-6.4844894,954.47906,0.008272225,0.16087928185096154,1.632,data/raw/audio_samples\Actor_12\03-01-07-01-02-01-12.wav,Actor_12,disgust,nervous
-423.18945,84.81641,-21.034012,3.6671777,-17.268435,-13.983179,-35.459545,-17.662838,-3.0303123,-15.091677,-6.3168674,-22.469265,-3.8142536,1062.3004,0.0077321082,0.17938232421875,1.76,data/raw/audio_samples\Actor_12\03-01-07-01-02-02-12.wav,Actor_12,disgust,nervous
-379.2024,63.83378,-24.556284,6.767214,-17.429594,-17.591204,-23.686205,-14.763936,1.3955935,-15.054691,-6.454854,-8.956698,-10.606779,1630.5442,0.013579677,0.14440724206349206,1.984,data/raw/audio_samples\Actor_12\03-01-07-02-01-01-12.wav,Actor_12,disgust,nervous
-373.48648,67.53693,-43.02641,-6.6342745,-27.035744,-11.657817,-32.572876,-25.62551,-0.048936676,-20.310638,-9.419175,-17.127302,-11.934854,1580.178,0.021193057,0.1354084256329114,2.496,data/raw/audio_samples\Actor_12\03-01-07-02-01-02-12.wav,Actor_12,disgust,nervous
-358.3343,49.84432,-28.277473,0.19866024,-24.181238,-27.080896,-33.40392,-16.508278,2.596029,-25.105085,-3.9320002,-13.656246,-12.115542,1292.7422,0.022920266,0.21312040441176472,2.144,data/raw/audio_samples\Actor_12\03-01-07-02-02-01-12.wav,Actor_12,disgust,nervous
-342.63647,47.35902,-32.562695,-4.835099,-21.440823,-18.480036,-25.21593,-29.379038,-2.362369,-21.899616,-5.314206,-18.74021,-7.6207347,1161.3865,0.024549304,0.18898059475806453,1.952,data/raw/audio_samples\Actor_12\03-01-07-02-02-02-12.wav,Actor_12,disgust,nervous
-384.50647,81.017654,-39.317608,8.3843355,-24.658175,-20.649904,-28.955778,-22.97782,-5.836075,-20.006168,-9.196171,-16.639935,-10.053023,1403.9901,0.011159755,0.12453125,1.568,data/raw/audio_samples\Actor_12\03-01-08-01-01-01-12.wav,Actor_12,surprised,neutral
-373.67365,82.45157,-28.739363,10.661188,-15.667436,-15.582729,-21.541292,-23.240433,-2.3630943,-12.99887,-8.030752,-12.432631,-4.9198937,1430.5753,0.013217219,0.126796875,1.568,data/raw/audio_samples\Actor_12\03-01-08-01-01-02-12.wav,Actor_12,surprised,neutral
-380.31116,68.84363,-29.888695,10.842854,-23.409943,-14.581244,-36.40934,-25.107437,-11.879489,-16.755714,-8.662963,-19.397358,-7.241947,1059.4976,0.013959545,0.13680186170212766,1.472,data/raw/audio_samples\Actor_12\03-01-08-01-02-01-12.wav,Actor_12,surprised,neutral
-378.61905,62.772446,-32.275795,3.0007584,-27.634106,-17.829601,-38.56408,-26.396374,-8.361953,-19.174232,-5.5892444,-23.443073,-8.935147,1008.3501,0.015000999,0.151767578125,1.568,data/raw/audio_samples\Actor_12\03-01-08-01-02-02-12.wav,Actor_12,surprised,neutral
-328.5981,74.48823,-33.215553,3.7275999,-27.932432,-18.695229,-31.38615,-14.782674,-6.8649774,-11.076586,-7.774707,-20.069485,-7.7492676,1463.573,0.019198947,0.1415733924278846,1.632,data/raw/audio_samples\Actor_12\03-01-08-02-01-01-12.wav,Actor_12,surprised,neutral
-323.65717,60.086906,-38.73682,0.87064105,-31.139208,-21.939363,-30.377914,-20.27964,-7.3835196,-13.820516,-11.191726,-20.924656,-6.340124,1517.4009,0.023415089,0.12236870659722222,1.696,data/raw/audio_samples\Actor_12\03-01-08-02-01-02-12.wav,Actor_12,surprised,neutral
-346.84958,73.41087,-30.904116,-2.4816706,-23.84531,-23.103045,-30.488308,-23.978836,-1.7736034,-22.94736,-6.727289,-13.135158,-5.1270046,1282.2501,0.020544242,0.16619318181818182,1.728,data/raw/audio_samples\Actor_12\03-01-08-02-02-01-12.wav,Actor_12,surprised,neutral
-343.81195,67.36679,-35.383125,-12.869073,-25.906992,-29.953428,-36.31577,-28.48349,-6.7238865,-23.845522,-12.327722,-24.895567,-14.208632,1134.8345,0.018809421,0.17902080829326922,1.632,data/raw/audio_samples\Actor_12\03-01-08-02-02-02-12.wav,Actor_12,surprised,neutral
-489.42734,128.42502,-18.202179,22.883419,-0.45269072,-12.134602,-19.016733,-20.004286,-13.106814,0.75818855,-13.7027445,8.685325,-13.730798,952.7677,0.0049525634,0.08071664663461539,1.216,data/raw/audio_samples\Actor_13\03-01-01-01-01-01-13.wav,Actor_13,neutral,confident
-487.9088,131.46497,-10.991815,17.427032,0.6096289,-8.667144,-21.047298,-18.739162,-9.888046,0.34851462,-13.283774,11.01261,-12.299901,816.5965,0.0051389816,0.0804912860576923,1.216,data/raw/audio_samples\Actor_13\03-01-01-01-01-02-13.wav,Actor_13,neutral,confident
-473.9216,120.15373,-19.472067,17.672049,2.6739197,-9.875705,-29.003283,-24.499638,-12.898584,3.0108333,-16.701935,11.743734,-14.998899,1015.358,0.0052639856,0.10666965793918919,1.152,data/raw/audio_samples\Actor_13\03-01-01-01-02-01-13.wav,Actor_13,neutral,confident
-433.20868,105.333015,-22.859234,20.579216,-3.1560934,-12.128042,-26.513214,-29.635534,-13.941177,3.2789268,-20.700657,13.457756,-19.71413,1171.8937,0.006552878,0.12316564611486487,1.152,data/raw/audio_samples\Actor_13\03-01-01-01-02-02-13.wav,Actor_13,neutral,confident
-500.68893,132.86885,-14.61283,26.178923,3.9254074,-5.3215885,-21.296364,-17.206161,-7.70686,-5.091461,-14.664209,16.848406,-14.657116,964.1326,0.00384589,0.083251953125,1.376,data/raw/audio_samples\Actor_13\03-01-02-01-01-01-13.wav,Actor_13,calm,confident
-488.8531,131.16615,-19.18756,20.676266,-0.021381378,-7.5051584,-19.19892,-15.838166,-13.18159,-5.4507604,-17.095016,17.810333,-14.198956,968.75385,0.0043901573,0.08051876905487805,1.28,data/raw/audio_samples\Actor_13\03-01-02-01-01-02-13.wav,Actor_13,calm,confident
-501.91855,128.47064,-1.6896249,21.536434,1.3014297,-1.5032897,-22.283403,-21.057064,-7.812133,-1.3823465,-18.243517,16.070208,-13.624873,938.6185,0.003912289,0.10005001905487805,1.28,data/raw/audio_samples\Actor_13\03-01-02-01-02-01-13.wav,Actor_13,calm,confident
-488.3208,117.89256,-13.918411,26.381021,-3.034442,-1.9848387,-25.65064,-24.538073,-9.077694,-1.3347638,-15.044125,16.435913,-13.721882,1069.3779,0.0041195136,0.11461046006944445,1.12,data/raw/audio_samples\Actor_13\03-01-02-01-02-02-13.wav,Actor_13,calm,confident
-492.76953,126.58728,-8.003382,25.713099,3.8064735,-7.7262588,-21.29372,-21.242428,-7.7769294,5.532929,-11.731655,9.226219,-12.747591,962.0309,0.00394049,0.07958984375,1.248,data/raw/audio_samples\Actor_13\03-01-02-02-01-01-13.wav,Actor_13,calm,confident
-477.78998,130.96777,-25.7459,18.885702,4.9415097,-8.610457,-20.3384,-23.734447,-13.150289,5.034953,-13.961172,10.230546,-14.625162,988.3722,0.0053521143,0.0750732421875,1.248,data/raw/audio_samples\Actor_13\03-01-02-02-01-02-13.wav,Actor_13,calm,confident
-461.31982,116.32145,-25.142628,26.212456,-3.7458544,-5.4713974,-23.728273,-31.534298,-7.743294,4.4459815,-12.438689,13.523404,-19.582241,985.3135,0.0053752004,0.10693359375,1.088,data/raw/audio_samples\Actor_13\03-01-02-02-02-01-13.wav,Actor_13,calm,confident
-476.2056,128.26404,-25.446127,22.06997,-5.8658853,-6.7586203,-20.49577,-32.114292,-10.530584,-2.491639,-9.827694,11.325493,-16.025805,944.31934,0.0053846166,0.0912426097972973,1.152,data/raw/audio_samples\Actor_13\03-01-02-02-02-02-13.wav,Actor_13,calm,confident
-407.97443,109.94332,-34.968933,22.49055,-4.061039,-13.922911,-21.769957,-25.6107,-11.582029,3.9540849,-18.828047,14.852387,-22.221226,1229.6531,0.008921512,0.09114186356707317,1.28,data/raw/audio_samples\Actor_13\03-01-03-01-01-01-13.wav,Actor_13,happy,confident
-420.54477,109.99737,-33.105194,19.120737,0.5336236,-13.265898,-21.250433,-26.848442,-15.279543,5.415422,-22.196285,12.989515,-22.85086,1115.8925,0.008396429,0.0895460175304878,1.28,data/raw/audio_samples\Actor_13\03-01-03-01-01-02-13.wav,Actor_13,happy,confident
-408.68198,101.2097,-21.427328,10.749462,-3.592809,-13.92394,-29.605087,-27.35876,-17.961428,2.3960109,-18.702522,12.786709,-23.467827,1079.3608,0.008479161,0.11404497195512821,1.216,data/raw/audio_samples\Actor_13\03-01-03-01-02-01-13.wav,Actor_13,happy,confident
-387.34247,92.59134,-18.740501,3.5638485,-4.476748,-14.079779,-37.62946,-20.375916,-22.719341,5.9221783,-22.783577,10.48346,-22.570637,1065.7316,0.010572305,0.11772120276162791,1.344,data/raw/audio_samples\Actor_13\03-01-03-01-02-02-13.wav,Actor_13,happy,confident
-365.7131,94.323524,-24.020712,21.620888,2.0976827,-16.181763,-19.263464,-16.089378,-14.504858,5.05856,-23.688934,12.404655,-19.133461,1275.512,0.0120430235,0.11108896683673469,1.536,data/raw/audio_samples\Actor_13\03-01-03-02-01-01-13.wav,Actor_13,happy,confident
-344.2377,77.82648,-19.120108,0.19732273,-4.22208,-22.099852,-28.156338,-13.28728,-21.373735,2.168143,-22.458487,1.4721824,-17.730669,1140.3717,0.022001956,0.10482295866935484,1.952,data/raw/audio_samples\Actor_13\03-01-03-02-01-02-13.wav,Actor_13,happy,confident
-292.91306,53.685078,-19.57258,-17.81284,-14.541231,-20.274725,-38.139214,-13.864358,-25.492617,0.397603,-23.413149,-1.2458777,-22.197021,1085.0238,0.028157704,0.1459025930851064,1.472,data/raw/audio_samples\Actor_13\03-01-03-02-02-01-13.wav,Actor_13,happy,confident
-298.7293,67.73473,-22.658432,-12.436079,-15.38407,-18.8907,-36.83156,-14.843056,-25.467373,2.2264042,-22.913553,0.75500655,-18.417654,1063.3793,0.028587207,0.12201723845108696,1.44,data/raw/audio_samples\Actor_13\03-01-03-02-02-02-13.wav,Actor_13,happy,confident
-513.72363,127.62529,6.5416307,18.691778,0.7754068,-4.3970428,-21.08307,-11.654319,-10.613255,1.8136929,-13.779917,4.155782,-9.3822365,1123.1072,0.004480624,0.0847311580882353,1.6,data/raw/audio_samples\Actor_13\03-01-04-01-01-01-13.wav,Actor_13,sad,nervous
-521.28754,128.14058,7.3375535,17.692186,5.064241,-6.735561,-19.454079,-9.5888605,-10.90948,0.9258867,-13.698932,5.148998,-8.145671,895.95044,0.0039047413,0.06989123774509803,1.6,data/raw/audio_samples\Actor_13\03-01-04-01-01-02-13.wav,Actor_13,sad,nervous
-509.50162,123.96775,-1.0074075,18.235003,2.1938055,-10.087216,-24.402426,-11.316869,-12.380124,-2.8433292,-12.201055,3.7170544,-10.768027,1067.0013,0.004223741,0.09661865234375,1.504,data/raw/audio_samples\Actor_13\03-01-04-01-02-01-13.wav,Actor_13,sad,nervous
-503.52167,121.2897,7.063205,10.545588,-2.636236,-9.442238,-20.663393,-13.610487,-12.9169855,-3.162565,-14.181881,7.3807225,-10.975404,1060.6515,0.0046686875,0.10633680555555555,1.408,data/raw/audio_samples\Actor_13\03-01-04-01-02-02-13.wav,Actor_13,sad,nervous
-440.06458,121.925705,-13.183002,20.179533,-7.0660114,-13.930634,-21.396471,-14.4924135,-17.594866,-1.2041752,-16.506208,7.536407,-17.75336,1045.6891,0.008140148,0.08892267400568182,1.376,data/raw/audio_samples\Actor_13\03-01-04-02-01-01-13.wav,Actor_13,sad,nervous
-485.86414,120.81182,8.649213,18.999683,-0.34067878,-9.326041,-21.189014,-6.9628177,-14.393252,-2.0277069,-11.880512,1.4596859,-12.116501,916.1061,0.0059254225,0.07834075218023256,1.344,data/raw/audio_samples\Actor_13\03-01-04-02-01-02-13.wav,Actor_13,sad,nervous
-475.90747,125.79525,1.2581825,7.433,0.47193238,-10.181264,-22.374422,-14.061165,-17.999712,-0.5054301,-14.504334,7.947909,-11.707939,964.4915,0.005870089,0.11989339192708333,1.504,data/raw/audio_samples\Actor_13\03-01-04-02-02-01-13.wav,Actor_13,sad,nervous
-512.84467,116.829895,20.216427,17.362312,4.8897705,-5.662635,-20.067694,-8.62061,-17.180895,-0.6659952,-11.075915,4.3333654,-8.849084,1036.1613,0.00457398,0.09348882630813954,1.344,data/raw/audio_samples\Actor_13\03-01-04-02-02-02-13.wav,Actor_13,sad,nervous
-368.89026,95.46729,-20.374813,21.554094,-11.47984,-13.123101,-14.564277,-23.26426,-15.523196,-6.210879,-15.825985,11.865591,-15.925917,1384.1152,0.012534172,0.11410197805851063,1.472,data/raw/audio_samples\Actor_13\03-01-05-01-01-01-13.wav,Actor_13,angry,nervous
-345.854,85.63345,-19.904646,14.725757,-14.192243,-10.869199,-16.963644,-21.315672,-14.336873,-3.0640824,-16.519299,11.132573,-14.521704,1407.649,0.016178496,0.11657475490196079,1.6,data/raw/audio_samples\Actor_13\03-01-05-01-01-02-13.wav,Actor_13,angry,nervous
-362.04684,83.92926,-16.414343,19.247667,-6.09472,-13.358647,-15.296348,-31.07757,-17.80027,-2.3796823,-19.5964,13.620279,-14.150023,1378.6246,0.0152175,0.15052881780660377,1.664,data/raw/audio_samples\Actor_13\03-01-05-01-02-01-13.wav,Actor_13,angry,nervous
-333.81805,83.64329,-22.834324,14.732026,-13.0192795,-15.412717,-22.535122,-31.562954,-19.590012,-4.923244,-22.757444,9.352004,-17.774155,1291.8096,0.021032492,0.13849142323369565,1.44,data/raw/audio_samples\Actor_13\03-01-05-01-02-02-13.wav,Actor_13,angry,nervous
-164.39952,25.086433,-27.842054,-9.928009,-23.173594,-17.928902,-22.325613,-13.593309,-19.60851,3.0485394,-18.172756,0.18174832,-11.109293,1428.7693,0.11673299,0.148193359375,1.632,data/raw/audio_samples\Actor_13\03-01-05-02-01-01-13.wav,Actor_13,angry,nervous
-253.37253,56.300407,-12.765527,12.094589,-13.635879,-18.014652,-8.0619335,-11.413424,-10.557423,3.23911,-16.73929,5.389201,-8.850411,1497.9565,0.052824777,0.1186862521701389,2.272,data/raw/audio_samples\Actor_13\03-01-05-02-01-02-13.wav,Actor_13,angry,nervous
-173.08557,32.620575,-32.599846,-14.1547575,-21.635923,-19.25251,-27.238888,-18.012291,-22.696802,5.3400564,-15.726525,2.9707625,-15.3534975,1365.9053,0.08961435,0.16043263561320756,1.664,data/raw/audio_samples\Actor_13\03-01-05-02-02-01-13.wav,Actor_13,angry,nervous
-157.31184,4.8879676,-33.82975,-26.242725,-28.820124,-14.752481,-25.845575,-11.202265,-20.497965,3.8549733,-14.760988,-7.0685325,-16.738483,1538.1531,0.17018655,0.17878170289855072,2.176,data/raw/audio_samples\Actor_13\03-01-05-02-02-02-13.wav,Actor_13,angry,nervous
-418.7222,104.88436,-8.073763,14.754803,0.7219137,-17.337313,-17.366098,-9.764232,-12.908184,2.1449594,-19.372532,4.8213725,-11.473265,1169.6753,0.0077795624,0.09768129006410256,1.216,data/raw/audio_samples\Actor_13\03-01-06-01-01-01-13.wav,Actor_13,fearful,nervous
-441.1168,95.43339,5.9030685,17.796368,1.2977352,-10.78203,-15.2618,-2.229564,-10.068561,2.189676,-14.78459,1.9711881,-10.870061,1332.6831,0.005424103,0.10290214342948718,1.216,data/raw/audio_samples\Actor_13\03-01-06-01-01-02-13.wav,Actor_13,fearful,nervous
-391.68814,91.65504,-3.9918697,15.798503,1.3573607,-14.864299,-16.632853,-15.240166,-13.850078,-0.21885295,-18.691189,8.732103,-15.971793,1263.4739,0.010253212,0.14444986979166666,1.312,data/raw/audio_samples\Actor_13\03-01-06-01-02-01-13.wav,Actor_13,fearful,nervous
-386.145,100.12353,-6.534126,10.329284,-2.2268465,-15.720473,-18.523596,-18.125938,-11.185831,5.2015476,-14.574603,12.345555,-14.495318,1106.1948,0.010711702,0.14391805959302326,1.344,data/raw/audio_samples\Actor_13\03-01-06-01-02-02-13.wav,Actor_13,fearful,nervous
-415.7018,97.60391,2.9969056,11.539723,-3.5582829,-11.202441,-15.149342,-8.352486,-15.264722,2.101943,-17.78039,3.4214566,-6.4727116,952.3338,0.00815347,0.08932140261627906,1.344,data/raw/audio_samples\Actor_13\03-01-06-02-01-01-13.wav,Actor_13,fearful,nervous
-256.85406,52.155098,-18.818228,-0.297679,-17.365288,-25.570295,-24.628656,-7.27787,-24.40146,-2.6397328,-19.615686,-4.1390395,-10.765894,1369.0944,0.04050383,0.11694903706395349,1.344,data/raw/audio_samples\Actor_13\03-01-06-02-01-02-13.wav,Actor_13,fearful,nervous
-282.34097,64.26497,-14.296265,-2.3944097,-17.221855,-23.970098,-21.594954,-16.664104,-22.564611,-1.0626248,-22.62392,2.3233316,-16.791775,1426.793,0.031151857,0.150537109375,1.568,data/raw/audio_samples\Actor_13\03-01-06-02-02-01-13.wav,Actor_13,fearful,nervous
-405.5656,94.60877,-4.8950515,16.913015,1.0751505,-14.324107,-16.162512,-16.368017,-13.667761,-2.959653,-19.337627,5.3760467,-13.769543,1233.4409,0.0092193615,0.13247535342261904,1.312,data/raw/audio_samples\Actor_13\03-01-06-02-02-02-13.wav,Actor_13,fearful,nervous
-478.1274,125.010376,-16.985271,27.75805,-4.030232,-5.594172,-18.256325,-16.807655,-5.9412665,-2.1569135,-9.481939,12.920451,-15.981721,1088.8563,0.0043866336,0.08320813301282051,1.216,data/raw/audio_samples\Actor_13\03-01-07-01-01-01-13.wav,Actor_13,disgust,nervous
-476.89444,119.99446,-12.1427965,26.212948,-10.973726,-3.0223837,-17.803885,-12.563456,-6.0172286,0.1501092,-9.837548,10.166938,-15.705496,1201.161,0.004265417,0.1023193359375,1.248,data/raw/audio_samples\Actor_13\03-01-07-01-01-02-13.wav,Actor_13,disgust,nervous
-474.33145,115.70639,-5.9761596,20.21788,1.9663814,-8.389919,-20.373701,-10.284069,-8.39517,0.8364592,-10.541973,9.504131,-11.158971,940.51447,0.0045583104,0.1380282315340909,1.376,data/raw/audio_samples\Actor_13\03-01-07-01-02-01-13.wav,Actor_13,disgust,nervous
-453.27502,108.419174,-2.115033,14.47214,-6.4874544,-12.964116,-20.374254,-8.367836,-13.7224045,1.4056321,-12.152153,8.038157,-14.302724,1279.4102,0.0051750597,0.16144670758928573,1.312,data/raw/audio_samples\Actor_13\03-01-07-01-02-02-13.wav,Actor_13,disgust,nervous
-417.39542,91.73506,-2.7751942,19.292328,-7.6725416,-17.122732,-17.89061,-7.863188,-9.817603,-1.2464247,-14.071491,2.6030877,-13.829846,1424.69,0.007781852,0.13317123724489796,1.536,data/raw/audio_samples\Actor_13\03-01-07-02-01-01-13.wav,Actor_13,disgust,nervous
-408.28488,113.90928,-7.5290966,15.635204,-10.59438,-11.958065,-25.23867,-14.046821,-10.712145,-3.0142794,-12.613837,7.697499,-18.826157,1250.612,0.009898202,0.10451027199074074,1.696,data/raw/audio_samples\Actor_13\03-01-07-02-01-02-13.wav,Actor_13,disgust,nervous
-476.30847,121.78728,6.20101,13.7737665,-4.051262,-4.6018815,-17.4598,-12.365715,-10.249029,-1.7290053,-8.06214,10.287382,-10.9327965,935.1772,0.0047695483,0.13289561170212766,1.472,data/raw/audio_samples\Actor_13\03-01-07-02-02-01-13.wav,Actor_13,disgust,nervous
-444.21445,119.70556,-6.6803403,12.48665,-7.2403965,-10.191152,-20.025288,-14.450888,-13.830932,3.9228258,-13.1607065,7.76463,-11.183092,924.442,0.0067273085,0.12416294642857142,1.536,data/raw/audio_samples\Actor_13\03-01-07-02-02-02-13.wav,Actor_13,disgust,nervous
-356.4376,100.00086,-20.577944,-3.5486944,-12.115434,-18.571491,-36.379242,-15.586012,-18.506489,-4.5289326,-17.368345,1.4066777,-21.31457,1100.7584,0.015971616,0.08964206861413043,1.44,data/raw/audio_samples\Actor_13\03-01-08-01-01-01-13.wav,Actor_13,surprised,neutral
-426.6775,99.260124,-18.091354,-5.9305496,-7.8054214,-15.387173,-25.177038,-21.144945,-21.270538,4.6276684,-19.938463,-1.8728045,-16.665035,1032.0969,0.007924676,0.08880458733974358,1.216,data/raw/audio_samples\Actor_13\03-01-08-01-01-02-13.wav,Actor_13,surprised,neutral
-425.75336,107.02405,-12.322327,3.5839772,-11.1193,-12.383509,-30.270477,-20.667171,-16.922157,0.5288799,-20.044104,5.3176317,-14.021059,876.28125,0.007915612,0.10357822516025642,1.216,data/raw/audio_samples\Actor_13\03-01-08-01-02-01-13.wav,Actor_13,surprised,neutral
-421.55185,88.36393,-15.612888,-0.054718655,-15.607339,-14.188205,-33.055153,-17.75141,-20.895767,-1.2318271,-16.83718,0.6579157,-11.399906,1003.5505,0.008932701,0.11359320746527778,1.12,data/raw/audio_samples\Actor_13\03-01-08-01-02-02-13.wav,Actor_13,surprised,neutral
-356.29025,90.70699,-12.658599,8.051958,-6.4979377,-17.82839,-23.666119,-11.30407,-15.891154,-0.53525466,-22.05289,-0.48919234,-15.905945,1117.6508,0.013476143,0.10516215479651163,1.344,data/raw/audio_samples\Actor_13\03-01-08-02-01-01-13.wav,Actor_13,surprised,neutral
-402.02673,104.02454,-2.9558494,14.892169,4.30004,-11.057137,-23.552135,-7.69564,-13.254043,-0.13074064,-11.059285,5.123806,-11.911535,1065.2124,0.008763634,0.09254039417613637,1.376,data/raw/audio_samples\Actor_13\03-01-08-02-01-02-13.wav,Actor_13,surprised,neutral
-321.4994,95.65341,-11.786804,2.6478803,-2.3890269,-15.513261,-30.210224,-17.505156,-17.131506,-5.034244,-20.791494,4.842728,-20.725864,1004.59454,0.018005876,0.10893110795454546,1.376,data/raw/audio_samples\Actor_13\03-01-08-02-02-01-13.wav,Actor_13,surprised,neutral
-324.4064,93.40921,-11.379894,2.2695825,-5.5998354,-14.826316,-24.52169,-17.924278,-17.526304,-7.9568267,-19.337639,-1.9540901,-17.805368,1077.2366,0.018846154,0.11445756392045454,1.376,data/raw/audio_samples\Actor_13\03-01-08-02-02-02-13.wav,Actor_13,surprised,neutral
-538.53955,71.90799,4.5491076,10.605158,-31.164173,-9.913115,-24.321995,-12.842997,-12.485268,-3.0912297,-14.798578,-4.20877,-9.41219,1520.9833,0.0027112572,0.13371475883152173,1.44,data/raw/audio_samples\Actor_14\03-01-01-01-01-01-14.wav,Actor_14,neutral,confident
-534.43274,75.50891,0.6195342,7.5554724,-27.61074,-11.585683,-26.547642,-9.452643,-10.157958,-7.3176875,-16.961868,-7.0731826,-7.493296,1363.5414,0.0025885233,0.12560183502906977,1.344,data/raw/audio_samples\Actor_14\03-01-01-01-01-02-14.wav,Actor_14,neutral,confident
-510.4908,65.157425,2.404133,0.15041219,-26.460054,-8.425948,-32.74609,-13.29761,-11.88361,-7.5662603,-16.481535,-5.7007008,-13.744945,1291.958,0.0036011352,0.17756453804347827,1.44,data/raw/audio_samples\Actor_14\03-01-01-01-02-01-14.wav,Actor_14,neutral,confident
-510.26584,76.80921,-1.0436308,-2.1463356,-29.73861,-8.927078,-33.222034,-10.874757,-14.049984,-5.578508,-14.490365,-5.07993,-12.669914,1097.3226,0.003731473,0.15417729591836735,1.536,data/raw/audio_samples\Actor_14\03-01-01-01-02-02-14.wav,Actor_14,neutral,confident
-558.0085,67.54066,-0.42917675,5.886678,-25.76401,-15.892786,-24.272324,-11.9029455,-15.254613,-7.9878345,-16.697905,-10.174488,-8.500611,1351.0665,0.003511881,0.11995738636363637,1.728,data/raw/audio_samples\Actor_14\03-01-02-01-01-01-14.wav,Actor_14,calm,confident
-567.1926,64.1718,6.477644,12.270491,-19.361769,-6.2818227,-21.680971,-8.469376,-16.862385,-3.2423933,-18.009626,-5.5509048,-10.292036,1539.7402,0.0021282753,0.13166360294117646,1.6,data/raw/audio_samples\Actor_14\03-01-02-01-01-02-14.wav,Actor_14,calm,confident
-517.7716,46.873264,10.086426,2.1955874,-21.919691,-13.175408,-27.235546,-11.61312,-17.944437,-12.696157,-18.650236,-9.261191,-12.550029,1209.3229,0.0040969513,0.16724175347222223,1.408,data/raw/audio_samples\Actor_14\03-01-02-01-02-01-14.wav,Actor_14,calm,confident
-514.17334,57.21394,5.322629,8.612285,-26.134262,-11.134572,-30.393137,-13.811043,-17.092627,-11.210828,-21.579023,-10.130923,-13.735599,1194.1055,0.0043529365,0.15428670247395834,1.504,data/raw/audio_samples\Actor_14\03-01-02-01-02-02-14.wav,Actor_14,calm,confident
-614.37775,69.48617,9.674528,6.656089,-20.561129,-6.4468083,-20.837002,-10.318302,-8.394769,-2.3276248,-16.553238,-3.4339652,-11.686786,1557.7158,0.0011552651,0.18573208512931033,1.824,data/raw/audio_samples\Actor_14\03-01-02-02-01-01-14.wav,Actor_14,calm,confident
-603.74396,53.212536,5.40882,12.250738,-18.424274,-10.48517,-20.173615,-9.325749,-15.1714735,-5.3963165,-19.654795,-5.6755657,-10.069987,1742.085,0.0016213881,0.16111653645833332,1.888,data/raw/audio_samples\Actor_14\03-01-02-02-01-02-14.wav,Actor_14,calm,confident
-582.1477,65.527214,3.6695821,-3.0631673,-16.599337,-8.118275,-27.263342,-9.709718,-9.218078,-1.688466,-12.347743,-4.8166394,-7.1777997,1157.3118,0.0020007293,0.17735460069444445,1.696,data/raw/audio_samples\Actor_14\03-01-02-02-02-01-14.wav,Actor_14,calm,confident
-550.0559,60.42244,9.034483,3.279846,-22.834482,-9.111075,-30.341112,-5.408498,-15.82893,-4.6883044,-13.238916,-6.778485,-10.24429,1180.8749,0.002908346,0.1796543961864407,1.856,data/raw/audio_samples\Actor_14\03-01-02-02-02-02-14.wav,Actor_14,calm,confident
-320.65265,44.93734,-39.462162,11.6118145,-44.3621,-11.772277,-31.96533,-10.377702,-13.863619,-14.169057,-4.784227,-15.687415,-7.134807,1708.7627,0.022816297,0.16067216981132076,1.664,data/raw/audio_samples\Actor_14\03-01-03-01-01-01-14.wav,Actor_14,happy,confident
-333.63275,54.543995,-32.36234,3.3285594,-34.373848,-14.094497,-26.638634,-7.14956,-12.914667,-12.997343,-13.213475,-17.39712,-7.0380955,1695.3126,0.02158567,0.15416124131944445,1.696,data/raw/audio_samples\Actor_14\03-01-03-01-01-02-14.wav,Actor_14,happy,confident
-372.67786,55.958546,-17.554888,-4.347529,-32.205105,-25.859377,-39.155212,-7.55737,-22.393541,-12.195562,-15.248608,-14.350446,-19.188313,1090.6812,0.0150231505,0.18115234375,1.376,data/raw/audio_samples\Actor_14\03-01-03-01-02-01-14.wav,Actor_14,happy,confident
-362.23767,49.426613,-26.65345,3.7027335,-36.119724,-21.19177,-33.11639,-16.953457,-21.107386,-16.584694,-13.909259,-16.222704,-16.521109,1263.9292,0.015986998,0.1768305352393617,1.472,data/raw/audio_samples\Actor_14\03-01-03-01-02-02-14.wav,Actor_14,happy,confident
-254.73811,29.93307,-71.68351,0.8962424,-53.509155,-15.8374405,-26.557825,-21.054893,-8.118566,-19.12187,10.676984,4.2315226,23.654074,1868.1257,0.05411182,0.18156828703703703,1.696,data/raw/audio_samples\Actor_14\03-01-03-02-01-01-14.wav,Actor_14,happy,confident
-258.63098,26.371956,-67.47009,-1.2653117,-52.252018,-8.26933,-35.994877,-9.295646,-14.719069,-13.959763,-2.5912986,-16.969143,6.3709273,1707.7333,0.044786543,0.1934146521226415,1.664,data/raw/audio_samples\Actor_14\03-01-03-02-01-02-14.wav,Actor_14,happy,confident
-250.08972,6.1178684,-87.12945,2.6009083,-58.752712,-20.748804,-38.825928,-16.006922,-7.920684,-18.233984,7.7784276,0.11013117,19.296963,2007.8374,0.060668215,0.21734512061403508,1.792,data/raw/audio_samples\Actor_14\03-01-03-02-02-01-14.wav,Actor_14,happy,confident
-286.1751,17.542654,-64.12056,1.3666924,-47.630154,-16.511822,-32.340084,-20.213478,-14.357209,-11.96256,11.633552,16.949787,22.42547,1614.5891,0.05425283,0.21146129261363636,1.728,data/raw/audio_samples\Actor_14\03-01-03-02-02-02-14.wav,Actor_14,happy,confident
-510.07208,69.8233,13.646836,10.189433,-24.78093,-11.754528,-25.702799,-8.2546015,-17.18261,-4.308018,-10.466169,-5.2018437,-6.5262494,1503.4293,0.0035523325,0.14664713541666666,1.696,data/raw/audio_samples\Actor_14\03-01-04-01-01-01-14.wav,Actor_14,sad,nervous
-486.37744,78.47698,1.6356093,4.6765676,-27.837748,-13.687851,-28.536427,-6.3043165,-19.042585,-9.700744,-15.244048,-8.353716,-6.9173374,1507.5632,0.0050661657,0.13042743389423078,1.632,data/raw/audio_samples\Actor_14\03-01-04-01-01-02-14.wav,Actor_14,sad,nervous
-493.91983,58.956245,7.603115,0.55678195,-25.7575,-8.998398,-29.729399,-7.447044,-17.8692,-5.659568,-16.254671,-8.520373,-10.889931,1417.8103,0.0040928978,0.20064113451086957,1.44,data/raw/audio_samples\Actor_14\03-01-04-01-02-01-14.wav,Actor_14,sad,nervous
-476.73737,66.33551,12.427231,-1.8527151,-22.477207,-12.801069,-29.937904,-7.842939,-18.076828,-6.752205,-11.312059,-6.4712996,-9.882037,957.6355,0.005575645,0.18514170545212766,1.472,data/raw/audio_samples\Actor_14\03-01-04-01-02-02-14.wav,Actor_14,sad,nervous
-432.64188,50.43066,-10.852724,3.248073,-29.748615,-11.740058,-37.128956,-8.634311,-12.631281,-4.8148346,-8.373835,-10.297388,-7.5950003,1696.6818,0.0068926658,0.1818089978448276,1.824,data/raw/audio_samples\Actor_14\03-01-04-02-01-01-14.wav,Actor_14,sad,nervous
-455.3448,64.46059,-12.270257,10.752337,-28.301582,-13.770761,-30.975643,-10.370914,-6.683439,-7.2179594,-4.59701,-5.729938,-4.015281,1657.5526,0.0044568824,0.19075520833333334,1.696,data/raw/audio_samples\Actor_14\03-01-04-02-01-02-14.wav,Actor_14,sad,nervous
-423.04364,59.63054,-14.266173,-0.8048169,-36.410748,-17.692036,-37.9652,-13.031402,-17.669737,-13.145829,-8.220511,-12.671395,-11.130797,992.0104,0.009534412,0.18205378605769232,1.632,data/raw/audio_samples\Actor_14\03-01-04-02-02-01-14.wav,Actor_14,sad,nervous
-399.68472,52.1986,-33.607044,7.9196234,-45.056686,-13.869282,-42.034565,-15.932554,-9.743829,-21.172373,-1.2097408,-21.155586,-8.249805,1441.0546,0.013013245,0.19156901041666666,1.888,data/raw/audio_samples\Actor_14\03-01-04-02-02-02-14.wav,Actor_14,sad,nervous
-368.23395,42.54898,-13.252624,-0.7699809,-34.05417,-7.71803,-27.587631,-9.418343,-18.887592,-13.524747,-17.967237,-8.332039,-5.2529573,1671.441,0.013438641,0.18612007472826086,1.44,data/raw/audio_samples\Actor_14\03-01-05-01-01-01-14.wav,Actor_14,angry,nervous
-352.38394,49.530136,-19.097826,2.8709886,-40.910416,-8.327951,-22.965712,-13.040436,-13.280095,-6.2754874,-11.986161,-4.766187,-7.9464145,1722.5167,0.015573286,0.176025390625,1.632,data/raw/audio_samples\Actor_14\03-01-05-01-01-02-14.wav,Actor_14,angry,nervous
-342.8187,42.056698,-22.786722,3.9195397,-48.077625,-11.092089,-34.01838,-17.621567,-17.451332,-7.73957,-15.01864,-13.131082,-12.70983,1716.778,0.01930193,0.2056908700980392,1.6,data/raw/audio_samples\Actor_14\03-01-05-01-02-01-14.wav,Actor_14,angry,nervous
-351.74036,41.588123,-29.756653,-9.507611,-40.67366,-13.2032585,-30.969145,-20.979248,-14.781042,-10.946557,-18.522795,-6.099723,-3.6639745,1634.8182,0.018536113,0.2162580818965517,1.824,data/raw/audio_samples\Actor_14\03-01-05-01-02-02-14.wav,Actor_14,angry,nervous
-183.94981,42.80963,-63.600132,-11.520432,-55.643692,-7.680121,-26.466993,-15.186233,-10.980095,-8.218049,0.5717191,0.34665617,13.144719,1715.4642,0.09699797,0.20237103630514705,2.144,data/raw/audio_samples\Actor_14\03-01-05-02-01-01-14.wav,Actor_14,angry,nervous
-226.94698,34.68769,-61.919876,-12.243871,-56.859512,-7.469188,-29.13343,-12.9698925,-7.5143247,-4.932809,4.1620765,1.2311012,10.106121,1873.0253,0.067807354,0.21138509114583334,2.272,data/raw/audio_samples\Actor_14\03-01-05-02-01-02-14.wav,Actor_14,angry,nervous
-209.05476,23.63229,-72.45197,-19.234606,-61.1116,-7.114072,-36.25413,-16.307655,-6.137247,0.6378826,7.555124,2.7401118,5.9140472,1813.8829,0.09910483,0.20310997596153846,2.048,data/raw/audio_samples\Actor_14\03-01-05-02-02-01-14.wav,Actor_14,angry,nervous
-235.1467,33.147266,-47.831482,-13.637264,-54.057392,-2.025566,-35.539238,-16.852158,-13.856967,-10.819758,-7.110082,-5.8577733,5.6493316,1790.8867,0.06537145,0.24482956977739725,2.304,data/raw/audio_samples\Actor_14\03-01-05-02-02-02-14.wav,Actor_14,angry,nervous
-512.6326,61.097897,14.292754,14.441114,-17.516874,-8.917586,-26.978916,-9.14941,-14.72605,-7.4449534,-16.640697,-1.3577057,-10.206418,1635.484,0.003378983,0.15142026154891305,1.44,data/raw/audio_samples\Actor_14\03-01-06-01-01-01-14.wav,Actor_14,fearful,nervous
-460.72806,51.57838,1.3172154,-0.922536,-21.541191,-2.4371445,-23.298235,-2.9252977,-12.196796,-3.2599833,-12.050118,-6.4785047,-10.36357,1711.1147,0.004012341,0.191044921875,1.568,data/raw/audio_samples\Actor_14\03-01-06-01-01-02-14.wav,Actor_14,fearful,nervous
-469.55075,65.0516,6.5273776,1.6346316,-19.306738,-12.295698,-33.506104,-3.755314,-19.75095,-8.013732,-11.827896,-6.671419,-14.517921,1215.755,0.0050804005,0.18412543402777778,1.408,data/raw/audio_samples\Actor_14\03-01-06-01-02-01-14.wav,Actor_14,fearful,nervous
-438.1238,58.196697,-3.2899323,3.8337317,-23.046911,-20.618456,-34.65261,-3.8499398,-21.191404,-8.417134,-14.259571,-6.759257,-14.146101,1290.6362,0.0074669747,0.17144349563953487,1.344,data/raw/audio_samples\Actor_14\03-01-06-01-02-02-14.wav,Actor_14,fearful,nervous
-227.29678,18.40789,-85.008804,-12.916664,-55.60813,-13.829811,-40.75864,-22.662525,-10.428718,-0.2872945,28.730824,25.200909,24.023083,1635.628,0.08338325,0.16250681322674418,1.344,data/raw/audio_samples\Actor_14\03-01-06-02-01-01-14.wav,Actor_14,fearful,nervous
-206.89401,15.776428,-78.479416,-3.8562398,-52.74572,-18.321726,-34.35843,-21.635765,-12.779545,-5.6034117,23.694098,19.088793,23.540302,1812.9735,0.08185109,0.18719340479651161,1.344,data/raw/audio_samples\Actor_14\03-01-06-02-01-02-14.wav,Actor_14,fearful,nervous
-288.92947,28.854053,-65.62477,-13.546951,-53.35179,-13.055306,-43.658123,-20.137056,-19.602217,-29.56704,-6.1304474,-3.7940867,19.530668,1547.1271,0.041100964,0.18360484730113635,1.376,data/raw/audio_samples\Actor_14\03-01-06-02-02-01-14.wav,Actor_14,fearful,nervous
-281.83624,17.453268,-72.434135,-12.596162,-58.19857,-19.755098,-40.040943,-20.233158,-9.989932,-20.070696,2.2763174,6.1419053,27.003738,1653.8278,0.047225185,0.20360266644021738,1.44,data/raw/audio_samples\Actor_14\03-01-06-02-02-02-14.wav,Actor_14,fearful,nervous
-401.91718,52.115562,-9.940807,1.1421964,-20.64874,-14.683204,-31.68023,-12.947591,-16.667538,-5.291682,-14.22195,-3.050376,-9.444629,1742.7081,0.009220757,0.1694507264254386,1.792,data/raw/audio_samples\Actor_14\03-01-07-01-01-01-14.wav,Actor_14,disgust,nervous
-436.65857,78.21618,-17.358934,-4.291947,-30.698494,-19.369846,-34.033173,-11.413869,-18.61281,-3.346732,-8.938652,-9.859098,-1.5765046,1223.5077,0.0073754345,0.13002100530660377,1.664,data/raw/audio_samples\Actor_14\03-01-07-01-01-02-14.wav,Actor_14,disgust,nervous
-442.75693,54.170692,1.5633631,-5.5921807,-17.716454,-11.923246,-24.917221,-10.782482,-19.350578,-6.1819143,-10.167062,-9.388623,-12.431605,1480.5244,0.006320149,0.25135348135964913,1.792,data/raw/audio_samples\Actor_14\03-01-07-01-02-01-14.wav,Actor_14,disgust,nervous
-386.72507,64.263084,-7.915444,-11.549284,-31.722178,-11.456809,-32.480255,-16.021414,-19.671387,-11.02175,-11.497184,-12.074762,-9.448416,1275.2737,0.014564147,0.18595668247767858,1.76,data/raw/audio_samples\Actor_14\03-01-07-01-02-02-14.wav,Actor_14,disgust,nervous
-375.11572,44.661804,-28.861002,2.6046698,-44.392838,-8.192412,-38.291294,-16.437346,-7.060239,-3.6896698,-4.089032,-13.940583,-5.9919515,1609.5027,0.01758418,0.17113095238095238,1.984,data/raw/audio_samples\Actor_14\03-01-07-02-01-01-14.wav,Actor_14,disgust,nervous
-405.59543,43.549282,-12.732566,-4.0737963,-33.32197,-8.428859,-42.974052,-6.714802,-19.946766,-1.3891588,-10.703,-8.75804,-6.0901523,1766.5847,0.008521992,0.20359584263392858,1.76,data/raw/audio_samples\Actor_14\03-01-07-02-01-02-14.wav,Actor_14,disgust,nervous
-425.53644,66.09445,-0.7453581,-3.6244178,-27.90334,-16.56657,-25.637644,-8.952227,-18.613132,-11.497675,-13.013021,-12.12844,-9.254632,1387.8546,0.008226904,0.22434645432692307,1.632,data/raw/audio_samples\Actor_14\03-01-07-02-02-01-14.wav,Actor_14,disgust,nervous
-388.2361,60.249073,-22.070978,-7.4012923,-40.179554,-18.588121,-50.014793,-15.22131,-18.35408,-13.920107,-8.619687,-16.564304,-6.275685,1248.1691,0.017172407,0.1792497306034483,1.824,data/raw/audio_samples\Actor_14\03-01-07-02-02-02-14.wav,Actor_14,disgust,nervous
-488.19482,65.354836,-12.9126425,3.181944,-32.91401,-9.562999,-26.571365,-8.38558,-15.5558405,-9.345905,-17.210316,-5.1395645,-13.151956,1591.6036,0.004253725,0.15933630601415094,1.664,data/raw/audio_samples\Actor_14\03-01-08-01-01-01-14.wav,Actor_14,surprised,neutral
-465.4082,66.39724,-17.337795,1.9786472,-29.609274,-11.273156,-23.096973,-10.224138,-12.8536415,-9.420183,-16.13967,-4.7402844,-8.615425,1617.5979,0.0049507394,0.15842333026960784,1.6,data/raw/audio_samples\Actor_14\03-01-08-01-01-02-14.wav,Actor_14,surprised,neutral
-448.53156,64.94951,-8.634048,-4.22943,-29.08918,-15.917788,-32.352688,-9.358085,-20.580818,-11.30983,-17.269701,-10.605655,-11.49931,1237.6373,0.006414674,0.16642878605769232,1.216,data/raw/audio_samples\Actor_14\03-01-08-01-02-01-14.wav,Actor_14,surprised,neutral
-434.8405,67.83278,-14.448952,-3.3303795,-31.094843,-20.596294,-30.587374,-9.296252,-19.661018,-13.954488,-18.31597,-9.529184,-10.823046,1059.1699,0.007103931,0.17766624273255813,1.344,data/raw/audio_samples\Actor_14\03-01-08-01-02-02-14.wav,Actor_14,surprised,neutral
-439.8049,75.03301,-16.112375,-4.5109553,-33.143322,-3.2204108,-19.399443,-16.245737,-12.000384,-10.415427,-17.747206,-3.3329327,-5.0164366,1596.7075,0.006784021,0.1591254340277778,1.984,data/raw/audio_samples\Actor_14\03-01-08-02-01-01-14.wav,Actor_14,surprised,neutral
-358.39114,71.094986,-34.748165,-8.452306,-43.10515,-13.637981,-33.08264,-14.92173,-18.828587,-16.123734,-9.802526,-7.216723,-1.3306844,1470.3334,0.016056381,0.1471263744212963,1.696,data/raw/audio_samples\Actor_14\03-01-08-02-01-02-14.wav,Actor_14,surprised,neutral
-388.23172,54.281586,-21.56814,-10.352136,-36.167984,-14.268441,-30.48838,-13.469991,-18.761898,-13.440078,-16.865036,-7.0174475,-6.728697,1559.682,0.010374182,0.2255588107638889,1.696,data/raw/audio_samples\Actor_14\03-01-08-02-02-01-14.wav,Actor_14,surprised,neutral
-407.01385,53.520214,-6.089215,-1.5961878,-27.245583,-12.448039,-26.984785,-10.397577,-17.600357,-13.227058,-18.92399,-7.496344,-6.7780743,1528.9724,0.008632182,0.23157190393518517,1.696,data/raw/audio_samples\Actor_14\03-01-08-02-02-02-14.wav,Actor_14,surprised,neutral
-392.31198,119.06183,-29.717146,25.843008,-10.366697,-11.031594,-7.6158824,-16.587906,-12.387486,-7.0678396,-7.113806,-5.5392585,-4.209081,1054.0448,0.011196731,0.09604027157738096,1.312,data/raw/audio_samples\Actor_15\03-01-01-01-01-01-15.wav,Actor_15,neutral,confident
-410.19284,117.91503,-27.749306,30.0403,-12.006478,-7.51013,-3.9410584,-14.834008,-12.842414,-6.540218,-5.7080865,-4.5687757,-2.3198106,1211.0571,0.008938626,0.10269442471590909,1.376,data/raw/audio_samples\Actor_15\03-01-01-01-01-02-15.wav,Actor_15,neutral,confident
-384.8098,121.00278,-29.775139,21.824469,-7.4519396,-9.558864,-10.665324,-14.29248,-16.163147,-6.3048096,-2.2587488,-3.0002537,-4.0590715,1094.016,0.010520519,0.12590060763888888,1.408,data/raw/audio_samples\Actor_15\03-01-01-01-02-01-15.wav,Actor_15,neutral,confident
-394.1715,115.27558,-25.298927,23.292055,-12.678366,-9.567188,-10.542319,-20.067406,-10.941118,-9.575124,-3.6862245,-4.5630827,-5.1569943,1128.6831,0.010548476,0.130126953125,1.376,data/raw/audio_samples\Actor_15\03-01-01-01-02-02-15.wav,Actor_15,neutral,confident
-457.61987,119.86583,-8.5464325,20.358154,-5.5330377,-5.768961,-7.20399,-7.1369057,-13.936698,-3.7574496,-2.7562125,-7.5481405,-3.0045524,1023.5056,0.005915227,0.10247927295918367,1.536,data/raw/audio_samples\Actor_15\03-01-02-01-01-01-15.wav,Actor_15,calm,confident
-438.9231,108.77921,-8.736548,23.169771,-6.5523915,-2.7777479,-10.499454,-7.8747077,-11.18444,-6.0706487,-1.3860139,-8.439288,-0.8601926,1228.7893,0.0068474957,0.10215250651041667,1.504,data/raw/audio_samples\Actor_15\03-01-02-01-01-02-15.wav,Actor_15,calm,confident
-536.63214,92.32751,-5.2946477,21.743649,1.4326407,-1.0393382,-7.2851644,-4.8377066,-4.0311546,-0.75746137,4.768425,-5.2715693,-0.5960815,1385.4265,0.00498887,0.11687360491071429,2.656,data/raw/audio_samples\Actor_15\03-01-02-01-02-01-15.wav,Actor_15,calm,confident
-426.12335,106.15949,-10.654974,21.512445,-4.5981064,-7.358025,-8.192886,-10.479881,-12.57598,-6.0735936,0.7574472,-7.7335415,-1.255161,1350.7246,0.007111584,0.14860983455882354,1.6,data/raw/audio_samples\Actor_15\03-01-02-01-02-02-15.wav,Actor_15,calm,confident
-436.30405,109.51497,-11.169234,22.381502,-7.691047,-5.5366335,-8.333706,-5.8294263,-16.648195,-2.4783773,-0.2388448,-9.785002,-1.4816619,1168.2963,0.007067571,0.10483961838942307,1.632,data/raw/audio_samples\Actor_15\03-01-02-02-01-01-15.wav,Actor_15,calm,confident
-459.51578,116.93506,-9.481833,21.124573,-7.7253113,-5.4592643,-6.7184134,-8.495994,-14.076106,-4.401422,-1.7190293,-7.5677724,-1.8049308,1283.8932,0.0066743866,0.09809221540178571,1.76,data/raw/audio_samples\Actor_15\03-01-02-02-01-02-15.wav,Actor_15,calm,confident
-462.41034,115.00205,-4.4744415,25.460709,-6.354437,-3.5237424,-5.6179485,-9.944545,-11.055469,-7.525739,-1.5750002,-8.057976,-0.29254553,1268.9355,0.007422897,0.12016977163461538,2.048,data/raw/audio_samples\Actor_15\03-01-02-02-02-01-15.wav,Actor_15,calm,confident
-523.62714,89.001724,0.02254178,18.840542,-2.119284,1.3461797,-10.715807,-3.8895202,-6.118899,-4.1328287,1.5917383,-8.669904,-1.3979697,1256.9346,0.004747141,0.11991060697115384,2.464,data/raw/audio_samples\Actor_15\03-01-02-02-02-02-15.wav,Actor_15,calm,confident
-375.13428,118.641685,-40.062965,35.942097,-9.026283,-17.599834,-5.1563597,-22.259092,-11.713308,-1.6737273,-7.6865873,-4.795057,-6.2405553,1266.2576,0.012810374,0.10707465277777778,1.408,data/raw/audio_samples\Actor_15\03-01-03-01-01-01-15.wav,Actor_15,happy,confident
-492.96606,91.50641,-17.830214,26.097857,-1.3852253,-6.037545,-0.28977293,-12.948577,-4.100217,-1.52653,0.9264236,-2.632771,-2.5549626,1101.3962,0.009802414,0.10753676470588236,2.144,data/raw/audio_samples\Actor_15\03-01-03-01-01-02-15.wav,Actor_15,happy,confident
-412.7621,106.34232,-31.664413,31.305525,-0.4103659,-11.914608,-9.925961,-13.353585,-12.541534,-3.932335,-1.5212799,-7.0111613,-4.993602,1435.0146,0.010754863,0.125810546875,1.568,data/raw/audio_samples\Actor_15\03-01-03-01-02-01-15.wav,Actor_15,happy,confident
-343.69446,105.35387,-37.493717,32.4697,1.0117157,-17.728262,-3.7894568,-16.428106,-12.214563,-2.9899893,-0.6184711,-5.393234,-2.427437,1226.9015,0.01520261,0.13526475694444445,1.408,data/raw/audio_samples\Actor_15\03-01-03-01-02-02-15.wav,Actor_15,happy,confident
-325.84723,82.362625,-23.329077,29.357674,-3.2107244,-10.634766,2.1932204,-13.68807,-0.6796178,-1.702419,-4.4508886,2.6466203,-5.006333,1269.6031,0.02960801,0.09375,1.664,data/raw/audio_samples\Actor_15\03-01-03-02-01-01-15.wav,Actor_15,happy,confident
-289.19116,101.2233,-43.18758,37.258595,-6.6485486,-18.873222,-0.17652431,-21.935127,-7.799392,0.4980503,-3.199985,-2.6102016,-3.6398265,1495.4233,0.025262099,0.1061740451388889,1.408,data/raw/audio_samples\Actor_15\03-01-03-02-01-02-15.wav,Actor_15,happy,confident
-291.62146,83.118164,-39.07144,26.477148,-7.834478,-19.607378,-2.8324301,-20.628658,-7.2071824,-2.607137,-1.3677144,-2.3239474,-3.9114144,1472.7307,0.026442356,0.1311456088362069,1.824,data/raw/audio_samples\Actor_15\03-01-03-02-02-01-15.wav,Actor_15,happy,confident
-285.83664,88.69199,-44.603317,35.577633,-9.628049,-21.216007,-7.429295,-25.366625,-8.516168,0.034709215,-4.5742354,-6.7736936,-6.4830127,1623.7811,0.023588603,0.1531982421875,1.376,data/raw/audio_samples\Actor_15\03-01-03-02-02-02-15.wav,Actor_15,happy,confident
-376.2855,108.27032,-29.951431,31.571362,-9.338544,-11.291169,-5.7705345,-17.713366,-6.593863,-8.784525,-4.3576536,-3.0978453,-5.0094075,1209.2585,0.011980133,0.10606317934782608,1.44,data/raw/audio_samples\Actor_15\03-01-04-01-01-01-15.wav,Actor_15,sad,nervous
-403.83185,111.17814,-27.397062,31.386288,-6.8883348,-7.3733506,-7.528606,-22.48404,-2.557497,-10.388237,3.03103,-7.610225,-4.925823,1097.4943,0.008745268,0.09721447172619048,1.312,data/raw/audio_samples\Actor_15\03-01-04-01-01-02-15.wav,Actor_15,sad,nervous
-376.42792,104.77151,-30.146881,29.658167,-1.0129063,-11.743137,-10.400799,-15.583022,-9.095142,-5.6060576,-0.3316252,-2.4653313,-5.7072873,1422.4419,0.0109579,0.1396484375,1.376,data/raw/audio_samples\Actor_15\03-01-04-01-02-01-15.wav,Actor_15,sad,nervous
-481.82867,94.25732,-16.222054,27.717653,-0.096235625,-5.3909273,-10.028384,-14.434246,-3.0594952,-6.851395,-8.993964,-5.475527,-4.4361653,1339.1212,0.0070634875,0.14471028645833334,1.888,data/raw/audio_samples\Actor_15\03-01-04-01-02-02-15.wav,Actor_15,sad,nervous
-413.09433,105.531,-20.163338,23.423409,1.366718,-4.434174,2.1631489,-10.248162,0.10443787,-4.2525086,9.658465,-0.12713517,-3.9938552,1035.1257,0.018613206,0.058639171511627904,1.344,data/raw/audio_samples\Actor_15\03-01-04-02-01-01-15.wav,Actor_15,sad,nervous
-435.21802,90.70289,-12.841001,21.90011,6.275835,-2.8189673,-0.6459475,-9.544551,0.71829855,-1.1124505,1.5020914,0.0057552336,-3.302297,1056.278,0.016113803,0.061221590909090906,1.728,data/raw/audio_samples\Actor_15\03-01-04-02-01-02-15.wav,Actor_15,sad,nervous
-358.65283,88.30003,-34.453358,31.413536,-7.8113384,-16.548061,-8.955501,-24.378859,-8.395629,-12.642346,-10.861478,-4.7571564,-10.47412,1518.241,0.013431736,0.17444595025510204,1.536,data/raw/audio_samples\Actor_15\03-01-04-02-02-01-15.wav,Actor_15,sad,nervous
-483.992,86.134026,-10.07906,26.720013,8.915558,-2.52189,-3.2983727,-7.297533,-0.76538473,-2.441887,-3.5395148,-1.1767142,-0.9948475,1304.4089,0.010727377,0.10096807065217392,2.176,data/raw/audio_samples\Actor_15\03-01-04-02-02-02-15.wav,Actor_15,sad,nervous
-318.03217,92.67849,-25.965696,28.231976,-14.648768,-11.163063,1.5859642,-17.627337,-9.9549055,-4.9897313,-5.812633,-4.5935893,-6.031303,1388.1932,0.0217021,0.120556640625,1.568,data/raw/audio_samples\Actor_15\03-01-05-01-01-01-15.wav,Actor_15,angry,nervous
-278.3582,86.84961,-31.726406,18.786123,-20.945023,-14.391457,-1.0138532,-17.825424,-7.3924804,-10.714665,-5.981647,-2.13294,-9.243818,1406.9572,0.032025784,0.11558861825980392,1.6,data/raw/audio_samples\Actor_15\03-01-05-01-01-02-15.wav,Actor_15,angry,nervous
-308.25638,96.15596,-36.210506,26.576248,-9.714496,-15.011996,-1.2635739,-17.295717,-10.47366,-9.635945,-4.233773,-3.9693642,-6.1655383,1599.9955,0.022171231,0.15658735795454545,1.728,data/raw/audio_samples\Actor_15\03-01-05-01-02-01-15.wav,Actor_15,angry,nervous
-258.53085,73.2363,-30.463173,17.80788,-19.084578,-17.628107,-2.3690405,-24.874357,-5.5955467,-12.323676,-8.196149,-0.45937908,-10.481294,1602.3811,0.039757717,0.17759486607142858,1.536,data/raw/audio_samples\Actor_15\03-01-05-01-02-02-15.wav,Actor_15,angry,nervous
-232.12982,64.499176,-34.713432,18.187252,-20.095604,-9.422507,-2.6352954,-17.17154,-9.480873,-8.642134,-9.844525,-0.20507039,-12.553942,1572.278,0.049444184,0.13636552526595744,1.472,data/raw/audio_samples\Actor_15\03-01-05-02-01-01-15.wav,Actor_15,angry,nervous
-238.00441,75.32236,-32.797222,13.219641,-24.363047,-12.102177,1.1545509,-19.440798,-6.961411,-9.685342,-5.286632,-2.5814352,-11.382322,1507.2155,0.054661114,0.11503544560185185,1.696,data/raw/audio_samples\Actor_15\03-01-05-02-01-02-15.wav,Actor_15,angry,nervous
-245.68105,75.76977,-25.533003,25.536016,-5.5013733,-19.239008,-8.621059,-15.699143,-13.889979,-3.3882763,-3.6177711,-2.5454838,-9.382472,1581.3806,0.038056735,0.1600835272606383,1.472,data/raw/audio_samples\Actor_15\03-01-05-02-02-01-15.wav,Actor_15,angry,nervous
-208.38791,51.38677,-32.550404,18.592821,-22.010004,-15.895609,-6.6896114,-21.051348,-12.848941,-12.407803,-4.5604515,-5.8902464,-16.480518,1829.2493,0.06728776,0.173330078125,1.568,data/raw/audio_samples\Actor_15\03-01-05-02-02-02-15.wav,Actor_15,angry,nervous
-498.00906,85.74451,-2.081003,25.570137,11.911716,1.8669968,-2.7910385,-6.577593,2.3660994,0.5899531,5.0986447,0.78881943,-0.13891906,1160.5609,0.00980447,0.07260894775390625,2.016,data/raw/audio_samples\Actor_15\03-01-06-01-01-01-15.wav,Actor_15,fearful,nervous
-389.8056,85.88321,-8.848447,26.713161,2.7531793,-2.9377623,-15.512894,-8.251874,0.68199867,-5.2789207,-0.6847663,3.4233382,-4.7973466,1168.231,0.0127384355,0.09222301136363636,1.728,data/raw/audio_samples\Actor_15\03-01-06-01-01-02-15.wav,Actor_15,fearful,nervous
-371.44757,85.317894,1.5333414,20.924,8.118788,-0.28796312,-14.899617,-8.009775,-0.09923557,-5.5487227,-3.605672,2.6670337,-3.3237352,1311.2802,0.013736906,0.11599170918367346,1.536,data/raw/audio_samples\Actor_15\03-01-06-01-02-01-15.wav,Actor_15,fearful,nervous
-385.84085,77.21443,-12.664423,15.243918,-0.74773043,-9.766803,-19.409391,-15.873942,-3.4974198,-7.392269,-8.62061,-5.6327996,-6.9158053,1300.9398,0.011696469,0.1314630681818182,1.728,data/raw/audio_samples\Actor_15\03-01-06-01-02-02-15.wav,Actor_15,fearful,nervous
-327.1317,75.87629,-13.78961,23.884706,-0.9783828,-8.310587,-2.4113607,-12.469216,-6.5118675,-5.8165746,-6.970568,0.76426166,-7.9721227,1231.4006,0.030596243,0.0897533275462963,1.696,data/raw/audio_samples\Actor_15\03-01-06-02-01-01-15.wav,Actor_15,fearful,nervous
-307.51633,57.4704,-10.0553,19.20102,-0.049200945,-11.47366,-8.441916,-13.724458,-4.8032556,-5.491511,-4.9422445,-2.3704152,-9.335068,1408.8127,0.043671153,0.08084542410714286,1.76,data/raw/audio_samples\Actor_15\03-01-06-02-01-02-15.wav,Actor_15,fearful,nervous
-371.3179,69.11934,-9.699474,22.197283,2.6026752,-9.334576,-2.6628613,-11.530461,-4.220336,-6.679664,-2.945204,0.11916363,-4.6398005,1664.907,0.020994611,0.12046477754237288,1.856,data/raw/audio_samples\Actor_15\03-01-06-02-02-01-15.wav,Actor_15,fearful,nervous
-243.62262,71.31508,-36.85336,17.728676,-6.0911355,-18.20118,-10.399033,-28.125923,-6.5001907,-8.681841,-6.333768,-0.26318404,-11.966485,1580.7612,0.044016667,0.13369140625,1.408,data/raw/audio_samples\Actor_15\03-01-06-02-02-02-15.wav,Actor_15,fearful,nervous
-404.46414,100.52978,-25.490236,18.92638,0.3204032,-13.057598,-12.4781,-16.838717,-8.858183,-7.035008,-9.295352,-2.0803494,-8.237972,1445.4408,0.010035934,0.1012939453125,1.888,data/raw/audio_samples\Actor_15\03-01-07-01-01-01-15.wav,Actor_15,disgust,nervous
-408.66724,113.26818,-36.446,22.181412,-5.3283772,-9.597639,-8.245838,-16.186373,-10.904939,-0.25698924,-6.146722,-7.3092346,-4.618267,1330.5458,0.008416598,0.11500831886574074,1.696,data/raw/audio_samples\Actor_15\03-01-07-01-01-02-15.wav,Actor_15,disgust,nervous
-401.79828,102.88552,-24.554344,23.432596,3.4319615,-10.430398,-18.537916,-15.282184,-7.088226,-4.5888677,-7.605111,-7.5145135,-2.377593,1499.0146,0.010060501,0.14580891927083334,1.888,data/raw/audio_samples\Actor_15\03-01-07-01-02-01-15.wav,Actor_15,disgust,nervous
-380.0285,88.51231,-23.408264,20.02743,-2.1751328,-11.958956,-9.419767,-19.144726,-8.423609,-8.0828705,-7.1149864,-4.2517796,-5.769971,1387.8842,0.014529992,0.13719995471014493,2.176,data/raw/audio_samples\Actor_15\03-01-07-01-02-02-15.wav,Actor_15,disgust,nervous
-352.08377,92.44372,-19.740889,27.375875,-2.977364,-9.136434,-2.065135,-13.0061455,-9.886951,-6.1807446,-0.47240478,-3.6706605,-2.303749,1286.3032,0.018389268,0.08055701622596154,1.632,data/raw/audio_samples\Actor_15\03-01-07-02-01-01-15.wav,Actor_15,disgust,nervous
-413.6593,100.306,-24.55119,22.804047,1.4524701,-5.708726,-3.294043,-10.46587,-4.086178,1.7766536,1.7710022,3.0945122,-2.3242323,1326.9155,0.010961077,0.09447841956967214,1.92,data/raw/audio_samples\Actor_15\03-01-07-02-01-02-15.wav,Actor_15,disgust,nervous
-440.43146,80.77692,-27.808844,17.615969,1.4708223,-5.5961566,-8.52397,-8.211842,-0.13844573,-1.3046544,3.8488615,2.6800709,-1.6304768,1467.7289,0.015321108,0.10126528532608696,2.176,data/raw/audio_samples\Actor_15\03-01-07-02-02-01-15.wav,Actor_15,disgust,nervous
-330.52017,82.609055,-13.32816,21.677673,-5.8708754,-10.180576,-13.7053175,-15.261086,-10.006525,-13.013783,-5.532886,-7.0991974,-10.260888,1393.4956,0.017845688,0.12921612079326922,1.632,data/raw/audio_samples\Actor_15\03-01-07-02-02-02-15.wav,Actor_15,disgust,nervous
-456.90735,99.01565,-33.12938,26.361664,-1.1874717,-7.2266693,-4.6606812,-11.693188,-3.0168865,0.15795892,-1.2092481,-2.806935,2.428936,1303.225,0.0107856225,0.09566243489583333,2.272,data/raw/audio_samples\Actor_15\03-01-08-01-01-01-15.wav,Actor_15,surprised,neutral
-357.4056,104.574905,-32.90194,25.71491,-13.889761,-10.274871,-6.656168,-19.57618,-8.076568,-6.015663,-9.07867,-8.41775,-6.121767,1206.5842,0.015485141,0.10160688920454546,1.376,data/raw/audio_samples\Actor_15\03-01-08-01-01-02-15.wav,Actor_15,surprised,neutral
-380.90005,100.428505,-31.910078,24.127045,-6.4712296,-14.343828,-9.762939,-23.61655,-10.660614,-1.3003076,-5.4405594,-10.551073,-3.3772206,1328.2577,0.011480427,0.18566022600446427,1.76,data/raw/audio_samples\Actor_15\03-01-08-01-02-01-15.wav,Actor_15,surprised,neutral
-367.5876,113.70733,-29.784828,13.227548,-13.616609,-12.418015,-18.138157,-25.910822,-9.599384,-7.882669,-6.3441086,-4.9609375,-11.150775,1056.8307,0.013850211,0.11710981889204546,1.376,data/raw/audio_samples\Actor_15\03-01-08-01-02-02-15.wav,Actor_15,surprised,neutral
-274.33734,91.68254,-18.173471,31.323074,-7.59519,-6.7829127,-2.8620207,-16.06846,-3.804987,0.1867455,-4.0054693,3.172779,-5.433653,1154.4464,0.035403788,0.08191769622093023,1.344,data/raw/audio_samples\Actor_15\03-01-08-02-01-01-15.wav,Actor_15,surprised,neutral
-372.67953,96.73867,-19.631325,37.989834,1.314065,-9.185106,-0.22513783,-15.446885,-0.20816179,-0.15368484,-4.1866193,-2.5799706,-1.4392047,1336.9939,0.017775066,0.08602366727941177,1.6,data/raw/audio_samples\Actor_15\03-01-08-02-01-02-15.wav,Actor_15,surprised,neutral
-323.0194,106.56408,-36.64807,34.464428,-9.367974,-13.838452,-10.957776,-23.59934,-9.698016,-5.6705713,-3.4415805,-2.5251987,-4.8215194,1372.1145,0.015660204,0.139892578125,1.184,data/raw/audio_samples\Actor_15\03-01-08-02-02-01-15.wav,Actor_15,surprised,neutral
-308.19254,93.551346,-28.323662,27.035614,-1.4434212,-17.228724,-6.339669,-18.156242,-10.3756895,-4.7327113,0.36104986,-5.173769,-5.191548,1299.5135,0.020202532,0.11274754723837209,1.344,data/raw/audio_samples\Actor_15\03-01-08-02-02-02-15.wav,Actor_15,surprised,neutral
-483.4851,99.98227,0.5404713,11.302871,-18.100475,-23.675413,-19.60365,-15.009945,-8.065744,-16.095968,-7.072058,-5.7797956,-11.900045,1312.0024,0.0060842778,0.12219880756578948,1.792,data/raw/audio_samples\Actor_16\03-01-01-01-01-01-16.wav,Actor_16,neutral,confident
-477.94846,91.58353,-0.95153886,14.236017,-19.927254,-24.139952,-20.081238,-12.078466,-8.354515,-13.762505,-7.4904647,-6.2928095,-12.107123,1440.4584,0.006410992,0.13734172952586207,1.824,data/raw/audio_samples\Actor_16\03-01-01-01-01-02-16.wav,Actor_16,neutral,confident
-426.2773,75.88207,-12.122218,8.849349,-17.401472,-36.756504,-23.844395,-13.76387,-3.9084911,-14.101298,-8.461447,-7.3556457,-14.616501,1029.8811,0.009896238,0.1694980837264151,1.664,data/raw/audio_samples\Actor_16\03-01-01-01-02-01-16.wav,Actor_16,neutral,confident
-449.98108,85.38755,-2.1568112,12.170911,-20.102945,-30.95193,-28.030352,-12.830643,-11.107357,-11.560144,-5.9630113,-10.088634,-11.199908,920.722,0.009476408,0.17329197303921567,1.6,data/raw/audio_samples\Actor_16\03-01-01-01-02-02-16.wav,Actor_16,neutral,confident
-501.85077,94.2199,-3.709694,11.004484,-14.439712,-24.4389,-22.909998,-4.4624553,-9.484062,-14.291698,-10.5271845,-4.178615,-14.721765,1304.7244,0.0049699075,0.12076822916666667,1.696,data/raw/audio_samples\Actor_16\03-01-02-01-01-01-16.wav,Actor_16,calm,confident
-491.4984,89.13639,-0.24844472,16.312683,-15.367186,-25.482582,-15.134542,-7.7589517,-8.765905,-15.838836,-6.4131265,-4.9554477,-8.659982,1285.1664,0.0067195063,0.11041777012711865,1.856,data/raw/audio_samples\Actor_16\03-01-02-01-01-02-16.wav,Actor_16,calm,confident
-502.16168,70.955734,8.961069,15.683613,-15.216983,-29.416008,-19.887625,-12.627546,-9.755828,-16.96028,-6.8822365,-3.6867516,-18.36558,1082.4214,0.0061379126,0.16201833951271186,1.856,data/raw/audio_samples\Actor_16\03-01-02-01-02-01-16.wav,Actor_16,calm,confident
-465.70538,70.743675,8.485385,14.355261,-16.19628,-26.192715,-25.982937,-10.894956,-8.806919,-14.432036,-8.676023,-4.8602214,-14.256829,1010.412,0.008064586,0.18703787667410715,1.76,data/raw/audio_samples\Actor_16\03-01-02-01-02-02-16.wav,Actor_16,calm,confident
-484.84036,84.48653,-4.74321,8.211687,-16.587526,-21.624128,-23.130367,-5.8023562,-10.423461,-15.261703,-11.202402,-5.856242,-11.204479,1487.8842,0.00653119,0.13690396012931033,1.824,data/raw/audio_samples\Actor_16\03-01-02-02-01-01-16.wav,Actor_16,calm,confident
-441.7082,81.836815,-12.386415,14.251314,-14.2861185,-22.148659,-17.464832,-10.761648,-4.8114924,-16.990002,-9.884618,-3.6623378,-16.635738,1487.8959,0.010650256,0.11669121413934426,1.92,data/raw/audio_samples\Actor_16\03-01-02-02-01-02-16.wav,Actor_16,calm,confident
-498.73666,77.085724,4.2636633,7.252263,-18.689806,-31.8615,-21.965322,-13.5451765,-7.59307,-15.962525,-11.954191,-0.7839616,-17.993439,1071.6166,0.005801542,0.1701122219279661,1.856,data/raw/audio_samples\Actor_16\03-01-02-02-02-01-16.wav,Actor_16,calm,confident
-490.4055,80.15731,0.20031182,7.476344,-12.245685,-34.62905,-21.114082,-12.7337,-9.3395605,-14.255022,-9.531558,-3.2141523,-17.22525,1075.5002,0.0060304934,0.17511393229166666,1.888,data/raw/audio_samples\Actor_16\03-01-02-02-02-02-16.wav,Actor_16,calm,confident
-378.29105,66.58072,-27.730604,14.656906,-23.380789,-21.66588,-28.382101,-17.72684,-2.6569922,-20.189077,-9.5584755,-1.8955934,-14.241545,1493.8577,0.015819114,0.14259690504807693,1.632,data/raw/audio_samples\Actor_16\03-01-03-01-01-01-16.wav,Actor_16,happy,confident
-367.11392,68.678665,-16.917746,14.345067,-18.899748,-21.088802,-25.084616,-10.971775,-3.836952,-17.855331,-9.413652,-2.0854697,-13.34712,1524.7046,0.018053673,0.1412071814903846,1.632,data/raw/audio_samples\Actor_16\03-01-03-01-01-02-16.wav,Actor_16,happy,confident
-392.3362,70.25589,-14.998918,14.119321,-17.587744,-29.469933,-28.322561,-17.348408,-7.2158823,-16.61702,-12.612154,-1.7743163,-13.822265,1074.1553,0.014715222,0.17365944602272726,1.728,data/raw/audio_samples\Actor_16\03-01-03-01-02-01-16.wav,Actor_16,happy,confident
-383.0168,64.09924,-20.765987,11.653997,-18.929863,-28.941816,-30.442282,-23.345463,-2.505189,-15.550752,-15.746251,-2.1749694,-15.108927,1172.1284,0.015846072,0.1882830925707547,1.664,data/raw/audio_samples\Actor_16\03-01-03-01-02-02-16.wav,Actor_16,happy,confident
-338.68146,56.539562,-29.488956,7.681806,-22.94843,-20.918509,-28.677055,-20.472736,-3.3420184,-16.502861,-13.447969,-3.282609,-15.902251,1632.3593,0.02472684,0.15714089912280702,1.792,data/raw/audio_samples\Actor_16\03-01-03-02-01-01-16.wav,Actor_16,happy,confident
-266.3073,53.32104,-27.991985,10.020598,-25.983706,-22.342638,-19.919716,-20.537167,-5.1523085,-16.206789,-11.518836,-2.5844836,-13.403417,1648.78,0.04642773,0.14814851721938777,1.536,data/raw/audio_samples\Actor_16\03-01-03-02-01-02-16.wav,Actor_16,happy,confident
-322.35367,42.274647,-23.063406,7.9719124,-29.144196,-33.921425,-29.492092,-19.433256,-5.0201044,-23.087381,-14.741137,-7.8938174,-16.66828,1348.6074,0.028997352,0.20545305524553573,1.76,data/raw/audio_samples\Actor_16\03-01-03-02-02-01-16.wav,Actor_16,happy,confident
-335.81918,58.54527,-22.749445,8.905587,-26.063852,-27.526358,-26.410707,-21.252142,-0.1993667,-14.042399,-15.279414,-1.4854065,-22.479,1372.6642,0.023507396,0.20161655970982142,1.76,data/raw/audio_samples\Actor_16\03-01-03-02-02-02-16.wav,Actor_16,happy,confident
-459.90942,81.84939,-3.4655895,16.26536,-18.150251,-15.602702,-31.242027,-5.4337425,-10.443905,-15.46729,-10.433079,-0.4572033,-15.793671,1420.3407,0.007543852,0.13124593098958334,1.504,data/raw/audio_samples\Actor_16\03-01-04-01-01-01-16.wav,Actor_16,sad,nervous
-487.90906,88.416885,-8.794019,14.666685,-19.880024,-22.547283,-28.352074,-9.3281975,-7.551054,-19.067045,-11.122225,0.89740855,-16.162712,1336.7347,0.0063962666,0.12253981370192307,1.632,data/raw/audio_samples\Actor_16\03-01-04-01-01-02-16.wav,Actor_16,sad,nervous
-458.65164,78.13865,-4.439906,14.2332735,-11.51286,-28.247866,-33.871925,-14.134089,-4.9731216,-18.894733,-13.037448,-0.6400811,-16.873268,1116.0527,0.007634824,0.16938164893617022,1.472,data/raw/audio_samples\Actor_16\03-01-04-01-02-01-16.wav,Actor_16,sad,nervous
-498.79272,76.170685,3.221674,15.776511,-11.89383,-30.713669,-31.920168,-12.028887,-9.815109,-17.520258,-12.563585,-2.7389648,-13.42517,930.1778,0.0065184557,0.16264552696078433,1.6,data/raw/audio_samples\Actor_16\03-01-04-01-02-02-16.wav,Actor_16,sad,nervous
-448.19174,81.92598,-19.865917,15.231175,-18.569366,-25.256351,-37.318825,-17.31145,-7.809766,-15.33215,-9.678848,0.04243636,-20.838266,1504.0288,0.008849589,0.13593401227678573,1.76,data/raw/audio_samples\Actor_16\03-01-04-02-01-01-16.wav,Actor_16,sad,nervous
-456.31497,75.31224,-9.28444,8.606391,-15.413756,-24.765375,-30.934267,-15.153465,-6.10161,-15.686708,-14.554833,3.9988217,-17.580694,1479.0488,0.0072179837,0.16913052262931033,1.824,data/raw/audio_samples\Actor_16\03-01-04-02-01-02-16.wav,Actor_16,sad,nervous
-442.45737,65.27216,-20.35988,6.0547733,-19.658325,-36.614365,-29.0802,-22.362171,-7.410127,-19.271124,-16.609636,-0.26674518,-20.91892,1113.9414,0.010613725,0.205029296875,1.888,data/raw/audio_samples\Actor_16\03-01-04-02-02-01-16.wav,Actor_16,sad,nervous
-428.36066,72.4635,-15.975891,8.060903,-18.940414,-40.426018,-29.900993,-11.75272,-11.183359,-20.34979,-11.783762,-3.1348803,-15.63343,1075.437,0.0119173555,0.21223101699561403,1.792,data/raw/audio_samples\Actor_16\03-01-04-02-02-02-16.wav,Actor_16,sad,nervous
-320.45673,60.039047,-7.333999,9.180795,-25.94961,-12.50349,-21.6076,-20.591984,-0.47066122,-12.026308,-7.37124,-1.307493,-12.040031,1698.6453,0.025180712,0.15731956845238096,1.984,data/raw/audio_samples\Actor_16\03-01-05-01-01-01-16.wav,Actor_16,angry,nervous
-316.32794,61.215992,-11.58739,5.437473,-24.94782,-13.5589695,-13.260101,-28.838297,-1.4370613,-14.458846,-12.261624,1.0135108,-11.871011,1647.7028,0.032268155,0.1561767578125,1.888,data/raw/audio_samples\Actor_16\03-01-05-01-01-02-16.wav,Actor_16,angry,nervous
-337.49362,49.73783,-11.71881,-4.0967946,-27.99363,-15.124868,-27.863617,-26.976765,-8.36683,-12.563719,-16.10729,-3.8671134,-14.481115,1626.7803,0.023833752,0.2152840035860656,1.92,data/raw/audio_samples\Actor_16\03-01-05-01-02-01-16.wav,Actor_16,angry,nervous
-285.28412,45.925556,-9.378925,9.294813,-29.67956,-15.489448,-23.222496,-26.714376,-6.3033514,-13.413343,-14.575513,-0.84087443,-15.918176,1744.7004,0.03628623,0.214306640625,1.888,data/raw/audio_samples\Actor_16\03-01-05-01-02-02-16.wav,Actor_16,angry,nervous
-252.73505,51.649742,-18.86291,4.0348506,-36.91358,-13.814332,-18.874855,-27.33292,0.023815462,-17.585463,-8.887435,-1.935577,-14.998351,1738.4065,0.054226838,0.16100867319915255,1.856,data/raw/audio_samples\Actor_16\03-01-05-02-01-01-16.wav,Actor_16,angry,nervous
-215.79971,38.046078,-38.893494,0.5658269,-40.63037,-16.16691,-21.942112,-36.81133,1.3780184,-17.899092,-13.881724,-7.2354193,-18.077084,1799.0251,0.08747289,0.16793045343137256,1.6,data/raw/audio_samples\Actor_16\03-01-05-02-01-02-16.wav,Actor_16,angry,nervous
-211.92203,26.922699,-35.100143,6.722076,-41.96186,-11.133535,-21.123873,-38.67025,5.5348034,-19.215982,-11.935466,-8.467906,-17.64605,2198.6768,0.08596066,0.23903586647727273,1.728,data/raw/audio_samples\Actor_16\03-01-05-02-02-01-16.wav,Actor_16,angry,nervous
-278.12277,35.15675,-24.771746,3.654959,-34.446808,-12.842697,-16.63429,-31.691895,5.7386656,-16.547302,-7.2324605,-3.605173,-17.378256,1896.5902,0.058003906,0.2494591346153846,2.048,data/raw/audio_samples\Actor_16\03-01-05-02-02-02-16.wav,Actor_16,angry,nervous
-384.15845,75.76571,-17.88911,8.268417,-21.323036,-20.234434,-26.722565,-24.286282,-6.506972,-20.345772,-19.244223,5.789265,-13.369255,1450.479,0.019046284,0.1242532169117647,1.6,data/raw/audio_samples\Actor_16\03-01-06-01-01-01-16.wav,Actor_16,fearful,nervous
-399.90628,72.378525,-1.409193,9.200756,-13.537016,-13.486484,-28.046865,-19.397844,-5.39589,-16.54504,-16.089558,3.7931216,-13.873829,1608.4252,0.01414107,0.13913937832446807,1.472,data/raw/audio_samples\Actor_16\03-01-06-01-01-02-16.wav,Actor_16,fearful,nervous
-408.88147,64.036,0.14993833,13.300521,-17.517763,-25.686049,-25.803291,-13.871947,-10.160699,-15.2955475,-9.160451,-1.8905939,-16.317339,1291.627,0.014090609,0.18350923978365385,1.632,data/raw/audio_samples\Actor_16\03-01-06-01-02-01-16.wav,Actor_16,fearful,nervous
-371.45956,61.69713,-10.415741,2.3408358,-17.85363,-31.966835,-30.169374,-23.923172,-7.787777,-21.00211,-16.087004,-2.3418784,-20.7625,1008.26733,0.019339647,0.184150390625,1.568,data/raw/audio_samples\Actor_16\03-01-06-01-02-02-16.wav,Actor_16,fearful,nervous
-230.1786,38.222477,-46.172318,-6.5970592,-35.898766,-26.205332,-30.538706,-23.968283,-13.857489,-24.454823,-17.548498,6.229438,-4.48169,1675.2466,0.06977336,0.15338604266826922,1.632,data/raw/audio_samples\Actor_16\03-01-06-02-01-01-16.wav,Actor_16,fearful,nervous
-229.20923,25.693264,-48.73468,-5.4712925,-34.205532,-31.518538,-31.810192,-24.671387,-11.598256,-21.066608,-8.012629,15.234748,-0.13966249,1758.6567,0.093157835,0.1567664513221154,1.632,data/raw/audio_samples\Actor_16\03-01-06-02-01-02-16.wav,Actor_16,fearful,nervous
-239.19585,22.72163,-53.996147,-10.235721,-38.67038,-35.247425,-30.052097,-35.84327,-8.492156,-22.630405,-14.429383,10.049623,-2.7973735,1649.2407,0.08264929,0.22351323341836735,1.536,data/raw/audio_samples\Actor_16\03-01-06-02-02-01-16.wav,Actor_16,fearful,nervous
-196.98453,33.62184,-53.810677,-9.66741,-38.568855,-37.222374,-32.117413,-29.520176,-10.583052,-19.288126,-12.439432,12.787189,-1.5217985,1725.334,0.093300655,0.20045503656914893,1.472,data/raw/audio_samples\Actor_16\03-01-06-02-02-02-16.wav,Actor_16,fearful,nervous
-415.3366,73.550865,2.3356147,4.671794,-18.749912,-11.579079,-28.538258,-17.824997,-6.4176064,-7.5437336,-13.204056,3.7985091,-16.782747,1628.8632,0.008993476,0.1680372807017544,1.792,data/raw/audio_samples\Actor_16\03-01-07-01-01-01-16.wav,Actor_16,disgust,nervous
-406.5718,75.01673,-1.2048961,1.034655,-21.896868,-10.043641,-30.490536,-13.785351,-6.692038,-13.62736,-13.224872,-1.2980684,-14.547697,1629.3684,0.0105444295,0.16522752192982457,1.792,data/raw/audio_samples\Actor_16\03-01-07-01-01-02-16.wav,Actor_16,disgust,nervous
-419.96512,75.34839,0.55658144,13.306832,-29.487478,-33.651894,-26.040989,-11.798741,-18.28817,-13.163198,-11.344413,-9.295662,-9.3663025,988.18146,0.010936443,0.16383330676020408,1.536,data/raw/audio_samples\Actor_16\03-01-07-01-02-01-16.wav,Actor_16,disgust,nervous
-391.5475,80.88567,0.75434315,8.621714,-21.556398,-22.705679,-20.853157,-15.007198,-10.231574,-13.276933,-8.279641,-4.8901916,-12.989608,1107.0342,0.014572406,0.1702880859375,1.632,data/raw/audio_samples\Actor_16\03-01-07-01-02-02-16.wav,Actor_16,disgust,nervous
-427.20898,71.41553,-1.6547419,6.555399,-17.700827,-16.585867,-29.269043,-16.873596,1.2745992,-15.910743,-13.753848,0.44217518,-15.957975,1655.4331,0.008826348,0.173583984375,2.272,data/raw/audio_samples\Actor_16\03-01-07-02-01-01-16.wav,Actor_16,disgust,nervous
-399.0727,67.202156,-1.673927,7.9564967,-22.515352,-12.591934,-23.778976,-18.03133,-0.08366479,-11.0894985,-13.5620165,2.377922,-11.801271,1735.2474,0.011306753,0.18141367737676056,2.24,data/raw/audio_samples\Actor_16\03-01-07-02-01-02-16.wav,Actor_16,disgust,nervous
-408.00885,63.564682,5.1490726,6.6128316,-18.283129,-22.942745,-21.841135,-23.894533,-0.7500489,-18.146717,-13.580994,-0.3895192,-19.454426,1162.8785,0.014637663,0.20947963169642858,2.208,data/raw/audio_samples\Actor_16\03-01-07-02-02-01-16.wav,Actor_16,disgust,nervous
-388.71237,60.690987,-4.246226,7.644492,-23.612347,-27.17579,-19.654655,-19.835352,-5.539971,-16.258993,-11.2994,-2.8811216,-13.335914,1217.6433,0.018767433,0.19944467117537312,2.112,data/raw/audio_samples\Actor_16\03-01-07-02-02-02-16.wav,Actor_16,disgust,nervous
-393.4449,85.226906,-26.06644,6.9083624,-29.199076,-30.094769,-30.127441,-10.765199,-9.3680725,-22.28158,-7.3016663,-13.334139,-7.924887,1306.931,0.014318249,0.12390915890957446,1.472,data/raw/audio_samples\Actor_16\03-01-08-01-01-01-16.wav,Actor_16,surprised,neutral
-345.80045,75.48191,-19.460012,1.2303839,-39.3632,-34.342896,-25.114174,-14.663848,-21.652683,-13.399237,-15.915686,-15.839499,-6.2176256,1287.4225,0.02223462,0.13570963541666667,1.408,data/raw/audio_samples\Actor_16\03-01-08-01-01-02-16.wav,Actor_16,surprised,neutral
-346.31982,70.55418,-20.290558,2.4287498,-31.983932,-28.916595,-37.942173,-15.789579,-12.750414,-22.024115,-8.134404,-12.128036,-14.83532,1251.7927,0.0213118,0.1866031568877551,1.536,data/raw/audio_samples\Actor_16\03-01-08-01-02-01-16.wav,Actor_16,surprised,neutral
-305.2407,62.43997,-16.90156,-2.7603736,-37.854313,-42.798588,-24.539131,-16.060095,-25.35353,-18.008236,-19.338089,-14.855291,-6.2059836,1032.5938,0.034413468,0.1717263926630435,1.44,data/raw/audio_samples\Actor_16\03-01-08-01-02-02-16.wav,Actor_16,surprised,neutral
-358.876,78.50717,-30.722967,2.1536198,-30.326984,-25.736753,-38.810528,-9.455006,-10.230822,-21.849152,-10.35921,-12.4442215,-13.02283,1369.1407,0.020535175,0.12861726721938777,1.536,data/raw/audio_samples\Actor_16\03-01-08-02-01-01-16.wav,Actor_16,surprised,neutral
-317.02243,77.82671,-25.169647,-3.2239957,-39.524162,-29.98546,-24.443565,-17.621515,-16.298388,-20.619411,-14.70984,-11.582307,-8.141779,1312.2174,0.028537534,0.13323102678571427,1.536,data/raw/audio_samples\Actor_16\03-01-08-02-01-02-16.wav,Actor_16,surprised,neutral
-273.34692,65.24236,-31.971596,-5.875891,-35.060658,-39.021095,-28.312988,-24.672014,-14.473675,-21.674606,-7.9240985,-8.753168,-12.878209,1229.625,0.03818111,0.194912109375,1.568,data/raw/audio_samples\Actor_16\03-01-08-02-02-01-16.wav,Actor_16,surprised,neutral
-320.76462,66.65573,-26.760561,-2.0666049,-32.119415,-39.32861,-30.86381,-19.380962,-17.54548,-23.00383,-12.597373,-11.767955,-6.250882,1262.4188,0.029888742,0.17604932598039216,1.6,data/raw/audio_samples\Actor_16\03-01-08-02-02-02-16.wav,Actor_16,surprised,neutral
-443.46664,121.91383,-8.04452,29.93839,-0.35841504,6.606836,-10.66554,-28.505884,3.2945433,-10.215358,-10.2829895,4.0587792,-4.973498,814.56647,0.008837764,0.07305230034722222,1.696,data/raw/audio_samples\Actor_17\03-01-01-01-01-01-17.wav,Actor_17,neutral,confident
-416.2829,124.07698,-14.47348,33.017345,-5.0785503,5.1589985,-3.6604896,-25.837736,-3.3079927,-5.6770887,-11.363936,5.7040615,-7.241158,845.4623,0.009740449,0.0806884765625,1.376,data/raw/audio_samples\Actor_17\03-01-01-01-01-02-17.wav,Actor_17,neutral,confident
-405.7018,113.704865,-11.941188,25.63241,-7.2672095,4.742655,-7.668888,-31.866241,-3.703881,-9.288763,-10.592967,6.1391234,-11.2822695,1346.2355,0.010897517,0.11371866861979167,1.504,data/raw/audio_samples\Actor_17\03-01-01-01-02-01-17.wav,Actor_17,neutral,confident
-419.41455,117.3193,-10.6602,29.937399,-5.9248514,7.8011656,-6.832501,-30.303833,-0.7408987,-10.203335,-9.281084,6.5981684,-10.057923,1348.4536,0.010671002,0.10508435837765957,1.472,data/raw/audio_samples\Actor_17\03-01-01-01-02-02-17.wav,Actor_17,neutral,confident
-429.867,121.3015,-5.8802547,25.792032,-0.655021,3.0164244,-13.143475,-21.613943,-4.1687484,-9.728612,-13.140628,5.8230314,-9.740576,693.21234,0.009324749,0.073974609375,1.312,data/raw/audio_samples\Actor_17\03-01-02-01-01-01-17.wav,Actor_17,calm,confident
-426.0597,109.74323,5.23304,25.208954,-2.456572,-0.28419903,-7.951459,-22.867456,-5.5516577,-8.509072,-13.047876,6.874656,-11.426754,911.1156,0.010872961,0.0802951388888889,1.408,data/raw/audio_samples\Actor_17\03-01-02-01-01-02-17.wav,Actor_17,calm,confident
-428.51517,105.132454,7.2912426,23.918314,-5.313734,7.0885324,-10.017741,-20.16579,-1.237932,-15.143535,-7.7154455,0.27084133,-9.776277,1128.8292,0.010241438,0.09600360576923077,1.632,data/raw/audio_samples\Actor_17\03-01-02-01-02-01-17.wav,Actor_17,calm,confident
-419.14523,112.00587,5.745656,22.775854,-4.443096,5.4846435,-11.42979,-24.785215,1.3319314,-13.248243,-12.996983,3.1128037,-10.5206785,1049.5255,0.011105189,0.09474498820754718,1.664,data/raw/audio_samples\Actor_17\03-01-02-01-02-02-17.wav,Actor_17,calm,confident
-440.06842,107.71139,5.888363,29.01256,-2.6817086,4.317771,-10.883767,-17.12604,-0.50744486,-10.154348,-11.053604,2.6427662,-7.419566,953.0635,0.008701402,0.08086121757075472,1.664,data/raw/audio_samples\Actor_17\03-01-02-02-01-01-17.wav,Actor_17,calm,confident
-466.20078,121.195724,3.1646779,34.30958,-5.4018373,7.6419535,-6.5202765,-13.589822,-4.8935685,-11.482262,-6.873799,2.9303398,-8.886402,815.4838,0.0069676526,0.06689453125,1.408,data/raw/audio_samples\Actor_17\03-01-02-02-01-02-17.wav,Actor_17,calm,confident
-433.2516,99.39019,12.994563,29.001698,0.034865696,0.7877528,-15.679479,-16.817085,-0.8524081,-12.810071,-12.088887,6.4290705,-13.654418,1392.0244,0.009610005,0.11358868634259259,1.696,data/raw/audio_samples\Actor_17\03-01-02-02-02-01-17.wav,Actor_17,calm,confident
-459.83463,108.3068,11.205733,25.361147,-3.4221919,10.951095,-7.497631,-18.44269,0.4403318,-12.249988,-7.716562,7.272354,-11.040187,1252.8284,0.007396733,0.11612955729166667,1.504,data/raw/audio_samples\Actor_17\03-01-02-02-02-02-17.wav,Actor_17,calm,confident
-382.92087,102.93406,-5.3223395,22.025593,-2.2448096,3.7843606,-17.349752,-17.31627,-8.536609,-11.7488,-15.102322,2.9383924,-11.990533,942.3323,0.01426956,0.0822242914244186,1.344,data/raw/audio_samples\Actor_17\03-01-03-01-01-01-17.wav,Actor_17,happy,confident
-373.91403,100.94814,-3.0778856,20.73667,-5.5203466,0.07798877,-13.89368,-18.870192,-7.04607,-8.109013,-16.33885,5.784421,-15.136422,832.0731,0.018613415,0.07833116319444444,1.408,data/raw/audio_samples\Actor_17\03-01-03-01-01-02-17.wav,Actor_17,happy,confident
-329.61542,94.94817,-19.08889,21.5978,-9.643864,-2.862845,-13.625362,-30.555605,-6.6656413,-9.397724,-18.162199,7.557699,-15.518945,1348.4795,0.023366386,0.12553267045454544,1.376,data/raw/audio_samples\Actor_17\03-01-03-01-02-01-17.wav,Actor_17,happy,confident
-351.52774,98.49368,-1.5967135,18.815638,-8.253069,0.17577375,-17.163605,-22.887398,-8.496693,-9.593229,-18.436432,5.746036,-15.705265,1202.6562,0.020271739,0.10758463541666667,1.408,data/raw/audio_samples\Actor_17\03-01-03-01-02-02-17.wav,Actor_17,happy,confident
-256.90112,72.14165,-9.572382,7.4424267,-12.880309,-4.631584,-13.887849,-12.285706,-13.245497,-2.6635838,-16.671072,-0.23546636,-17.251545,842.59607,0.048606005,0.08253038194444444,1.408,data/raw/audio_samples\Actor_17\03-01-03-02-01-01-17.wav,Actor_17,happy,confident
-224.13145,61.870937,-12.017892,5.9336896,-12.371042,-4.3869724,-15.9649105,-13.9000435,-13.963557,-8.491752,-15.424839,-3.1656275,-17.988575,924.68896,0.07063678,0.09515850360576923,1.632,data/raw/audio_samples\Actor_17\03-01-03-02-01-02-17.wav,Actor_17,happy,confident
-327.3922,64.97518,-9.294352,3.1537385,-6.2053742,-3.4413383,-18.877666,-16.2609,-10.53076,-4.278475,-17.913036,0.90920967,-19.73253,1301.5112,0.036189668,0.11851764547413793,1.824,data/raw/audio_samples\Actor_17\03-01-03-02-02-01-17.wav,Actor_17,happy,confident
-281.70834,55.369736,-13.475038,-3.1330938,-12.157129,-4.723653,-22.277775,-19.07165,-19.53808,-11.404284,-20.07261,-2.7393215,-16.919962,1217.4728,0.04122631,0.15577110877403846,1.632,data/raw/audio_samples\Actor_17\03-01-03-02-02-02-17.wav,Actor_17,happy,confident
-378.4941,113.28596,-14.714398,31.166204,-3.1025443,2.621648,-3.8485136,-25.11839,-3.8177912,-3.9280615,-14.453326,2.6496556,-6.6791263,970.47003,0.014123678,0.08599298650568182,1.376,data/raw/audio_samples\Actor_17\03-01-04-01-01-01-17.wav,Actor_17,sad,nervous
-365.88428,114.91306,-19.595547,24.177528,-4.4471955,1.6837946,-6.9513636,-21.84583,-4.176019,-6.6192207,-15.157689,3.7492976,-9.244749,1001.3835,0.016553657,0.08231026785714286,1.312,data/raw/audio_samples\Actor_17\03-01-04-01-01-02-17.wav,Actor_17,sad,nervous
-414.90118,109.177635,3.2577202,28.56746,-12.543318,5.9578247,-5.690212,-24.369354,-6.305113,-10.57898,-13.421354,4.5767093,-8.757739,1354.2965,0.01088129,0.1145290798611111,1.408,data/raw/audio_samples\Actor_17\03-01-04-01-02-01-17.wav,Actor_17,sad,nervous
-362.80136,102.18509,-12.37897,24.201199,-10.738778,2.6758587,-4.8109665,-23.671171,-6.322751,-10.244155,-15.484596,5.379494,-11.049753,1470.2621,0.015510502,0.1424295176630435,1.44,data/raw/audio_samples\Actor_17\03-01-04-01-02-02-17.wav,Actor_17,sad,nervous
-391.46585,88.65386,-20.349442,20.565165,1.9961545,1.7715205,-10.555246,-20.396599,3.4870763,1.698961,-7.9795413,8.843799,-7.5440874,1081.9713,0.02140177,0.06413810483870967,1.952,data/raw/audio_samples\Actor_17\03-01-04-02-01-01-17.wav,Actor_17,sad,nervous
-320.47235,96.45377,-28.791725,27.714102,-6.8254876,-4.1503525,-6.7492967,-32.016876,-8.4388685,-7.8652415,-14.167486,4.528439,-13.733262,1071.851,0.023698205,0.09401739211309523,1.312,data/raw/audio_samples\Actor_17\03-01-04-02-01-02-17.wav,Actor_17,sad,nervous
-419.32376,75.17013,-18.021778,22.917719,-4.1758394,2.9016418,-12.64335,-22.567938,-0.5435089,0.48278865,-10.39553,10.21473,-6.7067595,1577.3502,0.016463354,0.12374745244565218,2.176,data/raw/audio_samples\Actor_17\03-01-04-02-02-01-17.wav,Actor_17,sad,nervous
-306.87054,83.09508,-25.356785,22.868845,-5.775676,-7.6761518,-9.066016,-31.364208,-8.9363575,-7.5522366,-21.014841,8.922704,-15.257515,1465.2751,0.02378223,0.14557756696428573,1.312,data/raw/audio_samples\Actor_17\03-01-04-02-02-02-17.wav,Actor_17,sad,nervous
-422.39264,102.21181,1.6184748,23.631342,3.7316034,3.7895687,-4.242652,-7.481173,-4.2873664,-4.3848343,-4.1099725,4.3184,-4.139224,1275.2527,0.0070630983,0.1048851943597561,1.28,data/raw/audio_samples\Actor_17\03-01-05-01-01-01-17.wav,Actor_17,angry,nervous
-388.8289,108.219536,-6.2968445,23.439726,-4.187019,3.4740763,-6.52832,-9.298257,-1.4919027,-11.085338,-6.4192033,2.7437205,-8.031949,1309.8851,0.011330479,0.09641431725543478,1.44,data/raw/audio_samples\Actor_17\03-01-05-01-01-02-17.wav,Actor_17,angry,nervous
-318.07355,86.993034,-25.931726,33.218277,-16.103405,0.58763677,-5.386063,-27.93268,0.6780709,-13.538863,-10.154786,6.6531844,-12.829793,1777.5239,0.021276552,0.16975203804347827,1.44,data/raw/audio_samples\Actor_17\03-01-05-01-02-01-17.wav,Actor_17,angry,nervous
-376.9957,95.26229,-9.293673,25.71841,-7.7966228,6.0166306,-10.974526,-24.474659,-0.35910025,-11.20491,-9.83471,8.035605,-7.5049663,1628.8259,0.011918607,0.1634006076388889,1.408,data/raw/audio_samples\Actor_17\03-01-05-01-02-02-17.wav,Actor_17,angry,nervous
-201.78934,82.560715,-34.96703,29.22127,-10.990584,-8.918367,-0.41635367,-25.433811,-3.6049776,-10.862392,-17.118052,8.994078,-15.66594,1428.395,0.0665644,0.11101422991071429,1.312,data/raw/audio_samples\Actor_17\03-01-05-02-01-01-17.wav,Actor_17,angry,nervous
-150.25531,73.10727,-38.485554,22.703262,-18.225592,-14.295301,-3.8567736,-29.365538,-2.474239,-4.97805,-16.763517,12.388737,-19.162119,1667.7332,0.110977784,0.13162667410714285,1.536,data/raw/audio_samples\Actor_17\03-01-05-02-01-02-17.wav,Actor_17,angry,nervous
-196.94402,75.12388,-36.765476,18.558043,-12.870526,-12.675565,0.81424135,-29.106852,-8.825493,-6.35175,-18.288416,10.028853,-16.643948,1719.322,0.07303026,0.18837483723958334,1.504,data/raw/audio_samples\Actor_17\03-01-05-02-02-01-17.wav,Actor_17,angry,nervous
-201.4187,67.18753,-36.36399,20.39777,-12.317072,-9.404322,-6.688413,-32.037094,-6.0425534,-4.4672065,-20.924044,14.163166,-18.987352,1738.5585,0.07141221,0.1961669921875,1.632,data/raw/audio_samples\Actor_17\03-01-05-02-02-02-17.wav,Actor_17,angry,nervous
-314.51654,100.102974,-10.476876,23.321333,4.750012,2.413921,-8.768602,-19.572636,-7.6099157,-3.5289526,-17.347206,7.1164784,-8.40944,974.1132,0.026943002,0.0865009014423077,1.216,data/raw/audio_samples\Actor_17\03-01-06-01-01-01-17.wav,Actor_17,fearful,nervous
-367.1407,85.332794,-10.043997,19.267628,2.142405,2.444969,-5.439068,-15.876401,-0.9904917,3.1618824,-12.033524,8.7343645,-8.047198,1093.5315,0.025587633,0.08050644188596491,1.792,data/raw/audio_samples\Actor_17\03-01-06-01-01-02-17.wav,Actor_17,fearful,nervous
-447.04434,65.956436,-16.087091,18.246475,5.299521,4.495423,-9.704678,-20.061829,1.6334207,4.0704365,-8.243974,10.988333,-5.349372,1589.2864,0.018746031,0.10021829044117647,2.688,data/raw/audio_samples\Actor_17\03-01-06-01-02-01-17.wav,Actor_17,fearful,nervous
-263.09128,57.161404,-9.821108,12.51742,-2.7697775,0.7195968,-3.6745796,-10.611528,-3.2327487,0.9428583,-12.526535,6.094055,-12.38236,1187.3213,0.076460816,0.08159930889423077,1.632,data/raw/audio_samples\Actor_17\03-01-06-01-02-02-17.wav,Actor_17,fearful,nervous
-232.35555,62.864227,-9.212658,14.0028,-1.4999536,1.3561642,-4.122255,-6.0331054,-7.776373,1.0265765,-12.7578335,-0.53612256,-9.115451,1072.2948,0.10634159,0.06434351084183673,1.536,data/raw/audio_samples\Actor_17\03-01-06-02-01-01-17.wav,Actor_17,fearful,nervous
-264.4269,57.874172,-18.374283,13.252906,-2.6937146,-3.7416806,-7.399561,-8.957423,-5.6310544,1.9328126,-13.401863,4.460299,-9.923135,1329.3262,0.071331896,0.08831441627358491,1.664,data/raw/audio_samples\Actor_17\03-01-06-02-01-02-17.wav,Actor_17,fearful,nervous
-236.59299,55.40805,-21.299751,6.33321,-3.5309343,-5.505744,-12.12422,-16.517584,-8.955892,1.6404887,-17.967724,3.9826744,-13.60917,1322.381,0.07385914,0.11303232230392157,1.6,data/raw/audio_samples\Actor_17\03-01-06-02-02-01-17.wav,Actor_17,fearful,nervous
-280.66104,44.402348,-18.825714,11.236637,-0.16801469,-3.5609682,-8.683276,-8.068466,-7.5695944,4.0981755,-12.692928,5.484217,-10.542744,1401.416,0.06639802,0.10440115201271187,1.856,data/raw/audio_samples\Actor_17\03-01-06-02-02-02-17.wav,Actor_17,fearful,nervous
-401.31207,89.31865,1.2009603,25.975006,-4.1776924,-1.2591847,-5.693475,-12.028508,-3.7490497,-9.087742,-8.053447,3.0464935,-9.705961,1356.4023,0.012046824,0.10712507659313726,1.6,data/raw/audio_samples\Actor_17\03-01-07-01-01-01-17.wav,Actor_17,disgust,nervous
-417.01187,103.507805,6.23493,27.483784,3.212932,1.4176031,-2.3350105,-12.952451,-3.6603193,-6.4063816,-10.180809,5.5863156,-4.2170267,1329.2588,0.015179267,0.08083545918367346,1.536,data/raw/audio_samples\Actor_17\03-01-07-01-01-02-17.wav,Actor_17,disgust,nervous
-374.56485,81.53641,-2.1066575,23.39583,-0.6029329,3.5878022,-8.045102,-20.488087,-0.3230644,-11.132356,-12.180735,5.474008,-10.684171,1641.8755,0.015791876,0.15937943892045456,1.376,data/raw/audio_samples\Actor_17\03-01-07-01-02-01-17.wav,Actor_17,disgust,nervous
-407.22278,90.532196,9.879649,22.317389,-0.25623152,10.413378,-4.7883835,-20.085897,1.9215345,-12.731995,-8.770001,3.6472995,-10.046342,1434.6935,0.010195222,0.1466796875,1.408,data/raw/audio_samples\Actor_17\03-01-07-01-02-02-17.wav,Actor_17,disgust,nervous
-372.3978,62.247513,8.21033,11.796886,2.951159,-6.873239,-13.212342,-8.627931,-1.469785,-12.363624,-6.9022183,2.6110208,-8.082411,1335.955,0.021198276,0.11456705729166666,1.888,data/raw/audio_samples\Actor_17\03-01-07-02-01-01-17.wav,Actor_17,disgust,nervous
-369.48105,74.31099,6.256914,9.973169,4.5589914,-9.290671,-14.984158,-12.267163,-3.732997,-13.873696,-9.326248,2.1535635,-11.808703,1210.179,0.018026745,0.109912109375,1.888,data/raw/audio_samples\Actor_17\03-01-07-02-01-02-17.wav,Actor_17,disgust,nervous
-431.60602,46.494267,13.947044,6.38448,6.0343466,-1.5374056,-8.929579,-10.511979,1.9286032,-3.143155,-8.503639,2.985803,-7.840597,1504.4685,0.012557398,0.17788550967261904,2.656,data/raw/audio_samples\Actor_17\03-01-07-02-02-01-17.wav,Actor_17,disgust,nervous
-393.5167,53.38664,18.288122,9.285322,1.4965132,-3.955769,-16.478338,-15.660013,-3.4551883,-11.811261,-12.1983795,0.60427,-12.297517,1440.1089,0.017426128,0.17681442481884058,2.176,data/raw/audio_samples\Actor_17\03-01-07-02-02-02-17.wav,Actor_17,disgust,nervous
-309.55322,77.78736,-15.679536,12.9270525,-6.322226,-5.565246,-14.67552,-18.606457,-13.617839,-11.268256,-21.360216,-0.80176467,-12.819763,1129.8241,0.023564829,0.10774739583333333,1.216,data/raw/audio_samples\Actor_17\03-01-08-01-01-01-17.wav,Actor_17,surprised,neutral
-381.30322,80.71769,7.4739723,16.723373,-1.177351,7.863786,-3.6153588,-8.165935,-3.0351796,-3.5635703,-8.538055,2.1310182,-12.965843,1543.6254,0.019586695,0.08808210784313726,1.6,data/raw/audio_samples\Actor_17\03-01-08-01-01-02-17.wav,Actor_17,surprised,neutral
-357.58035,63.57896,10.822241,13.021059,-5.7138543,3.6616237,-18.95932,-17.453457,-6.9488435,-8.542631,-20.547989,-3.2800145,-17.415524,1466.343,0.016363816,0.1348608993902439,1.28,data/raw/audio_samples\Actor_17\03-01-08-01-02-01-17.wav,Actor_17,surprised,neutral
-340.40042,78.95338,6.887609,13.347496,-7.5100822,3.2138302,-11.0798645,-18.804653,-6.4917493,-6.4757886,-15.985143,-1.2438375,-12.831482,1091.6381,0.018938726,0.11158389136904762,1.312,data/raw/audio_samples\Actor_17\03-01-08-01-02-02-17.wav,Actor_17,surprised,neutral
-271.55072,64.24035,6.2146688,22.360882,-9.072871,0.44285434,-1.4950663,-2.971343,-5.1051965,-5.868379,-13.075198,-7.0230937,-13.203616,1188.2041,0.033288874,0.09799339657738096,1.312,data/raw/audio_samples\Actor_17\03-01-08-02-01-01-17.wav,Actor_17,surprised,neutral
-337.84808,70.6351,7.1470957,16.34369,1.2251077,7.6326995,-3.8182936,-4.5105114,0.23536359,-0.918065,-8.549182,2.007205,-9.625399,1271.9036,0.028563691,0.08091001157407407,1.696,data/raw/audio_samples\Actor_17\03-01-08-02-01-02-17.wav,Actor_17,surprised,neutral
-239.78775,58.566486,7.5569367,9.091819,-12.687596,-3.518943,-2.2543492,-8.952311,-7.0885534,-4.2152376,-14.671008,-3.7189527,-19.144032,827.5127,0.04919132,0.10413818359375,1.248,data/raw/audio_samples\Actor_17\03-01-08-02-02-01-17.wav,Actor_17,surprised,neutral
-247.55345,56.730125,6.7735715,6.0881214,-8.7266655,-4.7403007,-4.793065,-10.678154,-10.957615,-5.7790256,-15.016357,-5.4460964,-17.427265,1221.2349,0.04465296,0.1440762606534091,1.376,data/raw/audio_samples\Actor_17\03-01-08-02-02-02-17.wav,Actor_17,surprised,neutral
-546.06647,111.93192,-2.2276273,23.061377,-17.342012,-2.467946,-28.445595,-24.487501,-7.682826,-2.44319,-15.8733835,-8.710364,2.9403272,888.20825,0.0039962665,0.07276387117346939,1.536,data/raw/audio_samples\Actor_18\03-01-01-01-01-01-18.wav,Actor_18,neutral,confident
-529.8934,109.94373,1.1816036,17.349295,-16.667112,-3.0395477,-28.962395,-21.296309,-6.106179,-3.5723987,-14.100206,-11.02982,1.8055986,963.77216,0.0046312558,0.078447265625,1.568,data/raw/audio_samples\Actor_18\03-01-01-01-01-02-18.wav,Actor_18,neutral,confident
-553.51794,98.40855,13.316377,9.15813,-18.838411,2.0767128,-23.028358,-24.505577,-7.4098167,-5.4320745,-10.139829,-13.038151,-0.2988825,588.3056,0.0040289094,0.106435546875,1.568,data/raw/audio_samples\Actor_18\03-01-01-01-02-01-18.wav,Actor_18,neutral,confident
-540.1626,109.64793,-0.12175453,8.01492,-14.375872,-3.5392392,-30.38823,-25.755,-5.1099625,-2.277522,-13.297509,-3.442444,-2.94629,728.0547,0.004356822,0.1087173150510204,1.536,data/raw/audio_samples\Actor_18\03-01-01-01-02-02-18.wav,Actor_18,neutral,confident
-494.30582,89.97338,0.78281325,19.57173,-19.482931,-3.4068022,-25.827957,-20.043127,-9.964814,-6.8476596,-13.438489,-7.4825664,-3.5867596,1129.6443,0.006074112,0.09285481770833333,1.504,data/raw/audio_samples\Actor_18\03-01-02-01-01-01-18.wav,Actor_18,calm,confident
-513.12463,91.03027,-3.6358101,26.984415,-20.378975,0.99948007,-25.795248,-17.785452,-8.116801,-4.981829,-14.256973,-8.759652,0.07184589,1256.2916,0.005389128,0.07476806640625,1.504,data/raw/audio_samples\Actor_18\03-01-02-01-01-02-18.wav,Actor_18,calm,confident
-509.8952,88.34773,5.696656,12.343749,-7.621273,-0.8473189,-25.105724,-15.5436945,-11.918353,-7.9046006,-12.000561,-9.3601675,-3.8532553,480.0871,0.0065435013,0.10707922149122807,1.792,data/raw/audio_samples\Actor_18\03-01-02-01-02-01-18.wav,Actor_18,calm,confident
-498.12616,89.49003,9.209436,12.232444,-8.52452,-1.9247366,-24.278599,-20.292177,-10.2644205,-9.331191,-10.330436,-9.000942,-1.5119406,537.76996,0.0068914043,0.12735689603365385,1.632,data/raw/audio_samples\Actor_18\03-01-02-01-02-02-18.wav,Actor_18,calm,confident
-530.5667,80.50876,1.3774674,22.327806,-18.129852,0.9358804,-23.275364,-22.189953,-10.34355,-9.382325,-12.454991,-11.873358,-4.2787313,1343.7585,0.0050086738,0.075439453125,1.696,data/raw/audio_samples\Actor_18\03-01-02-02-01-01-18.wav,Actor_18,calm,confident
-544.22577,91.82312,6.736386,25.191793,-14.302533,-1.3308226,-20.31938,-19.613388,-8.037509,-7.914894,-11.467771,-9.606019,-1.3301837,1187.4331,0.0043654502,0.06899588448660714,1.76,data/raw/audio_samples\Actor_18\03-01-02-02-01-02-18.wav,Actor_18,calm,confident
-523.5571,83.636566,6.297054,15.367246,-9.693781,-1.2448459,-24.24584,-17.642189,-8.46647,-6.195411,-11.869942,-12.874848,-1.843645,514.8426,0.005435682,0.11090198863636364,1.728,data/raw/audio_samples\Actor_18\03-01-02-02-02-01-18.wav,Actor_18,calm,confident
-509.5731,87.7409,-0.44168898,11.508162,-11.084724,-1.344088,-24.871887,-18.446665,-10.925806,-11.00616,-12.97696,-11.7367,-2.2417688,550.5696,0.0061418563,0.12516276041666666,1.696,data/raw/audio_samples\Actor_18\03-01-02-02-02-02-18.wav,Actor_18,calm,confident
-392.64453,85.271,-32.366863,11.6202755,-21.252354,-8.126541,-31.967638,-26.00482,-15.237003,-14.431959,-12.61056,-14.137493,-6.1142573,1187.8866,0.0138567565,0.09322916666666667,1.408,data/raw/audio_samples\Actor_18\03-01-03-01-01-01-18.wav,Actor_18,happy,confident
-404.73468,77.03898,-31.368279,18.060402,-27.433685,-14.667847,-31.587385,-23.778706,-7.186992,-11.209665,-18.24925,-12.115067,-3.3404157,1379.9148,0.011802588,0.12321333451704546,1.376,data/raw/audio_samples\Actor_18\03-01-03-01-01-02-18.wav,Actor_18,happy,confident
-456.7008,83.14493,-21.0145,16.23516,-19.355322,-9.553592,-33.43138,-22.808447,-14.197816,-11.337193,-14.029369,-12.854208,-1.9810967,933.85864,0.008173225,0.123681640625,1.568,data/raw/audio_samples\Actor_18\03-01-03-01-02-01-18.wav,Actor_18,happy,confident
-431.78583,77.20148,-21.013672,11.925226,-24.81164,-17.905376,-30.475012,-24.60036,-11.69165,-13.618082,-17.503006,-15.06622,-5.136204,973.1626,0.009744616,0.133115234375,1.568,data/raw/audio_samples\Actor_18\03-01-03-01-02-02-18.wav,Actor_18,happy,confident
-259.77347,6.4090176,-57.16282,-17.773527,-27.070269,-19.296484,-16.394194,-31.008417,-13.658765,-12.969109,-16.848051,10.219806,23.850237,1728.2302,0.084812224,0.165986328125,1.568,data/raw/audio_samples\Actor_18\03-01-03-02-01-01-18.wav,Actor_18,happy,confident
-267.64352,22.529814,-47.5772,-11.094131,-22.276966,-12.608901,-15.1935005,-21.683992,-11.569553,-15.102041,-15.872426,8.365597,17.41971,1734.6929,0.06300358,0.15565842848557693,1.632,data/raw/audio_samples\Actor_18\03-01-03-02-01-02-18.wav,Actor_18,happy,confident
-256.1792,5.923234,-66.724236,-8.431446,-34.65417,-24.820415,-22.10387,-29.89409,-7.619284,-10.018441,-20.51796,7.7105618,9.030444,1877.3663,0.06005556,0.19120519301470587,1.6,data/raw/audio_samples\Actor_18\03-01-03-02-02-01-18.wav,Actor_18,happy,confident
-265.91882,-1.3460851,-55.892574,-17.612139,-28.582287,-22.32068,-21.971481,-25.36503,-7.4617205,-14.995951,-15.139376,4.7644053,17.105639,1744.9541,0.08506499,0.19885944870283018,1.664,data/raw/audio_samples\Actor_18\03-01-03-02-02-02-18.wav,Actor_18,happy,confident
-439.8714,96.17044,-32.998455,10.138838,-23.38842,-12.616796,-14.25354,-34.99449,-10.44725,-5.010362,-15.000521,-7.141791,-12.362575,1046.4054,0.011358257,0.10000797193877552,1.536,data/raw/audio_samples\Actor_18\03-01-04-01-01-01-18.wav,Actor_18,sad,nervous
-447.6171,86.06621,-25.21292,1.0507303,-25.29431,-7.894921,-16.244976,-33.940052,-9.063184,-7.8576665,-18.210152,-6.355558,-13.016215,1199.7678,0.00972537,0.11704388786764706,1.6,data/raw/audio_samples\Actor_18\03-01-04-01-01-02-18.wav,Actor_18,sad,nervous
-520.2019,87.88891,5.1163425,3.3394346,-19.862083,-0.05429466,-24.140469,-25.846779,-10.6317005,-11.473814,-12.176929,-12.016617,-2.1179783,849.53534,0.006432477,0.12384502704326923,1.632,data/raw/audio_samples\Actor_18\03-01-04-01-02-01-18.wav,Actor_18,sad,nervous
-492.6094,89.409676,-3.5560927,0.076052204,-16.45284,-4.004322,-21.831154,-31.728125,-7.7742405,-11.9537,-9.916968,-12.968166,-6.0483875,667.0593,0.008254815,0.12104853877314815,1.696,data/raw/audio_samples\Actor_18\03-01-04-01-02-02-18.wav,Actor_18,sad,nervous
-351.3562,37.20559,-57.994747,-19.049109,-36.77049,-22.19676,-27.253027,-38.858585,-23.07773,2.5977387,-20.891068,12.13771,8.130339,1430.2809,0.03694212,0.13588423295454546,1.728,data/raw/audio_samples\Actor_18\03-01-04-02-01-01-18.wav,Actor_18,sad,nervous
-328.22528,38.078625,-52.75901,-12.374282,-39.81382,-25.692043,-28.952324,-42.295673,-18.126951,1.8321671,-25.563284,4.5494337,-2.8081307,1415.7152,0.037460193,0.13083274147727272,1.728,data/raw/audio_samples\Actor_18\03-01-04-02-01-02-18.wav,Actor_18,sad,nervous
-358.68686,49.90086,-53.820683,-7.1377063,-30.069902,-33.14173,-28.752253,-41.25185,-13.629915,2.0337832,-26.583307,-1.4134665,-10.975883,1425.2444,0.029814145,0.1513967803030303,2.08,data/raw/audio_samples\Actor_18\03-01-04-02-02-01-18.wav,Actor_18,sad,nervous
-349.65717,34.347187,-54.04833,-9.835371,-30.435822,-33.01983,-20.95187,-41.1624,-16.411674,2.1069746,-26.09055,2.3406374,-12.229257,1437.5365,0.028955009,0.16690115201271186,1.856,data/raw/audio_samples\Actor_18\03-01-04-02-02-02-18.wav,Actor_18,sad,nervous
-365.27533,76.298874,-47.64571,2.6820962,-32.675655,-12.484357,-22.841364,-37.69455,-7.432413,-6.9731383,-13.127813,-8.045583,-13.598838,1590.6293,0.01903931,0.1321558459051724,1.824,data/raw/audio_samples\Actor_18\03-01-05-01-01-01-18.wav,Actor_18,angry,nervous
-376.74274,68.3033,-25.163567,3.8020785,-28.22909,2.959652,-16.404762,-26.889214,-13.570942,-6.8439484,-9.754323,-8.595926,-13.165334,1674.7981,0.0137110185,0.1588954640858209,2.112,data/raw/audio_samples\Actor_18\03-01-05-01-01-02-18.wav,Actor_18,angry,nervous
-342.81668,67.305,-31.708529,-4.469022,-30.654165,-12.687893,-23.878258,-38.18546,-14.272746,-8.576592,-13.3511,-11.228341,-11.783036,1424.557,0.025644008,0.19977276141826922,1.632,data/raw/audio_samples\Actor_18\03-01-05-01-02-01-18.wav,Actor_18,angry,nervous
-359.3639,72.81986,-34.893597,-4.4648905,-30.30262,-13.4472,-22.296268,-35.3898,-16.269905,-7.347696,-16.618486,-12.89467,-10.02571,1257.8357,0.019204153,0.1777615017361111,1.696,data/raw/audio_samples\Actor_18\03-01-05-01-02-02-18.wav,Actor_18,angry,nervous
-200.08115,-17.158972,-63.153954,-14.361102,-40.538612,-16.851288,-14.872765,-24.6087,-21.487417,-10.25594,-17.608475,7.750067,15.517737,1937.906,0.1279299,0.20468558517156862,1.6,data/raw/audio_samples\Actor_18\03-01-05-02-01-01-18.wav,Actor_18,angry,nervous
-193.47823,-36.905613,-63.589073,-23.272596,-33.211815,-7.9612503,-17.202969,-16.717556,-21.533604,-9.50079,-2.2385178,28.131296,32.379368,2005.7003,0.15631431,0.21484375,1.664,data/raw/audio_samples\Actor_18\03-01-05-02-01-02-18.wav,Actor_18,angry,nervous
-207.54184,-29.992794,-62.782146,-26.663263,-34.948956,-14.286757,-18.095814,-20.207447,-13.516508,-14.310391,-19.912909,14.715631,21.914719,2005.9274,0.12881745,0.26749246162280704,1.792,data/raw/audio_samples\Actor_18\03-01-05-02-02-01-18.wav,Actor_18,angry,nervous
-226.32317,-23.457903,-62.296204,-29.002281,-31.516802,-7.0263176,-16.357376,-17.508595,-14.0890045,-11.909506,-14.026827,13.084157,21.378946,2006.5729,0.12993398,0.2438272504664179,2.112,data/raw/audio_samples\Actor_18\03-01-05-02-02-02-18.wav,Actor_18,angry,nervous
-358.5116,79.52005,-36.27021,-9.732673,-28.69981,-15.5919485,-19.64855,-33.615738,-9.402816,-9.2395315,-21.696997,-6.5070653,-16.237206,1261.5602,0.020731648,0.1136474609375,1.376,data/raw/audio_samples\Actor_18\03-01-06-01-01-01-18.wav,Actor_18,fearful,nervous
-371.36722,67.22032,-35.25645,0.10529488,-21.381811,-15.833994,-22.10823,-28.659342,-18.88572,-3.6910536,-23.8189,-1.8346994,-15.480517,1460.6343,0.017223418,0.1223415798611111,1.408,data/raw/audio_samples\Actor_18\03-01-06-01-01-02-18.wav,Actor_18,fearful,nervous
-406.1482,67.64803,-12.604294,1.256914,-16.498215,-8.50958,-20.610876,-30.525995,-9.03722,-10.130086,-17.472881,-4.7372594,-11.71301,1414.1266,0.013261448,0.165313720703125,1.504,data/raw/audio_samples\Actor_18\03-01-06-01-02-01-18.wav,Actor_18,fearful,nervous
-412.0917,75.30753,-22.750473,3.1821117,-19.058525,-8.406636,-15.14668,-25.183094,-7.2414937,-10.178075,-15.622152,-3.6707845,-10.883217,1047.5782,0.013681507,0.13461999725877194,1.792,data/raw/audio_samples\Actor_18\03-01-06-01-02-02-18.wav,Actor_18,fearful,nervous
-261.10135,37.089584,-59.52827,-13.01183,-31.868704,-24.440262,-19.165289,-38.28058,-11.5848,-6.189577,-26.69909,-3.200405,-13.798783,1581.2163,0.044861265,0.15462239583333334,1.408,data/raw/audio_samples\Actor_18\03-01-06-02-01-01-18.wav,Actor_18,fearful,nervous
-325.69476,26.955156,-47.10543,-10.854722,-26.462444,-20.163675,-14.679613,-27.533329,-10.067849,1.8375164,-19.740461,-0.56113815,-6.3410754,1671.4419,0.04843365,0.19625150240384615,2.048,data/raw/audio_samples\Actor_18\03-01-06-02-01-02-18.wav,Actor_18,fearful,nervous
-320.97614,36.87123,-33.44004,-8.368171,-19.21545,-17.450619,-22.590483,-28.413618,-6.7887383,-2.4259598,-20.138311,-1.6447815,-16.206951,1790.9777,0.025296941,0.18822400323275862,1.824,data/raw/audio_samples\Actor_18\03-01-06-02-02-01-18.wav,Actor_18,fearful,nervous
-283.69485,27.935411,-60.01716,-12.861797,-34.04054,-28.772879,-20.3515,-39.31271,-12.114356,-6.4737687,-24.129185,-4.4591327,-16.524534,1546.8375,0.046150953,0.17531289859693877,1.536,data/raw/audio_samples\Actor_18\03-01-06-02-02-02-18.wav,Actor_18,fearful,nervous
-473.8567,87.56949,-2.3029137,1.8716966,-20.985823,-4.027317,-15.18725,-22.420572,-15.0400095,-0.98375726,-15.094334,-4.000784,-9.359815,1346.3157,0.00954358,0.16655417049632354,2.144,data/raw/audio_samples\Actor_18\03-01-07-01-01-01-18.wav,Actor_18,disgust,nervous
-405.4572,83.165565,-19.325054,-2.1412513,-22.697535,-7.7923675,-16.055815,-30.77885,-9.873989,-4.721407,-20.170832,-2.236677,-12.842747,1348.6876,0.016535787,0.12032063802083333,1.888,data/raw/audio_samples\Actor_18\03-01-07-01-01-02-18.wav,Actor_18,disgust,nervous
-377.15475,71.43336,-16.491068,-11.136718,-14.825879,-19.600668,-25.453993,-28.73453,-13.011898,-4.507311,-20.63356,-4.636684,-12.608872,1113.4357,0.015068226,0.2395562065972222,1.696,data/raw/audio_samples\Actor_18\03-01-07-01-02-01-18.wav,Actor_18,disgust,nervous
-431.3085,67.31678,-20.300041,-8.27835,-13.483921,-15.579753,-24.980051,-27.415524,-10.970184,-5.395869,-15.811017,-2.917702,-11.694566,1525.1841,0.014694816,0.2185546875,2.368,data/raw/audio_samples\Actor_18\03-01-07-01-02-02-18.wav,Actor_18,disgust,nervous
-375.11377,21.839396,-39.377945,-2.5775712,-32.824562,-8.151748,-17.953587,-31.568592,-10.221592,-9.689981,-16.825378,-7.665009,-14.210428,1866.0537,0.029995412,0.23804615162037038,2.56,data/raw/audio_samples\Actor_18\03-01-07-02-01-01-18.wav,Actor_18,disgust,nervous
-377.07288,39.0694,-31.119493,-8.008104,-27.896385,-9.661954,-22.769293,-30.832308,-12.256809,-6.055317,-17.499388,-8.912776,-12.934339,1490.5476,0.030384509,0.15867855674342105,2.4,data/raw/audio_samples\Actor_18\03-01-07-02-01-02-18.wav,Actor_18,disgust,nervous
-359.25018,46.219566,-33.71798,-9.073038,-25.013687,-12.822711,-20.996872,-28.479431,-4.4989734,-7.662729,-12.502943,-5.673301,-10.686346,1633.7021,0.026600102,0.231982421875,2.528,data/raw/audio_samples\Actor_18\03-01-07-02-02-01-18.wav,Actor_18,disgust,nervous
-341.82828,28.8143,-38.534294,-10.902232,-26.227352,-13.550173,-20.370232,-29.229633,-7.423633,-8.050436,-18.770348,-6.370253,-15.966795,1714.4362,0.03458379,0.25721153846153844,2.464,data/raw/audio_samples\Actor_18\03-01-07-02-02-02-18.wav,Actor_18,disgust,nervous
-443.96875,89.062004,-22.544075,12.574107,-32.098564,-1.5357181,-26.170975,-28.94807,-18.76655,-15.6263075,-12.014754,-13.702576,-8.02688,1410.1343,0.008685081,0.108984375,1.408,data/raw/audio_samples\Actor_18\03-01-08-01-01-01-18.wav,Actor_18,surprised,neutral
-459.02832,87.66672,4.203345,7.4886665,-24.491291,4.631274,-21.875357,-28.026512,-17.285706,-13.130741,-14.228877,-9.451978,-7.8646283,1391.9868,0.0077617015,0.100419921875,1.568,data/raw/audio_samples\Actor_18\03-01-08-01-01-02-18.wav,Actor_18,surprised,neutral
-437.96448,79.60232,2.1259546,-5.693631,-22.983759,-2.6971998,-20.30711,-30.942442,-17.214474,-20.884455,-15.041708,-15.829687,-8.911452,762.8982,0.01109985,0.16017578125,1.568,data/raw/audio_samples\Actor_18\03-01-08-01-02-01-18.wav,Actor_18,surprised,neutral
-455.8193,81.19201,5.2351966,7.866224,-13.775547,1.675813,-18.37345,-25.21193,-18.178679,-17.114738,-15.147292,-14.891649,-7.319918,708.305,0.0074709267,0.145390625,1.568,data/raw/audio_samples\Actor_18\03-01-08-01-02-02-18.wav,Actor_18,surprised,neutral
-365.39215,52.227276,-14.167791,11.075444,-13.349025,6.462425,-12.456386,-15.437357,-16.767775,-12.802416,-12.130149,-5.7616596,-8.232723,1855.6841,0.011515627,0.14054048978365385,1.632,data/raw/audio_samples\Actor_18\03-01-08-02-01-01-18.wav,Actor_18,surprised,neutral
-376.52527,59.741577,-4.3672976,0.43987858,-22.719168,6.833156,-12.421094,-24.95384,-19.712183,-13.113104,-15.979517,-11.151251,-8.659401,1563.15,0.013820611,0.119931640625,1.568,data/raw/audio_samples\Actor_18\03-01-08-02-01-02-18.wav,Actor_18,surprised,neutral
-376.9513,60.332085,0.17596635,-2.0983992,-23.413403,-2.9091375,-17.879055,-31.476515,-21.680143,-20.07806,-16.735332,-9.724359,-9.9434185,1240.1083,0.015246069,0.1672003073770492,1.92,data/raw/audio_samples\Actor_18\03-01-08-02-02-01-18.wav,Actor_18,surprised,neutral
-366.72064,43.045376,-1.8609856,1.3311858,-17.78843,5.680976,-11.389763,-15.760573,-16.289707,-10.421581,-13.4304695,-6.3742766,-8.0028,1298.1377,0.012308825,0.17076280381944445,1.696,data/raw/audio_samples\Actor_18\03-01-08-02-02-02-18.wav,Actor_18,surprised,neutral
-497.30203,128.22975,2.9157712,20.802868,-7.9400363,2.0867913,-19.29871,-20.538692,-17.120895,0.058221295,-21.066149,12.179632,-15.066907,746.03876,0.0053751785,0.07053444602272728,1.376,data/raw/audio_samples\Actor_19\03-01-01-01-01-01-19.wav,Actor_19,neutral,confident
-502.06668,118.14954,7.0869756,25.646332,-6.1462445,0.16657406,-17.922377,-23.052877,-17.105728,-0.87702495,-16.574657,7.923497,-15.662897,718.3882,0.00495265,0.08340928819444444,1.408,data/raw/audio_samples\Actor_19\03-01-01-01-01-02-19.wav,Actor_19,neutral,confident
-489.18738,103.405846,7.509032,28.345692,-0.2829655,2.3420901,-21.892435,-26.343653,-13.251584,-0.1306964,-21.006031,8.785094,-16.155214,1360.524,0.004908697,0.10631510416666666,1.408,data/raw/audio_samples\Actor_19\03-01-01-01-02-01-19.wav,Actor_19,neutral,confident
-488.19427,99.03495,9.574938,26.690258,-1.7542063,2.500161,-29.326588,-26.948614,-16.276924,-3.315501,-22.47679,6.5524673,-16.7472,1293.3138,0.005755166,0.1139865451388889,1.408,data/raw/audio_samples\Actor_19\03-01-01-01-02-02-19.wav,Actor_19,neutral,confident
-588.09143,102.18083,32.47064,22.319859,9.711996,3.5516353,-17.604376,-8.234623,-10.286087,0.90878904,-11.911894,-1.4539785,-10.790328,666.16016,0.0023675654,0.07009834155701754,1.792,data/raw/audio_samples\Actor_19\03-01-02-01-01-01-19.wav,Actor_19,calm,confident
-559.1482,104.07021,23.667946,25.867496,5.68472,-1.6005428,-17.194513,-12.76792,-13.870149,3.2658699,-14.141432,-0.37237874,-13.1476145,992.9021,0.002757344,0.07873757102272727,1.728,data/raw/audio_samples\Actor_19\03-01-02-01-01-02-19.wav,Actor_19,calm,confident
-527.83795,91.10031,27.857332,32.19446,4.5218253,3.5424273,-14.129803,-25.18768,-12.909256,-1.8253691,-15.305058,1.8576428,-12.088572,1440.5962,0.0034377016,0.119140625,1.408,data/raw/audio_samples\Actor_19\03-01-02-01-02-01-19.wav,Actor_19,calm,confident
-566.6554,87.442375,37.52378,33.12549,6.7242737,5.132896,-20.9592,-9.097754,-9.425477,5.336447,-12.884347,-1.7468934,-9.482886,1109.782,0.0026837362,0.10592886117788461,1.632,data/raw/audio_samples\Actor_19\03-01-02-01-02-02-19.wav,Actor_19,calm,confident
-534.0301,87.92049,20.479229,17.650671,5.982109,-0.993028,-16.369198,-13.80823,-19.455336,-2.0458076,-20.28896,2.0313306,-10.489046,951.47424,0.004795056,0.07940830328525642,2.464,data/raw/audio_samples\Actor_19\03-01-02-02-01-01-19.wav,Actor_19,calm,confident
-512.10516,86.1277,24.917412,26.83966,5.148356,2.1522796,-8.354482,-8.998515,-12.266336,-5.344433,-14.417108,3.3505778,-10.569819,1061.8951,0.0042211213,0.10347806490384616,2.048,data/raw/audio_samples\Actor_19\03-01-02-02-01-02-19.wav,Actor_19,calm,confident
-552.6637,84.67114,29.552393,31.948238,12.168358,7.0958467,-16.797705,-10.0744,-4.858194,1.3547853,-13.108383,2.797116,-12.467459,1215.8127,0.0034089405,0.11405029296875,2.528,data/raw/audio_samples\Actor_19\03-01-02-02-02-01-19.wav,Actor_19,calm,confident
-541.91266,89.75947,29.916813,30.001936,10.066884,-1.1122947,-16.391644,-17.719822,-15.793211,-5.9990587,-13.728018,5.8303533,-8.99778,1190.7655,0.004466665,0.10216081646126761,2.24,data/raw/audio_samples\Actor_19\03-01-02-02-02-02-19.wav,Actor_19,calm,confident
-568.22424,90.24652,8.271586,8.81675,4.351546,1.0221801,-15.354816,-10.947599,-9.799899,8.311792,-12.390106,-0.92413586,-4.646581,1141.0646,0.004220436,0.1352597191220238,2.677,data/raw/audio_samples\Actor_19\03-01-03-01-01-01-19.wav,Actor_19,happy,confident
-459.92126,89.53175,4.7521324,14.040319,-0.69804907,5.29914,-19.882776,-10.067465,-17.532629,4.3035116,-22.157251,-1.0656136,-8.411237,986.0236,0.00727726,0.09976016773897059,2.144,data/raw/audio_samples\Actor_19\03-01-03-01-01-02-19.wav,Actor_19,happy,confident
-538.4737,97.32381,13.914287,12.860053,6.1246805,8.799667,-22.095945,-13.076463,-14.826885,3.6994429,-14.379131,4.3864326,-12.943852,1199.3958,0.00402498,0.1212840969279661,1.856,data/raw/audio_samples\Actor_19\03-01-03-01-02-01-19.wav,Actor_19,happy,confident
-515.597,79.43461,-1.0840702,9.873939,-3.7731388,9.875497,-17.605158,-12.983861,-10.92067,5.3742347,-15.683513,4.833895,-8.306111,1427.7814,0.0057895654,0.11686937736742424,2.08,data/raw/audio_samples\Actor_19\03-01-03-01-02-02-19.wav,Actor_19,happy,confident
-382.89514,73.89615,10.5005,9.561334,-10.04977,-7.7217836,-17.261055,-12.910008,-20.67327,3.8124292,-18.725487,-1.4667717,-7.015998,1363.4341,0.012549273,0.1123135653409091,1.728,data/raw/audio_samples\Actor_19\03-01-03-02-01-01-19.wav,Actor_19,happy,confident
-408.1352,48.395737,-23.970667,-2.468807,-8.387249,-3.6649425,-31.458672,-14.215417,-14.112498,1.1442341,-14.421442,-4.115566,-10.240749,1484.9913,0.014228065,0.1298828125,2.496,data/raw/audio_samples\Actor_19\03-01-03-02-01-02-19.wav,Actor_19,happy,confident
-426.53204,42.509735,-6.9692626,6.2834387,-4.327054,-1.7801472,-22.77501,-13.291553,-9.473554,1.36788,-15.046723,0.9258584,-7.992206,1364.7528,0.017403686,0.16612514602803738,3.4124375,data/raw/audio_samples\Actor_19\03-01-03-02-02-01-19.wav,Actor_19,happy,confident
-408.7636,72.62238,17.18829,14.229812,-9.715384,-1.2651571,-15.663422,-14.717034,-17.966503,1.3466256,-20.815008,-1.154771,-7.5428634,1393.2681,0.012873722,0.13745880126953125,2.016,data/raw/audio_samples\Actor_19\03-01-03-02-02-02-19.wav,Actor_19,happy,confident
-517.95856,104.89257,15.755586,20.023346,2.0406759,11.360046,-19.359453,-13.05444,-12.639305,-1.9220762,-16.889902,1.7067791,-9.608588,1102.7299,0.003565913,0.09268375318877552,1.536,data/raw/audio_samples\Actor_19\03-01-04-01-01-01-19.wav,Actor_19,sad,nervous
-543.6634,103.31292,15.371355,21.021341,4.0503583,12.514886,-24.669315,-9.577147,-13.116135,-1.9128295,-15.660318,-2.152982,-8.541961,1381.0664,0.002358146,0.10558210100446429,1.76,data/raw/audio_samples\Actor_19\03-01-04-01-01-02-19.wav,Actor_19,sad,nervous
-506.26443,116.73549,13.8827505,17.33532,2.2177718,10.155477,-27.78871,-16.547056,-7.348969,0.6032371,-15.609648,10.088836,-13.031108,1179.1714,0.004066156,0.08347338299418605,1.344,data/raw/audio_samples\Actor_19\03-01-04-01-02-01-19.wav,Actor_19,sad,nervous
-538.12634,114.43983,15.6525955,25.19669,-0.1296368,10.955584,-20.04883,-14.508831,-13.864823,3.9241018,-11.352515,9.847238,-7.7556777,1247.7144,0.003567372,0.08617735745614036,1.792,data/raw/audio_samples\Actor_19\03-01-04-01-02-02-19.wav,Actor_19,sad,nervous
-354.22095,79.60252,0.11134323,22.257284,5.2524333,-13.084719,-28.113426,-7.1751323,-21.839045,-8.191291,-16.021006,-7.492817,-8.267242,1353.0928,0.020789323,0.1189358618951613,1.952,data/raw/audio_samples\Actor_19\03-01-04-02-01-01-19.wav,Actor_19,sad,nervous
-569.1275,70.68731,-2.6907015,19.663149,3.8945417,-1.2607971,-16.43005,-4.2125897,-13.679542,0.66369885,-6.0840664,-2.475567,-1.5919907,1503.9456,0.0046287943,0.16056130149147727,2.784,data/raw/audio_samples\Actor_19\03-01-04-02-01-02-19.wav,Actor_19,sad,nervous
-453.82568,101.24281,-1.9272156,11.2244215,-0.728347,-11.697173,-32.275177,-4.41997,-29.98471,-16.610605,-9.805338,-9.843666,-13.812359,1002.23444,0.008250715,0.10515983737244898,1.536,data/raw/audio_samples\Actor_19\03-01-04-02-02-01-19.wav,Actor_19,sad,nervous
-428.22342,97.05594,-11.383293,18.568283,5.2043886,-13.305936,-26.58835,-4.7095222,-32.771004,-7.6347313,-15.406089,-4.6651726,-3.220205,826.8285,0.011539486,0.10776118908898305,1.856,data/raw/audio_samples\Actor_19\03-01-04-02-02-02-19.wav,Actor_19,sad,nervous
-305.89694,65.87069,-13.309458,27.38006,-17.31451,-13.365668,-12.917235,-16.848913,-19.930565,6.169991,-20.312757,1.4906819,-12.409546,1795.0638,0.022204127,0.1635189416273585,1.664,data/raw/audio_samples\Actor_19\03-01-05-01-01-01-19.wav,Actor_19,angry,nervous
-355.50998,84.71205,-3.6895564,31.695168,-8.50309,-8.567071,-11.991924,-12.517142,-17.04665,6.677928,-22.518028,5.519849,-10.425414,1608.7019,0.017541539,0.1252159705528846,1.632,data/raw/audio_samples\Actor_19\03-01-05-01-01-02-19.wav,Actor_19,angry,nervous
-359.03616,60.18258,5.9911084,23.224035,-11.394773,-4.110151,-20.544588,-18.19974,-12.698906,-0.2322428,-22.474955,9.6115675,-17.871075,1503.455,0.016187254,0.18059430803571427,0.864,data/raw/audio_samples\Actor_19\03-01-05-01-02-01-19.wav,Actor_19,angry,nervous
-346.85355,72.862915,6.3791666,25.302914,-17.74139,-12.132404,-11.663638,-21.964663,-18.929094,1.4799399,-25.12396,1.0804137,-9.063196,1686.1274,0.020775853,0.15771484375,1.6,data/raw/audio_samples\Actor_19\03-01-05-01-02-02-19.wav,Actor_19,angry,nervous
-173.19923,35.156334,-35.726677,12.850788,-31.213713,-22.193806,-10.475104,-18.690771,-20.391977,4.0957355,-25.198086,5.6706176,-12.583312,1978.7219,0.08254215,0.20593882415254236,1.856,data/raw/audio_samples\Actor_19\03-01-05-02-01-01-19.wav,Actor_19,angry,nervous
-159.51466,27.383307,-54.953064,-4.129123,-40.36909,-19.121655,-11.197041,-18.240551,-18.778938,9.906256,-22.491014,0.9640438,-11.685012,1966.8025,0.1195333,0.21294056285511365,2.784,data/raw/audio_samples\Actor_19\03-01-05-02-01-02-19.wav,Actor_19,angry,nervous
-126.59702,25.75558,-56.089653,-11.8103,-32.16709,-24.08295,-13.756258,-15.772104,-18.089153,7.609661,-23.329708,1.1704683,-16.131361,1978.5685,0.156052,0.2084762985641892,2.336,data/raw/audio_samples\Actor_19\03-01-05-02-02-01-19.wav,Actor_19,angry,nervous
-215.2442,28.29191,-35.681213,15.518203,-30.31125,-24.258055,-13.946237,-20.895998,-19.922363,7.2057414,-23.164143,1.813643,-14.171942,2060.4958,0.07408893,0.2254925896139706,2.144,data/raw/audio_samples\Actor_19\03-01-05-02-02-02-19.wav,Actor_19,angry,nervous
-413.63873,68.428795,-8.434768,15.006289,-16.853579,-8.430942,-26.170446,-13.198777,-18.468142,-1.9129307,-21.102015,3.6643274,-16.307827,1561.1996,0.009022498,0.12789713541666667,1.888,data/raw/audio_samples\Actor_19\03-01-06-01-01-01-19.wav,Actor_19,fearful,nervous
-501.24573,71.78859,2.7801015,18.860056,-0.47995648,-4.409667,-21.846169,-5.7443347,-8.30266,-1.9655371,-11.829594,0.89796674,-6.4664717,1545.4613,0.006180373,0.1220245361328125,2.016,data/raw/audio_samples\Actor_19\03-01-06-01-01-02-19.wav,Actor_19,fearful,nervous
-446.18253,39.420822,11.349253,5.9620676,-9.358137,4.4573874,-31.646444,-10.866742,-10.785761,-11.759677,-18.232975,-1.0412772,-14.586327,1850.2654,0.008221891,0.21168675915948276,1.824,data/raw/audio_samples\Actor_19\03-01-06-01-02-01-19.wav,Actor_19,fearful,nervous
-445.31693,67.09553,15.705476,15.335343,-5.5174856,3.9624999,-29.201046,-11.703231,-10.275442,-6.875214,-15.681067,4.818402,-15.400894,1557.2745,0.00810406,0.19545335036057693,1.632,data/raw/audio_samples\Actor_19\03-01-06-01-02-02-19.wav,Actor_19,fearful,nervous
-316.26086,40.991375,-47.53282,-5.0461063,-31.458141,-21.924437,-37.242126,-20.9975,-25.377779,12.630782,-25.091993,7.678451,-2.6645849,1547.3728,0.028314356,0.13402506510416667,1.888,data/raw/audio_samples\Actor_19\03-01-06-02-01-01-19.wav,Actor_19,fearful,nervous
-268.98877,8.265897,-44.684452,-6.2984533,-32.48569,-22.859116,-42.787773,-18.097853,-15.8089905,-1.8793241,-2.1896296,12.573687,15.529755,1798.5302,0.06119435,0.17934698807565788,2.4,data/raw/audio_samples\Actor_19\03-01-06-02-01-02-19.wav,Actor_19,fearful,nervous
-256.84567,12.064275,-37.661705,-20.19045,-33.630814,-11.116472,-37.1763,-9.7978945,-14.393203,-5.786021,-12.580144,13.923469,-1.5251579,1822.5856,0.046228144,0.20357572115384615,1.632,data/raw/audio_samples\Actor_19\03-01-06-02-02-01-19.wav,Actor_19,fearful,nervous
-258.46155,7.8827014,-34.641556,-12.37036,-34.03615,-10.76724,-42.243073,-10.62993,-11.211762,-4.788693,-11.978179,9.497545,-8.884906,1795.9374,0.050134696,0.22501148897058823,2.144,data/raw/audio_samples\Actor_19\03-01-06-02-02-02-19.wav,Actor_19,fearful,nervous
-462.45526,82.28379,9.434511,17.932837,-14.4589,-1.9700989,-24.36497,-4.5423865,-19.300352,1.8102356,-13.395731,3.9092658,-13.175651,1508.0935,0.006245218,0.15764303768382354,2.144,data/raw/audio_samples\Actor_19\03-01-07-01-01-01-19.wav,Actor_19,disgust,nervous
-456.6633,93.79188,-3.3476112,6.287983,-12.074588,1.0048391,-32.453087,-11.050055,-13.264069,-1.8310033,-13.723935,1.9806485,-18.818083,1480.1158,0.0051161307,0.15353260869565216,2.912,data/raw/audio_samples\Actor_19\03-01-07-01-01-02-19.wav,Actor_19,disgust,nervous
-453.16998,69.23549,18.925108,5.183782,-11.317886,-0.740455,-24.854479,-8.094783,-7.6295705,-1.6257517,-13.031867,5.9007983,-14.8479595,1168.8943,0.0065350495,0.20942826704545456,2.08,data/raw/audio_samples\Actor_19\03-01-07-01-02-01-19.wav,Actor_19,disgust,nervous
-433.37347,75.65483,0.84427446,2.27056,-17.13191,-4.1039543,-31.594202,-12.275288,-14.763543,-0.94234645,-17.638422,0.0035997822,-19.44963,1257.6039,0.009068328,0.16613375756048387,1.952,data/raw/audio_samples\Actor_19\03-01-07-01-02-02-19.wav,Actor_19,disgust,nervous
-410.0783,47.255367,2.5233853,11.590363,-16.65105,-2.7814195,-25.296095,-12.606182,-23.1177,2.0265985,-16.115805,-5.419275,-4.7516603,1735.055,0.012713462,0.16422320015822786,2.496,data/raw/audio_samples\Actor_19\03-01-07-02-01-01-19.wav,Actor_19,disgust,nervous
-353.1087,34.907818,-10.785788,2.55297,-25.886435,-9.073716,-23.718315,-11.463786,-20.548225,-1.2786651,-16.252245,-4.7909193,-13.323726,1836.6677,0.017709145,0.19135692866161616,3.136,data/raw/audio_samples\Actor_19\03-01-07-02-01-02-19.wav,Actor_19,disgust,nervous
-278.6707,-3.0863667,-2.8997858,-17.230818,-35.789616,-1.7125646,-38.314163,-11.577309,-15.3338585,-3.8260195,-12.014264,-2.4948196,-13.075272,1828.916,0.0378756,0.252940188172043,2.944,data/raw/audio_samples\Actor_19\03-01-07-02-02-01-19.wav,Actor_19,disgust,nervous
-315.2348,48.761738,-2.9521825,17.12897,-16.605646,-8.933259,-14.026043,-12.4606085,-14.882472,6.6399355,-16.617546,1.2844187,-9.085446,1811.3168,0.030534202,0.18846617353723405,2.976,data/raw/audio_samples\Actor_19\03-01-07-02-02-02-19.wav,Actor_19,disgust,nervous
-453.56998,102.199936,1.9655088,19.789713,-6.1125107,1.8058032,-23.865955,-17.360569,-17.058022,-0.7279386,-17.180042,4.0484395,-11.221982,1260.631,0.006681054,0.10817173549107142,1.76,data/raw/audio_samples\Actor_19\03-01-08-01-01-01-19.wav,Actor_19,surprised,neutral
-447.35025,121.2999,-8.490278,14.321186,-10.47977,-1.0646373,-33.7099,-13.590072,-20.083267,-3.3121986,-20.920706,2.6699831,-15.537437,941.8227,0.006903734,0.08538942920918367,1.536,data/raw/audio_samples\Actor_19\03-01-08-01-01-02-19.wav,Actor_19,surprised,neutral
-487.01804,83.083595,9.519926,24.23285,-17.744064,4.2458463,-23.237188,-11.896886,-4.3752136,-1.9290406,-16.451202,6.9774203,-16.866032,1675.0632,0.0050442135,0.15693359375,2.208,data/raw/audio_samples\Actor_19\03-01-08-01-02-01-19.wav,Actor_19,surprised,neutral
-490.56958,118.747826,19.417398,25.090576,-11.845146,7.218577,-18.999432,-22.375544,-11.055277,1.2120337,-20.037542,5.1314106,-15.4946995,922.2781,0.0046075042,0.08931587837837837,1.152,data/raw/audio_samples\Actor_19\03-01-08-01-02-02-19.wav,Actor_19,surprised,neutral
-397.9613,91.90671,-5.206131,11.550147,-13.081905,-2.9184484,-32.80089,-15.979056,-21.996433,-9.139054,-18.920223,1.3127017,-10.427365,1148.3806,0.012285131,0.12528004365808823,2.144,data/raw/audio_samples\Actor_19\03-01-08-02-01-01-19.wav,Actor_19,surprised,neutral
-407.77237,71.55475,-7.8888354,17.487284,-7.4988303,-6.544502,-30.100113,-20.395185,-15.453173,0.35083824,-20.062706,6.8944244,-8.806071,1638.7091,0.011614103,0.17277113970588234,2.688,data/raw/audio_samples\Actor_19\03-01-08-02-01-02-19.wav,Actor_19,surprised,neutral
-486.18433,91.57299,2.42317,17.118996,-9.566863,-1.4812254,-18.888088,-9.156407,-7.6844826,-4.3277903,-15.614744,5.456636,-8.194179,1321.6497,0.00818075,0.1380615234375,2.144,data/raw/audio_samples\Actor_19\03-01-08-02-02-01-19.wav,Actor_19,surprised,neutral
-430.46954,101.16924,14.8329525,11.471507,-12.0579195,5.323003,-31.642952,-13.931396,-15.524445,-3.737547,-21.578672,-0.32524487,-9.4440975,1164.8335,0.0074020457,0.12943699048913043,1.44,data/raw/audio_samples\Actor_19\03-01-08-02-02-02-19.wav,Actor_19,surprised,neutral
-497.25153,63.376842,-16.500778,11.832859,-29.842264,-12.701982,-33.719227,-16.336184,-15.184822,-2.6473885,-18.042982,-7.092263,-9.736307,1442.8295,0.0036558849,0.13676120923913043,1.44,data/raw/audio_samples\Actor_20\03-01-01-01-01-01-20.wav,Actor_20,neutral,confident
-475.19907,56.645905,-22.960312,13.712506,-34.634125,-13.974891,-31.237566,-16.94064,-12.717267,-8.476178,-13.778262,-9.027693,-6.094095,1616.2394,0.004752739,0.14137178308823528,1.6,data/raw/audio_samples\Actor_20\03-01-01-01-01-02-20.wav,Actor_20,neutral,confident
-485.36557,64.62311,-13.941641,6.8390503,-31.656998,-14.100878,-35.10365,-15.725085,-13.514773,-5.785979,-17.423346,-5.45305,-6.0473514,1358.4012,0.0044628563,0.166259765625,1.44,data/raw/audio_samples\Actor_20\03-01-01-01-02-01-20.wav,Actor_20,neutral,confident
-488.83078,52.95104,-16.935774,10.029251,-31.31272,-14.89045,-35.47641,-13.848569,-13.390897,-6.1389146,-15.739689,-6.06983,-7.1749597,1483.5383,0.004662069,0.167216796875,1.568,data/raw/audio_samples\Actor_20\03-01-01-01-02-02-20.wav,Actor_20,neutral,confident
-560.5842,55.071926,-12.37399,18.71023,-24.875181,-16.044622,-32.454277,-14.135231,-14.3745575,-3.1674943,-18.211256,-3.8940308,-12.969547,1634.0334,0.0018059991,0.15007467830882354,1.6,data/raw/audio_samples\Actor_20\03-01-02-01-01-01-20.wav,Actor_20,calm,confident
-572.57,56.829163,-18.88187,10.822854,-21.794767,-14.264084,-32.92566,-16.231316,-14.701198,-7.915402,-22.821218,-4.095621,-9.073804,1551.5787,0.0017520413,0.13621012369791666,1.504,data/raw/audio_samples\Actor_20\03-01-02-01-01-02-20.wav,Actor_20,calm,confident
-585.09357,61.293377,0.007523039,9.717776,-13.600931,-10.751901,-32.116817,-19.379139,-15.129212,-7.5401955,-17.062387,-3.4461396,-9.125484,1422.0186,0.001331134,0.17176885190217392,1.44,data/raw/audio_samples\Actor_20\03-01-02-01-02-01-20.wav,Actor_20,calm,confident
-564.5697,58.400253,-4.3142076,11.805564,-17.225048,-9.768101,-30.00205,-10.911097,-12.497987,-3.1866522,-19.212622,-1.8477925,-8.022641,1291.9679,0.0017477698,0.1665625,1.568,data/raw/audio_samples\Actor_20\03-01-02-01-02-02-20.wav,Actor_20,calm,confident
-603.0693,70.24675,-9.275483,18.943062,-18.583195,-12.773314,-29.856771,-10.692607,-15.660586,-5.9308133,-13.350341,-1.9088025,-10.378515,1374.2206,0.0012463648,0.12865767045454546,1.728,data/raw/audio_samples\Actor_20\03-01-02-02-01-01-20.wav,Actor_20,calm,confident
-630.61383,60.225403,-10.891228,26.298492,-17.295576,-6.7366567,-26.831665,-12.576929,-11.459007,-7.2283196,-17.048744,-1.9477469,-8.362519,1626.0275,0.0009978416,0.14736793154761904,1.984,data/raw/audio_samples\Actor_20\03-01-02-02-01-02-20.wav,Actor_20,calm,confident
-580.1114,69.38769,-3.8264184,19.142717,-17.917128,-11.102142,-32.286243,-12.427374,-5.765187,-4.921137,-14.940367,-4.1836934,-10.064936,1304.7207,0.001245595,0.17067307692307693,1.632,data/raw/audio_samples\Actor_20\03-01-02-02-02-01-20.wav,Actor_20,calm,confident
-630.97565,53.66982,0.23196591,12.46453,-17.870943,-6.9275126,-28.696,-13.802189,-12.838088,-7.6220393,-21.466578,-2.5348072,-9.9404955,1532.5154,0.00092432584,0.17619719328703703,1.696,data/raw/audio_samples\Actor_20\03-01-02-02-02-02-20.wav,Actor_20,calm,confident
-340.6364,52.252293,-41.6609,10.165574,-45.990463,-15.449601,-34.539463,-31.76792,-16.51474,-21.28449,-8.163276,-21.355606,-4.067325,1335.696,0.021122009,0.10549094460227272,1.376,data/raw/audio_samples\Actor_20\03-01-03-01-01-01-20.wav,Actor_20,happy,confident
-413.5092,52.92856,-37.945724,6.797952,-42.98225,-9.056027,-35.224106,-15.483783,-24.514345,-9.555494,-12.062684,-14.898118,-4.422798,1310.1614,0.010994481,0.10507621017156862,1.6,data/raw/audio_samples\Actor_20\03-01-03-01-01-02-20.wav,Actor_20,happy,confident
-432.75333,52.101,-5.872557,12.83006,-25.333593,-10.649579,-34.484406,-19.343706,-22.352337,-10.267952,-7.5451226,-14.711827,-4.103954,1125.655,0.0099143665,0.147490234375,1.568,data/raw/audio_samples\Actor_20\03-01-03-01-02-01-20.wav,Actor_20,happy,confident
-445.3694,39.913254,-39.820324,0.66752917,-34.124325,-17.801521,-41.571747,-25.26485,-20.163473,-12.258256,-7.1867065,-14.536842,2.1323082,1418.203,0.007951721,0.18333899456521738,1.44,data/raw/audio_samples\Actor_20\03-01-03-01-02-02-20.wav,Actor_20,happy,confident
-303.06927,36.37661,-74.51447,-8.72901,-58.353104,-25.348991,-38.31678,-31.9395,-9.387799,-23.682848,-8.848054,-19.060217,-3.9508972,1600.1182,0.030594865,0.1369347205528846,1.632,data/raw/audio_samples\Actor_20\03-01-03-02-01-01-20.wav,Actor_20,happy,confident
-340.7241,32.250076,-57.07437,-5.021282,-48.290173,-16.355318,-30.696411,-23.99376,-15.219822,-16.708666,0.31518406,-2.966001,12.246529,1758.9608,0.024457436,0.18583720439189189,2.336,data/raw/audio_samples\Actor_20\03-01-03-02-01-02-20.wav,Actor_20,happy,confident
-255.8207,23.92688,-63.907425,-11.294649,-57.530228,-32.54321,-46.78557,-24.022696,-15.332929,-5.5498786,-6.866421,-2.141464,1.6094445,1640.4305,0.051642653,0.1780252659574468,1.472,data/raw/audio_samples\Actor_20\03-01-03-02-02-01-20.wav,Actor_20,happy,confident
-273.07916,6.8414917,-70.182205,-26.121246,-50.38164,-27.025974,-35.631355,-21.559507,-1.8235793,13.114009,28.749529,16.277143,10.451923,1583.8473,0.07019038,0.18639026988636365,1.728,data/raw/audio_samples\Actor_20\03-01-03-02-02-02-20.wav,Actor_20,happy,confident
-566.70306,53.742165,-8.699201,18.001848,-20.38616,-0.42878258,-34.26073,-11.52371,-8.756929,-7.208342,-15.681877,-1.5233717,-10.42048,1815.7546,0.0016438145,0.15973011363636364,1.728,data/raw/audio_samples\Actor_20\03-01-04-01-01-01-20.wav,Actor_20,sad,nervous
-600.4754,77.346176,-6.7872157,18.765131,-11.625144,-4.590516,-30.02021,-16.294767,-16.323727,-2.803148,-16.268738,1.3375332,-11.998694,1390.0668,0.001053788,0.1392554306402439,1.28,data/raw/audio_samples\Actor_20\03-01-04-01-01-02-20.wav,Actor_20,sad,nervous
-579.95123,56.997135,-5.087482,14.849605,-11.534198,3.6704686,-33.417637,-12.858491,-8.885028,-5.0558743,-13.851893,-1.2641162,-5.9888864,1746.4589,0.0013063634,0.191131591796875,1.504,data/raw/audio_samples\Actor_20\03-01-04-01-02-01-20.wav,Actor_20,sad,nervous
-582.3767,73.08558,6.222025,21.732677,-10.69851,1.8501941,-32.090748,-20.492674,-13.675472,-3.3234937,-16.110891,-3.0742493,-8.769993,1613.6295,0.0013729223,0.15505149147727273,1.376,data/raw/audio_samples\Actor_20\03-01-04-01-02-02-20.wav,Actor_20,sad,nervous
-536.1561,72.89718,-19.82357,18.759382,-26.960135,-26.306564,-28.12717,-30.947243,-9.746983,-15.121903,-3.5976546,-14.467164,-10.396914,1370.8695,0.005604025,0.10986328125,1.696,data/raw/audio_samples\Actor_20\03-01-04-02-01-01-20.wav,Actor_20,sad,nervous
-435.1699,24.200281,-44.056957,-2.8616564,-31.946571,-22.606453,-19.622692,-34.63623,-4.8184576,-14.997754,-3.4606223,-0.6429953,0.84112775,1870.8738,0.019515604,0.230771484375,3.1815625,data/raw/audio_samples\Actor_20\03-01-04-02-01-02-20.wav,Actor_20,sad,nervous
-543.76794,71.292915,-11.745951,4.4293404,-21.420193,-25.689974,-36.661438,-33.42755,-8.751887,-20.591974,-2.5377557,-10.884756,-7.297482,1347.6073,0.0043687844,0.15971235795454544,1.728,data/raw/audio_samples\Actor_20\03-01-04-02-02-01-20.wav,Actor_20,sad,nervous
-377.8548,31.38853,-59.417236,-9.218684,-43.317726,-39.523064,-27.95861,-49.377632,-8.342961,-9.912582,-10.848697,4.796122,-1.9098046,1274.5671,0.0263136,0.14502728174603174,1.984,data/raw/audio_samples\Actor_20\03-01-04-02-02-02-20.wav,Actor_20,sad,nervous
-495.54358,77.07407,-12.402446,6.249494,-23.098349,-4.8339815,-33.582108,-16.941843,-24.035397,-5.585038,-13.817591,-11.60977,-10.406212,1111.6763,0.0046996386,0.09740584935897435,1.216,data/raw/audio_samples\Actor_20\03-01-05-01-01-01-20.wav,Actor_20,angry,nervous
-355.71423,48.780407,-34.77255,-9.848327,-34.35654,-7.43831,-27.361132,-21.276371,-20.577394,-9.623705,-13.888212,-12.51254,-13.076541,1526.758,0.017316727,0.14376246675531915,1.472,data/raw/audio_samples\Actor_20\03-01-05-01-01-02-20.wav,Actor_20,angry,nervous
-411.8289,47.991627,-28.576815,4.3438697,-31.297585,-13.691319,-37.417797,-17.802177,-13.157242,-6.719621,-11.445323,-10.380924,-11.132829,1468.9431,0.009667862,0.16916910807291666,1.504,data/raw/audio_samples\Actor_20\03-01-05-01-02-01-20.wav,Actor_20,angry,nervous
-349.06552,37.175224,-35.716434,-9.015468,-41.025414,-19.527185,-31.248379,-24.838268,-18.45913,-11.771148,-14.742454,-17.499035,-12.478066,1471.8488,0.019171985,0.19636276533018868,1.664,data/raw/audio_samples\Actor_20\03-01-05-01-02-02-20.wav,Actor_20,angry,nervous
-269.1412,48.19265,-13.619876,10.921109,-42.884007,-4.0591836,-20.743206,-15.323257,-20.586973,-11.473499,-9.073388,-10.3987875,-5.2741933,1826.8287,0.03879094,0.16756184895833334,2.08,data/raw/audio_samples\Actor_20\03-01-05-02-01-01-20.wav,Actor_20,angry,nervous
-191.38126,35.549534,-59.372852,-17.514952,-55.70151,-19.697626,-23.461203,-17.573357,-9.575362,-4.2682037,-1.6891444,-11.843735,-2.22783,1622.0542,0.11499849,0.15965294471153846,2.048,data/raw/audio_samples\Actor_20\03-01-05-02-01-02-20.wav,Actor_20,angry,nervous
-171.89017,28.89624,-62.946896,-23.225758,-42.604004,-16.33758,-19.2921,-12.930074,-14.639128,-2.7888505,-11.745868,1.0073252,1.2482436,1749.0464,0.12888616,0.2188387784090909,2.08,data/raw/audio_samples\Actor_20\03-01-05-02-02-01-20.wav,Actor_20,angry,nervous
-263.67184,37.705963,-10.913641,2.5028722,-38.191044,-9.238195,-36.290047,-18.309675,-24.171305,-13.37953,-16.504986,-14.220238,-9.268712,1476.5305,0.038816243,0.19969641644021738,1.44,data/raw/audio_samples\Actor_20\03-01-05-02-02-02-20.wav,Actor_20,angry,nervous
-569.73785,47.568462,-16.089445,5.101506,-27.253101,-11.752259,-28.712973,-13.2974615,-10.12565,-13.648868,-8.290513,-10.411945,-6.2253594,1753.5612,0.0035198084,0.23858019770408162,1.536,data/raw/audio_samples\Actor_20\03-01-06-01-01-01-20.wav,Actor_20,fearful,nervous
-603.90485,41.216103,-17.499031,5.027293,-26.601974,-16.203466,-30.654728,-9.212446,-9.405082,-15.608714,-3.3088949,-11.899495,-3.6472723,1918.2438,0.0034491478,0.327322345890411,2.304,data/raw/audio_samples\Actor_20\03-01-06-01-01-02-20.wav,Actor_20,fearful,nervous
-612.7838,34.017223,-1.6533784,11.129685,-13.295555,-13.733005,-38.089962,-4.40415,-8.684904,-10.6991205,-10.451536,-4.257765,-3.6025956,1836.7584,0.0025488876,0.30328566028225806,1.952,data/raw/audio_samples\Actor_20\03-01-06-01-02-01-20.wav,Actor_20,fearful,nervous
-567.9724,51.15428,-1.1027666,14.223363,-19.831629,-15.655976,-43.195526,-11.328117,-11.620204,-14.3551,-8.147618,-8.69867,-6.9051995,1461.6262,0.0023593027,0.15141059027777778,1.408,data/raw/audio_samples\Actor_20\03-01-06-01-02-02-20.wav,Actor_20,fearful,nervous
-180.47502,44.706535,-68.91924,-24.123026,-50.90012,-20.183138,-30.934639,-13.631873,-11.337162,-1.6227031,3.42258,-3.1637588,11.499604,1486.6919,0.11856236,0.1503353478773585,1.664,data/raw/audio_samples\Actor_20\03-01-06-02-01-01-20.wav,Actor_20,fearful,nervous
-191.47398,33.57006,-75.93239,-30.54282,-57.950867,-21.830627,-30.235159,-18.165417,-6.665771,-6.0937724,14.331968,3.2818623,18.134436,1436.5355,0.1141194,0.14949253627232142,1.76,data/raw/audio_samples\Actor_20\03-01-06-02-01-02-20.wav,Actor_20,fearful,nervous
-152.76224,25.927603,-87.98229,-32.59323,-54.01978,-31.21605,-30.085032,-14.58955,-1.2332264,6.932374,-4.5670395,-9.750447,7.345799,1609.0533,0.15287063,0.18804154829545455,1.728,data/raw/audio_samples\Actor_20\03-01-06-02-02-01-20.wav,Actor_20,fearful,nervous
-208.47498,7.4566627,-54.908222,-23.534586,-48.319378,-25.05157,-27.456083,-18.97049,5.1146097,14.951696,33.654694,12.148221,5.619444,1554.9604,0.1378353,0.17707375919117646,1.6,data/raw/audio_samples\Actor_20\03-01-06-02-02-02-20.wav,Actor_20,fearful,nervous
-441.97635,55.647797,-21.92581,-0.8709603,-28.334135,-14.50368,-27.020851,-19.149342,-11.0934,-10.898445,-15.22364,-4.642382,-13.40817,1782.7664,0.0071072225,0.17615746670081966,1.92,data/raw/audio_samples\Actor_20\03-01-07-01-01-01-20.wav,Actor_20,disgust,nervous
-499.22064,72.69261,-13.7235985,7.085314,-21.89397,-20.094105,-19.94129,-4.045996,-11.066038,-6.629177,-10.07285,-5.4094267,-6.8897104,1570.1785,0.0033705418,0.16705433238636364,1.728,data/raw/audio_samples\Actor_20\03-01-07-01-01-02-20.wav,Actor_20,disgust,nervous
-496.4537,58.969795,-3.2897613,-3.9656205,-15.972426,-14.097528,-31.631996,-11.427172,-12.24469,-10.327157,-13.7569895,-2.484515,-10.487195,1324.407,0.004220023,0.19004991319444445,1.696,data/raw/audio_samples\Actor_20\03-01-07-01-02-01-20.wav,Actor_20,disgust,nervous
-523.05725,46.32147,-2.8781123,-2.5722141,-15.755253,-20.738745,-29.835514,-11.234828,-15.400015,-13.45051,-14.407452,-7.0406294,-11.062653,1339.1265,0.0035963263,0.256894239738806,2.112,data/raw/audio_samples\Actor_20\03-01-07-01-02-02-20.wav,Actor_20,disgust,nervous
-462.7408,48.134113,-9.701156,1.1306214,-22.742622,-10.326945,-22.030296,-22.062237,-9.984558,-5.3075113,-15.330819,1.3156428,-7.999885,1873.3413,0.006649535,0.19556382123161764,2.144,data/raw/audio_samples\Actor_20\03-01-07-02-01-01-20.wav,Actor_20,disgust,nervous
-457.0902,37.27021,-19.271906,-0.857231,-21.775257,-14.096224,-21.184834,-13.362093,-13.353815,-7.8858695,-9.104649,-7.1818666,-8.883211,1779.5442,0.011137968,0.2281494140625,2.016,data/raw/audio_samples\Actor_20\03-01-07-02-01-02-20.wav,Actor_20,disgust,nervous
-448.37088,28.578085,-21.090122,-19.8047,-24.253748,-23.637281,-28.486124,-21.024412,-9.225543,-12.535801,-19.431395,-4.457117,-10.817317,1643.4677,0.014241594,0.2620083121366279,2.72,data/raw/audio_samples\Actor_20\03-01-07-02-02-01-20.wav,Actor_20,disgust,nervous
-398.84018,40.50566,-22.665854,-18.59378,-24.104624,-11.704431,-28.654728,-22.093529,-13.5935955,-9.261207,-19.39663,-8.911338,-16.672514,1502.0914,0.013379923,0.2252875434027778,2.272,data/raw/audio_samples\Actor_20\03-01-07-02-02-02-20.wav,Actor_20,disgust,nervous
-409.4212,50.295567,-37.950676,9.250827,-35.67019,-12.748043,-45.245106,-21.702826,-17.439953,-16.88852,-13.393097,-15.00057,-10.865574,1730.4579,0.009532439,0.12950439453125,1.248,data/raw/audio_samples\Actor_20\03-01-08-01-01-01-20.wav,Actor_20,surprised,neutral
-357.17163,56.77032,-32.89151,1.9241164,-33.876396,-14.783708,-28.628618,-17.821083,-17.623419,-11.635144,-16.212645,-12.067265,-13.387199,1605.0503,0.014686081,0.149677734375,1.568,data/raw/audio_samples\Actor_20\03-01-08-01-01-02-20.wav,Actor_20,surprised,neutral
-433.59644,53.470535,-22.619116,-1.1107178,-22.232752,-12.33976,-42.26739,-18.250097,-14.848499,-14.792856,-15.153052,-9.973782,-15.690333,1588.6016,0.0065050293,0.18101099917763158,1.184,data/raw/audio_samples\Actor_20\03-01-08-01-02-01-20.wav,Actor_20,surprised,neutral
-415.9341,61.34257,-38.39822,5.482143,-39.16779,-14.462779,-48.65892,-13.87444,-18.240482,-15.007171,-13.525344,-1.6599152,0.13462077,1432.4735,0.008532916,0.14998998397435898,1.216,data/raw/audio_samples\Actor_20\03-01-08-01-02-02-20.wav,Actor_20,surprised,neutral
-289.41418,48.270046,-36.436638,-6.459605,-42.880947,-17.875025,-32.771957,-21.909424,-17.656317,-19.413462,-11.409209,-9.513111,-0.32774606,1688.3982,0.027841175,0.16946910511363636,1.728,data/raw/audio_samples\Actor_20\03-01-08-02-01-01-20.wav,Actor_20,surprised,neutral
-407.03354,57.288742,-40.925896,-0.1676766,-38.491753,-13.479381,-40.973858,-22.73673,-20.185982,-19.706675,-18.213043,-15.439779,-11.5742035,1476.389,0.009039666,0.12925161966463414,1.28,data/raw/audio_samples\Actor_20\03-01-08-02-01-02-20.wav,Actor_20,surprised,neutral
-341.13144,32.062748,-36.595913,5.014603,-26.59626,-13.198151,-33.81783,-25.56249,-10.653873,-17.137867,-13.790057,-10.012726,-7.373247,1879.568,0.017961849,0.20942164179104478,2.112,data/raw/audio_samples\Actor_20\03-01-08-02-02-01-20.wav,Actor_20,surprised,neutral
-370.69806,41.42131,-34.554268,3.2657478,-29.194757,-16.540936,-43.680595,-13.319626,-12.543264,-16.08771,-13.823211,-12.323788,-12.505625,1643.6996,0.01320252,0.1605718085106383,1.472,data/raw/audio_samples\Actor_20\03-01-08-02-02-02-20.wav,Actor_20,surprised,neutral
-418.0046,117.28499,-5.735292,33.2205,-11.922961,-8.595451,-2.363502,-26.25107,-12.010193,-3.6615279,-13.839804,-1.9272463,-3.016975,1063.4773,0.012542038,0.09661754261363636,1.728,data/raw/audio_samples\Actor_21\03-01-01-01-01-01-21.wav,Actor_21,neutral,confident
-451.5708,119.3103,2.1337245,31.851357,-9.447109,-3.9667897,-3.8894184,-22.855227,-9.397593,-1.7878423,-10.0599575,-1.5123506,-2.476085,856.35736,0.011424975,0.10262858072916667,1.888,data/raw/audio_samples\Actor_21\03-01-01-01-01-02-21.wav,Actor_21,neutral,confident
-399.83395,121.88468,-6.1957364,28.80795,-7.7629995,-3.1051886,-9.325095,-26.64099,-12.329827,0.41661662,-11.634389,-5.8677454,-2.2182171,1044.774,0.014042811,0.1080299233490566,1.664,data/raw/audio_samples\Actor_21\03-01-01-01-02-01-21.wav,Actor_21,neutral,confident
-419.3903,119.08697,-8.326209,29.633942,-3.126572,-4.0485115,-12.937504,-24.67886,-10.474644,-1.6784314,-10.624589,-0.9870806,-3.299644,988.9859,0.011370349,0.10636239681603774,1.664,data/raw/audio_samples\Actor_21\03-01-01-01-02-02-21.wav,Actor_21,neutral,confident
-471.99344,119.11546,8.889785,32.48227,-1.0374117,-3.7297099,-5.9041553,-13.197829,-10.511689,3.1804397,-5.4756875,-1.4624269,-3.7975237,856.1539,0.008222444,0.07387514467592593,1.696,data/raw/audio_samples\Actor_21\03-01-02-01-01-01-21.wav,Actor_21,calm,confident
-448.98605,126.20551,-4.923118,32.949234,-6.0617623,-5.984763,-4.751326,-19.851936,-9.142861,1.8397706,-10.126541,0.14636633,-2.267787,956.0873,0.0090054795,0.0833953373015873,1.984,data/raw/audio_samples\Actor_21\03-01-02-01-01-02-21.wav,Actor_21,calm,confident
-452.2849,119.92859,8.547332,34.470547,-5.349377,3.1067772,-9.182579,-17.514662,-10.378745,0.7968011,-4.0138535,1.3990282,-0.78203106,1089.1959,0.009196767,0.10350690569196429,1.76,data/raw/audio_samples\Actor_21\03-01-02-01-02-01-21.wav,Actor_21,calm,confident
-466.6637,110.73488,8.992225,33.96155,-2.156052,-4.191748,-12.373947,-13.350367,-9.713467,0.089815736,-10.066214,1.0349344,-2.929674,949.54626,0.00829106,0.1158905029296875,2.016,data/raw/audio_samples\Actor_21\03-01-02-01-02-02-21.wav,Actor_21,calm,confident
-450.35757,100.410835,9.983352,38.129463,-3.8566492,0.8071937,-8.961466,-10.599035,-8.828938,2.9700048,-9.289186,-0.12061666,-3.0394492,1190.9706,0.0076713595,0.09650065104166666,1.888,data/raw/audio_samples\Actor_21\03-01-02-02-01-01-21.wav,Actor_21,calm,confident
-468.12103,103.88809,2.0364518,39.7,-6.471931,-2.050314,-9.433827,-16.006859,-6.788668,0.016689595,-11.380672,-1.9225246,-4.6061535,1301.4836,0.007177558,0.1060791015625,2.144,data/raw/audio_samples\Actor_21\03-01-02-02-01-02-21.wav,Actor_21,calm,confident
-432.9775,100.267914,-5.627636,37.97765,-7.5958104,-9.608137,-9.655192,-15.142748,-9.664073,-2.0978594,-11.243962,0.7999645,-1.7208781,1372.2872,0.0103022205,0.1400291313559322,1.856,data/raw/audio_samples\Actor_21\03-01-02-02-02-01-21.wav,Actor_21,calm,confident
-449.2118,109.203865,2.0113106,39.16403,-2.64364,-3.9156237,-13.979621,-13.593352,-9.518286,-2.0665538,-9.603369,-0.82827985,-1.9856158,1038.6653,0.008497348,0.11367347592213115,1.92,data/raw/audio_samples\Actor_21\03-01-02-02-02-02-21.wav,Actor_21,calm,confident
-388.37155,109.20483,-10.941121,33.560444,-9.66262,-10.0934515,-7.0422873,-25.215687,-9.679014,-5.102512,-13.438566,0.29413906,-9.489842,1035.6316,0.015893405,0.09953962053571429,1.76,data/raw/audio_samples\Actor_21\03-01-03-01-01-01-21.wav,Actor_21,happy,confident
-365.73074,106.81996,-19.430004,39.462475,-6.161468,-14.250885,-2.5076334,-27.466122,-10.490808,-3.528967,-14.347875,1.4067193,-7.705384,1236.0131,0.018009936,0.10316297743055555,1.696,data/raw/audio_samples\Actor_21\03-01-03-01-01-02-21.wav,Actor_21,happy,confident
-337.97272,100.883224,-21.519905,36.657887,-13.0997715,-10.66593,-13.735172,-31.177397,-12.248841,-6.385052,-16.825867,0.8614825,-9.056682,1220.8505,0.022799036,0.14037146935096154,1.632,data/raw/audio_samples\Actor_21\03-01-03-01-02-01-21.wav,Actor_21,happy,confident
-377.41507,102.31648,-10.281264,25.8629,-8.901874,-10.223413,-13.362329,-22.862673,-15.40629,-5.551252,-15.01961,-2.2113032,-9.13414,983.63916,0.018309373,0.13442297149122806,1.792,data/raw/audio_samples\Actor_21\03-01-03-01-02-02-21.wav,Actor_21,happy,confident
-266.6159,92.22285,-34.56983,30.838177,-19.128086,-21.499537,-6.7942576,-34.648518,-13.052815,-5.776912,-23.159302,0.8904205,-15.106656,1551.5884,0.041238755,0.12076241629464286,1.76,data/raw/audio_samples\Actor_21\03-01-03-02-01-01-21.wav,Actor_21,happy,confident
-296.16443,84.07989,-34.799595,28.714787,-12.072817,-21.238283,-5.056791,-35.214104,-12.815378,-5.5380106,-22.844952,-0.49972817,-13.49188,1570.0895,0.03615859,0.13474961577868852,1.92,data/raw/audio_samples\Actor_21\03-01-03-02-01-02-21.wav,Actor_21,happy,confident
-292.3403,103.9096,-29.59598,25.894234,-13.767257,-22.335615,-13.44988,-34.66531,-10.64826,-6.817575,-20.787546,-0.6126288,-16.321327,1123.4442,0.037480786,0.13862666377314814,1.696,data/raw/audio_samples\Actor_21\03-01-03-02-02-01-21.wav,Actor_21,happy,confident
-266.57263,87.118256,-30.992619,23.394638,-18.423258,-20.62924,-11.566424,-35.679497,-16.131195,-6.8441176,-23.505123,-1.1201386,-15.260791,1321.0284,0.04695055,0.14792351973684212,1.792,data/raw/audio_samples\Actor_21\03-01-03-02-02-02-21.wav,Actor_21,happy,confident
-499.70532,102.84212,1.341761,37.73893,-7.0591397,1.2440107,-8.475034,-20.664682,-9.790024,-2.3073194,-12.926587,-2.2325091,-6.7684445,1378.3804,0.005238302,0.16274163661858973,2.464,data/raw/audio_samples\Actor_21\03-01-04-01-01-01-21.wav,Actor_21,sad,nervous
-517.47144,103.218506,4.8696256,35.528008,-7.9730453,5.5426636,-8.277517,-13.59492,-8.813753,-5.7033625,-10.092446,-2.3273172,-5.910432,1233.8563,0.0045660455,0.15363625919117646,2.688,data/raw/audio_samples\Actor_21\03-01-04-01-01-02-21.wav,Actor_21,sad,nervous
-440.30408,91.88645,-0.3435758,37.216896,-10.717926,2.4470665,-11.007286,-18.99196,-7.5385756,-0.045733113,-11.177482,-1.1636862,-6.3178806,1233.4478,0.007231254,0.15367471018145162,1.952,data/raw/audio_samples\Actor_21\03-01-04-01-02-01-21.wav,Actor_21,sad,nervous
-455.7336,98.847694,-4.863283,36.075703,-8.168435,2.62896,-11.348741,-21.997671,-9.348882,-2.353399,-13.722067,0.06924802,-7.2486615,1168.0255,0.006766239,0.14807300836267606,2.24,data/raw/audio_samples\Actor_21\03-01-04-01-02-02-21.wav,Actor_21,sad,nervous
-326.8138,97.86503,-33.979588,31.515152,2.503754,-36.083023,-12.104081,-31.941866,-31.873999,7.9959464,-33.377472,-4.339913,-10.44426,1434.0173,0.026796827,0.11762551700367647,2.144,data/raw/audio_samples\Actor_21\03-01-04-02-01-01-21.wav,Actor_21,sad,nervous
-360.54605,84.99867,-27.32612,27.840816,3.3203506,-33.49205,-12.889332,-33.15863,-26.395311,8.456175,-30.483736,-2.7620256,-11.902785,1408.1451,0.023848932,0.12682603809931506,2.304,data/raw/audio_samples\Actor_21\03-01-04-02-01-02-21.wav,Actor_21,sad,nervous
-381.5019,89.82731,-22.29642,36.94225,-2.4026537,-23.852705,-8.15339,-36.48135,-12.890132,-2.4314554,-22.62273,-4.3849216,-12.30469,1408.9795,0.017690837,0.16047062285958905,2.304,data/raw/audio_samples\Actor_21\03-01-04-02-02-01-21.wav,Actor_21,sad,nervous
-374.8617,100.02771,-25.29994,36.604103,2.0282795,-26.656513,-7.501348,-34.07766,-17.124475,2.4207609,-25.068605,-2.8886714,-11.644537,1318.9275,0.018188627,0.1447364696557971,2.176,data/raw/audio_samples\Actor_21\03-01-04-02-02-02-21.wav,Actor_21,sad,nervous
-255.02173,71.639175,-30.665333,37.379574,-17.003647,-18.553751,-3.3221285,-34.31799,-12.917992,0.22906284,-22.884752,0.5373182,-11.23045,1844.0486,0.05617331,0.15917228929924243,2.08,data/raw/audio_samples\Actor_21\03-01-05-01-01-01-21.wav,Actor_21,angry,nervous
-257.46936,78.60619,-30.84302,37.36055,-15.518535,-17.288527,-1.948133,-34.850063,-12.830698,0.36901167,-22.964891,1.04395,-11.491235,1778.2173,0.05362386,0.13871837797619047,1.984,data/raw/audio_samples\Actor_21\03-01-05-01-01-02-21.wav,Actor_21,angry,nervous
-241.64024,69.682014,-22.439486,29.328585,-18.660788,-19.152702,-2.7244437,-33.92302,-17.717445,-4.3940916,-23.959988,-2.9090543,-11.318703,1708.8904,0.0706857,0.175323486328125,2.016,data/raw/audio_samples\Actor_21\03-01-05-01-02-01-21.wav,Actor_21,angry,nervous
-238.64427,76.0397,-27.456814,34.853104,-17.655323,-19.46039,-4.585723,-38.04713,-15.293283,-1.5116919,-27.321266,-0.92382044,-13.427663,1886.6644,0.06566125,0.17486769153225806,1.952,data/raw/audio_samples\Actor_21\03-01-05-01-02-02-21.wav,Actor_21,angry,nervous
-188.0488,64.58137,-35.708954,26.700151,-15.083379,-25.141665,-3.123299,-28.919827,-12.92407,0.9489746,-20.847593,0.12876831,-10.98926,1713.7738,0.121001944,0.14552156690140844,2.24,data/raw/audio_samples\Actor_21\03-01-05-02-01-01-21.wav,Actor_21,angry,nervous
-190.94258,59.16817,-40.70439,23.995533,-10.6658325,-22.722403,-8.424678,-27.80871,-12.765354,-0.22097124,-21.640575,0.09631009,-13.634535,1644.934,0.10857254,0.15052734375,2.368,data/raw/audio_samples\Actor_21\03-01-05-02-01-02-21.wav,Actor_21,angry,nervous
-219.3098,61.12694,-30.844751,23.722778,-17.183676,-19.011757,-8.39385,-35.21442,-14.64906,-4.5149465,-23.962448,-3.0786304,-10.184682,1702.6055,0.09167205,0.17410925662878787,2.08,data/raw/audio_samples\Actor_21\03-01-05-02-02-01-21.wav,Actor_21,angry,nervous
-197.70145,54.34987,-38.361397,25.285074,-17.340763,-24.16582,-8.552057,-33.500572,-16.143976,-3.0950458,-21.24653,-0.9507757,-9.511367,1804.6476,0.10458244,0.20117895153985507,2.176,data/raw/audio_samples\Actor_21\03-01-05-02-02-02-21.wav,Actor_21,angry,nervous
-396.1447,105.511246,-11.415894,35.52046,-9.658446,-9.011399,-5.953704,-22.828596,-11.284313,-0.83608896,-21.195326,-1.7207731,-4.9425497,1426.1279,0.014944369,0.12337239583333333,1.792,data/raw/audio_samples\Actor_21\03-01-06-01-01-01-21.wav,Actor_21,fearful,nervous
-386.50488,106.89725,-13.273183,34.906628,-11.041158,-10.553599,-8.025551,-23.790285,-11.720711,-3.5200992,-20.245386,-3.5479023,-9.210645,1241.8154,0.016054522,0.11486364293981481,1.696,data/raw/audio_samples\Actor_21\03-01-06-01-01-02-21.wav,Actor_21,fearful,nervous
-408.62076,86.157974,-11.69912,28.83401,-3.3497064,-6.376682,-11.305403,-22.862972,-8.567571,-8.11274,-18.077522,-1.3437289,-5.821222,1509.7614,0.013443712,0.16844928075396826,1.984,data/raw/audio_samples\Actor_21\03-01-06-01-02-01-21.wav,Actor_21,fearful,nervous
-438.632,90.95071,-4.259734,24.518568,-8.911492,-0.37983105,-8.152598,-21.366407,-8.670861,-7.5070834,-15.923834,-3.0397162,-5.2388883,1243.1478,0.0146103185,0.18431524020522388,2.112,data/raw/audio_samples\Actor_21\03-01-06-01-02-02-21.wav,Actor_21,fearful,nervous
-315.81717,70.79369,-27.279629,29.734894,-9.788742,-17.794071,-4.8556104,-26.171478,-14.464381,-0.71849096,-20.774479,-0.06664855,-9.14786,1663.9807,0.033661745,0.15979817708333333,1.888,data/raw/audio_samples\Actor_21\03-01-06-02-01-01-21.wav,Actor_21,fearful,nervous
-304.10468,77.16361,-26.850693,24.03789,-9.096404,-18.171034,-7.6827054,-25.032887,-20.74476,0.36457768,-23.59168,-2.021254,-11.929753,1641.2825,0.0352691,0.13160051618303573,1.76,data/raw/audio_samples\Actor_21\03-01-06-02-01-02-21.wav,Actor_21,fearful,nervous
-277.67096,91.34907,-25.757889,29.118551,-9.059889,-16.267857,-11.751329,-32.141308,-19.38457,-4.060403,-22.704554,-4.080587,-10.926551,1277.0482,0.038137913,0.13603864397321427,1.76,data/raw/audio_samples\Actor_21\03-01-06-02-02-01-21.wav,Actor_21,fearful,nervous
-299.67184,89.64519,-19.827236,28.561386,-7.4432273,-17.597614,-7.8064556,-26.89482,-18.312717,-9.245501,-24.401491,-3.7291706,-11.784658,1410.8419,0.035020236,0.1382480837264151,1.664,data/raw/audio_samples\Actor_21\03-01-06-02-02-02-21.wav,Actor_21,fearful,nervous
-347.68826,95.34248,-12.818875,41.721546,-14.696402,-12.928717,-2.0602396,-24.92134,-10.618269,0.005479295,-19.298832,-6.4448743,-9.658641,1603.1501,0.017857976,0.1269026131465517,1.824,data/raw/audio_samples\Actor_21\03-01-07-01-01-01-21.wav,Actor_21,disgust,nervous
-347.8069,95.15084,-23.93201,42.364372,-14.718034,-13.961458,-3.9359074,-21.644474,-11.456773,2.9846745,-16.57846,-3.3668706,-6.605301,1650.958,0.017772634,0.1351318359375,2.016,data/raw/audio_samples\Actor_21\03-01-07-01-01-02-21.wav,Actor_21,disgust,nervous
-342.99905,95.91765,-16.922049,37.558075,-11.146403,-18.689138,-5.9059706,-24.57894,-10.1172495,-4.087636,-20.594269,-4.9720445,-11.985987,1589.0515,0.018933443,0.15319602272727273,1.728,data/raw/audio_samples\Actor_21\03-01-07-01-02-01-21.wav,Actor_21,disgust,nervous
-326.6006,89.29019,-19.43614,41.805557,-14.695659,-20.578686,-5.716406,-27.989136,-10.150817,-2.3880236,-18.333395,-4.096354,-14.026728,1698.9689,0.018893762,0.15833458533653846,1.632,data/raw/audio_samples\Actor_21\03-01-07-01-02-02-21.wav,Actor_21,disgust,nervous
-384.98495,95.72455,-25.716167,40.01612,-9.733207,-13.1788225,-4.0297785,-18.61332,-5.1674557,1.6429629,-12.576406,-0.6048394,-4.7525053,1672.0024,0.011841809,0.1388897235576923,2.048,data/raw/audio_samples\Actor_21\03-01-07-02-01-01-21.wav,Actor_21,disgust,nervous
-381.1175,97.651596,-23.13239,42.54411,-13.641367,-9.116829,0.663127,-23.253086,-6.8612046,1.9784231,-12.710858,0.34320444,-4.635004,1715.1688,0.012997925,0.13922991071428573,1.984,data/raw/audio_samples\Actor_21\03-01-07-02-01-02-21.wav,Actor_21,disgust,nervous
-375.39667,76.175606,-13.709042,38.780624,-12.415345,-14.875331,-2.953541,-19.795399,-8.126652,-1.2742263,-14.980966,-0.24975179,-7.0210834,1728.591,0.014374003,0.1898918704710145,2.176,data/raw/audio_samples\Actor_21\03-01-07-02-02-01-21.wav,Actor_21,disgust,nervous
-368.26492,89.31942,-13.054839,40.677902,-7.095016,-13.050255,-1.3515668,-20.059572,-9.254697,4.1014476,-11.663917,2.98464,-2.9875386,1676.9099,0.0136909345,0.1738832535282258,1.952,data/raw/audio_samples\Actor_21\03-01-07-02-02-02-21.wav,Actor_21,disgust,nervous
-309.50015,109.91037,-20.44494,26.10538,-15.371938,-20.474829,-7.622868,-31.30722,-13.1763735,-10.889041,-22.476908,-1.5963963,-17.115862,1142.2964,0.025920426,0.09605916341145833,1.504,data/raw/audio_samples\Actor_21\03-01-08-01-01-01-21.wav,Actor_21,surprised,neutral
-316.83563,102.54213,-16.179873,23.826378,-13.740392,-13.935552,-5.4610004,-29.283506,-15.642874,-9.35729,-23.464664,-5.432953,-16.950562,1261.329,0.023775347,0.1001496010638298,1.472,data/raw/audio_samples\Actor_21\03-01-08-01-01-02-21.wav,Actor_21,surprised,neutral
-307.70364,93.07373,-21.25073,21.179106,-16.312206,-14.438807,-12.112583,-30.665657,-14.719863,-14.595052,-26.595243,-5.7104216,-13.143362,1286.8907,0.025335992,0.14582625679347827,1.44,data/raw/audio_samples\Actor_21\03-01-08-01-02-01-21.wav,Actor_21,surprised,neutral
-313.83942,100.860985,-9.851808,18.494358,-13.147888,-14.824785,-10.786728,-28.280895,-10.92646,-12.641884,-23.343824,-9.127015,-13.384558,1144.0463,0.02841293,0.13404756433823528,1.6,data/raw/audio_samples\Actor_21\03-01-08-01-02-02-21.wav,Actor_21,surprised,neutral
-277.69843,77.89703,-16.242224,21.588081,-13.781359,-21.43953,-7.277754,-33.827442,-15.330388,-10.170269,-27.635237,-1.1179043,-15.979179,1516.4083,0.03405411,0.11296530330882353,1.6,data/raw/audio_samples\Actor_21\03-01-08-02-01-01-21.wav,Actor_21,surprised,neutral
-277.594,82.029205,-20.587172,20.271074,-17.648369,-23.843151,-6.173858,-31.619497,-18.731106,-9.601489,-25.629007,-1.9002007,-16.738012,1569.6414,0.032201096,0.11383402122641509,1.664,data/raw/audio_samples\Actor_21\03-01-08-02-01-02-21.wav,Actor_21,surprised,neutral
-287.37906,81.1759,-12.647948,24.340813,-13.203586,-19.535387,-9.578296,-35.969795,-12.321064,-10.461453,-25.809483,-2.017676,-16.056664,1485.1184,0.03133786,0.14910239361702127,1.472,data/raw/audio_samples\Actor_21\03-01-08-02-02-01-21.wav,Actor_21,surprised,neutral
-291.51846,71.774185,-4.8337154,21.881777,-12.679795,-19.716198,-10.747161,-32.35413,-14.088971,-12.797327,-23.67487,-3.897669,-16.8753,1533.6449,0.029018702,0.15816482843137256,1.6,data/raw/audio_samples\Actor_21\03-01-08-02-02-02-21.wav,Actor_21,surprised,neutral
-500.4691,76.04442,-8.684217,5.81146,-9.9649725,-17.032267,-11.8258705,-26.1598,-13.884676,-6.0633163,-13.344085,-6.3376956,-7.63036,1149.1407,0.0048553296,0.10591096698113207,1.664,data/raw/audio_samples\Actor_22\03-01-01-01-01-01-22.wav,Actor_22,neutral,confident
-475.66077,70.22843,-9.1471815,2.383301,-9.24014,-24.31526,-16.188019,-26.665613,-13.152125,-9.951587,-15.708571,-10.589371,-7.5701766,1168.3665,0.005829601,0.11252285571808511,1.472,data/raw/audio_samples\Actor_22\03-01-01-01-01-02-22.wav,Actor_22,neutral,confident
-487.0278,74.384285,-11.58256,-4.665825,-6.2347593,-18.128674,-20.914389,-25.620918,-9.702227,-5.423544,-18.562193,-7.4860487,-4.4777184,982.67535,0.0058796527,0.13062462439903846,1.632,data/raw/audio_samples\Actor_22\03-01-01-01-02-01-22.wav,Actor_22,neutral,confident
-490.03476,70.12546,-2.3289886,3.761618,-6.014287,-14.607287,-18.993267,-27.240976,-12.45312,-5.6431565,-17.306118,-6.8898525,-8.8188715,1136.3177,0.0054558017,0.14128561580882354,1.6,data/raw/audio_samples\Actor_22\03-01-01-01-02-02-22.wav,Actor_22,neutral,confident
-522.6468,70.597534,-1.1292093,5.302699,-4.289402,-16.791567,-15.354019,-21.010649,-10.794282,-9.055494,-16.679342,-5.993051,-8.836338,1470.4329,0.0034711517,0.11328125,1.6,data/raw/audio_samples\Actor_22\03-01-02-01-01-01-22.wav,Actor_22,calm,confident
-524.0957,77.42307,-0.8465619,7.6273775,-4.019035,-14.560154,-10.679499,-20.238499,-10.634259,-7.3462276,-15.333876,-5.854033,-8.310533,1171.7914,0.0037421894,0.096298828125,1.568,data/raw/audio_samples\Actor_22\03-01-02-01-01-02-22.wav,Actor_22,calm,confident
-495.7032,73.22116,-2.2826254,-3.401709,-7.356637,-15.425966,-22.996725,-21.37379,-12.743264,-7.282499,-18.569447,-6.260287,-9.677583,1022.5334,0.0048578773,0.14701960637019232,1.632,data/raw/audio_samples\Actor_22\03-01-02-01-02-01-22.wav,Actor_22,calm,confident
-497.92892,63.883533,1.9406452,0.5061653,-5.457103,-9.701409,-20.262308,-24.784239,-9.878649,-5.635896,-18.553959,-5.315187,-8.228371,1143.6691,0.004393595,0.16359414859693877,1.536,data/raw/audio_samples\Actor_22\03-01-02-01-02-02-22.wav,Actor_22,calm,confident
-521.24976,62.21003,-3.1272774,5.116275,-4.6071258,-12.316212,-9.907069,-14.191313,-10.558102,-6.073914,-15.209576,-7.6317396,-5.3235936,1715.8325,0.0031860978,0.13575075383771928,1.792,data/raw/audio_samples\Actor_22\03-01-02-02-01-01-22.wav,Actor_22,calm,confident
-504.3727,68.38738,-0.15655972,-0.069572315,-8.54594,-16.476255,-11.668587,-16.262354,-8.799726,-7.9566264,-15.359647,-3.7885635,-11.576728,1604.2861,0.004056401,0.1320295662715517,1.824,data/raw/audio_samples\Actor_22\03-01-02-02-01-02-22.wav,Actor_22,calm,confident
-517.9468,68.98733,-8.542598,-2.1897976,-7.811442,-10.496397,-15.690871,-22.537039,-11.837159,-3.2541606,-20.134985,-5.795247,-7.885499,1213.3585,0.003481165,0.16050248579545454,1.728,data/raw/audio_samples\Actor_22\03-01-02-02-02-01-22.wav,Actor_22,calm,confident
-512.18274,66.5829,-2.7685273,0.050841365,-11.165557,-10.398046,-16.515238,-24.366268,-10.892954,-6.529927,-17.764957,-5.0739274,-8.379138,1451.6274,0.0034055954,0.17229707362288135,1.856,data/raw/audio_samples\Actor_22\03-01-02-02-02-02-22.wav,Actor_22,calm,confident
-477.6097,81.8696,-17.627998,-1.3556405,-4.356548,-15.78472,-18.651897,-22.728245,-10.519199,-12.0008135,-15.796732,-7.50608,-12.244905,1124.777,0.0072254753,0.11742750264830508,1.856,data/raw/audio_samples\Actor_22\03-01-03-01-01-01-22.wav,Actor_22,happy,confident
-425.864,74.94796,-34.310493,-1.9157254,-9.183863,-28.066372,-22.50134,-31.097664,-11.244767,-15.056146,-16.400667,-7.3569508,-15.214183,1205.6069,0.00884601,0.11375891644021739,1.44,data/raw/audio_samples\Actor_22\03-01-03-01-01-02-22.wav,Actor_22,happy,confident
-422.30533,65.22974,-19.038614,-5.0058117,-14.033314,-24.020306,-24.921812,-27.840136,-9.364424,-11.803898,-18.13139,-6.4767337,-14.086024,1045.7041,0.009176734,0.14519889987244897,1.536,data/raw/audio_samples\Actor_22\03-01-03-01-02-01-22.wav,Actor_22,happy,confident
-435.01398,75.93181,-16.340631,-9.741863,-3.009963,-20.158203,-23.87837,-29.809204,-11.630115,-11.132116,-18.222956,-4.149144,-16.35751,1040.2573,0.009297924,0.14716198979591838,1.536,data/raw/audio_samples\Actor_22\03-01-03-01-02-02-22.wav,Actor_22,happy,confident
-291.4284,55.449566,-47.5001,-16.954313,-23.165615,-36.24539,-24.235298,-37.03887,-16.96663,-11.180537,-23.08894,-14.856683,-20.26648,1412.2152,0.03356241,0.13056828425480768,1.632,data/raw/audio_samples\Actor_22\03-01-03-02-01-01-22.wav,Actor_22,happy,confident
-308.50986,59.87908,-30.567207,-10.657224,-12.455631,-31.591618,-24.2328,-30.188622,-15.480266,-11.307728,-24.873194,-8.515581,-17.350079,1502.3276,0.029237013,0.12460594846491228,1.792,data/raw/audio_samples\Actor_22\03-01-03-02-01-02-22.wav,Actor_22,happy,confident
-297.29898,45.72606,-19.220339,-18.573376,-10.595379,-27.611906,-24.559706,-34.70314,-13.294125,-17.140839,-27.077074,-8.75067,-20.482866,1180.5238,0.031103455,0.15504738136574073,1.696,data/raw/audio_samples\Actor_22\03-01-03-02-02-01-22.wav,Actor_22,happy,confident
-324.1485,50.337822,-34.501434,-12.915495,-13.666022,-31.979055,-26.664082,-32.919025,-12.567161,-15.350278,-25.585926,-9.733261,-19.132607,1345.3246,0.025091117,0.16791271772540983,1.92,data/raw/audio_samples\Actor_22\03-01-03-02-02-02-22.wav,Actor_22,happy,confident
-471.20175,73.96678,-15.841209,6.96983,-8.660371,-22.693619,-17.927465,-28.443169,-7.4205685,-9.692141,-14.611315,-5.3071613,-8.401972,1526.3146,0.0062348573,0.12255859375,1.664,data/raw/audio_samples\Actor_22\03-01-04-01-01-01-22.wav,Actor_22,sad,nervous
-466.6557,69.27034,-18.626791,0.541017,-7.5860605,-24.0689,-19.80627,-27.837124,-11.944995,-8.558746,-15.866504,-7.0483956,-11.262121,1434.398,0.007445506,0.11327220775462964,1.696,data/raw/audio_samples\Actor_22\03-01-04-01-01-02-22.wav,Actor_22,sad,nervous
-471.11282,57.1656,-10.345407,-3.9876854,-6.1745133,-19.268793,-27.245852,-27.856823,-9.79215,-7.403397,-19.00683,-4.8586183,-10.495874,1123.0978,0.0072635273,0.15554865056818182,1.728,data/raw/audio_samples\Actor_22\03-01-04-01-02-01-22.wav,Actor_22,sad,nervous
-451.96072,56.330265,-4.731547,-8.538333,-8.025369,-15.687416,-26.742636,-28.63568,-9.292992,-9.061304,-18.801727,-3.7484066,-11.841961,1235.113,0.008610942,0.15785688920454546,1.728,data/raw/audio_samples\Actor_22\03-01-04-01-02-02-22.wav,Actor_22,sad,nervous
-448.31564,73.046715,-21.600105,2.654469,-6.9900203,-23.606205,-18.115004,-29.643326,-14.038108,-9.863641,-19.233162,-2.8667064,-13.600864,1576.7784,0.008037836,0.11424877025462964,1.696,data/raw/audio_samples\Actor_22\03-01-04-02-01-01-22.wav,Actor_22,sad,nervous
-435.41132,60.473484,-22.184542,5.3324842,-10.449105,-25.459837,-21.52221,-28.085102,-13.763999,-13.018765,-17.30679,-3.2146149,-14.692218,1377.148,0.010482376,0.11803002450980392,1.6,data/raw/audio_samples\Actor_22\03-01-04-02-01-02-22.wav,Actor_22,sad,nervous
-448.7659,54.05904,-11.754898,-3.2030542,-6.151474,-19.005995,-23.704792,-31.360165,-12.587453,-9.791724,-23.555065,-3.491404,-14.159609,1399.6913,0.009212664,0.17926025390625,1.76,data/raw/audio_samples\Actor_22\03-01-04-02-02-01-22.wav,Actor_22,sad,nervous
-428.3869,57.788876,-17.882988,6.806099,-7.3791437,-23.86769,-24.270792,-31.052944,-15.479872,-9.954776,-21.412647,-1.17125,-15.595533,1302.0742,0.009917676,0.165625,1.888,data/raw/audio_samples\Actor_22\03-01-04-02-02-02-22.wav,Actor_22,sad,nervous
-411.33658,75.158165,-7.759904,6.2563014,-16.802649,-21.59306,-14.260048,-22.660164,-16.73523,-2.3385105,-20.084337,-2.2855022,-15.449516,1499.0693,0.011383851,0.12415241745283019,1.664,data/raw/audio_samples\Actor_22\03-01-05-01-01-01-22.wav,Actor_22,angry,nervous
-426.5929,80.62938,-9.252573,2.0054188,-12.702367,-24.10282,-11.105268,-24.258524,-14.593716,-3.661648,-20.097998,-2.6130443,-15.149065,1409.6089,0.012102292,0.11836299189814815,1.696,data/raw/audio_samples\Actor_22\03-01-05-01-01-02-22.wav,Actor_22,angry,nervous
-389.53806,59.349434,-20.360235,-4.093823,-17.933,-23.975183,-16.952995,-27.026672,-15.921124,-5.75666,-21.55719,-0.56609774,-17.008635,1291.4293,0.014671568,0.17885405441810345,1.824,data/raw/audio_samples\Actor_22\03-01-05-01-02-01-22.wav,Actor_22,angry,nervous
-389.98523,57.60382,-15.316014,-0.2617752,-20.082767,-23.148802,-18.22911,-29.329786,-18.101185,-7.406228,-23.976206,-3.880363,-14.268174,1190.2235,0.016884062,0.16305493551587302,1.984,data/raw/audio_samples\Actor_22\03-01-05-01-02-02-22.wav,Actor_22,angry,nervous
-281.96936,48.792374,-31.813066,0.5435703,-27.781599,-24.135828,-18.968853,-29.74662,-10.081971,-13.0175495,-18.478071,-8.910902,-14.227479,1613.7035,0.040667403,0.14110486260775862,1.824,data/raw/audio_samples\Actor_22\03-01-05-02-01-01-22.wav,Actor_22,angry,nervous
-300.1034,58.242947,-33.596806,-3.8149188,-22.09302,-25.749886,-16.697842,-30.825464,-14.117784,-9.166219,-22.170692,-7.1104984,-18.773344,1518.0558,0.0394272,0.12190193965517242,1.824,data/raw/audio_samples\Actor_22\03-01-05-02-01-02-22.wav,Actor_22,angry,nervous
-257.90665,32.255257,-34.574368,-4.0553665,-26.848827,-24.647636,-21.665562,-34.66023,-15.73805,-12.399559,-20.403114,-4.0031238,-19.362135,1526.1952,0.066173986,0.18000562263257575,2.08,data/raw/audio_samples\Actor_22\03-01-05-02-02-01-22.wav,Actor_22,angry,nervous
-257.9264,30.85371,-39.305473,-3.6633365,-30.814436,-24.982311,-24.162813,-35.020702,-14.285481,-8.689008,-22.763271,-3.955802,-20.751669,1592.1312,0.061420433,0.1859418083639706,2.144,data/raw/audio_samples\Actor_22\03-01-05-02-02-02-22.wav,Actor_22,angry,nervous
-389.88208,49.860004,-21.19474,2.8068633,-12.924874,-28.584505,-23.588188,-30.760742,-12.751278,-14.166889,-14.079911,-8.818896,-16.099442,1451.1029,0.014659803,0.132294921875,1.568,data/raw/audio_samples\Actor_22\03-01-06-01-01-01-22.wav,Actor_22,fearful,nervous
-378.7349,52.70167,-23.854685,1.1355276,-12.3123045,-26.657059,-22.468895,-28.937075,-15.2458935,-12.409708,-19.360989,-4.4426937,-15.865093,1252.4177,0.016977018,0.11951171875,1.568,data/raw/audio_samples\Actor_22\03-01-06-01-01-02-22.wav,Actor_22,fearful,nervous
-386.83157,43.587784,-25.766317,1.4592754,-15.65837,-23.703419,-30.029528,-29.843004,-10.299097,-15.444704,-14.788257,-7.2386365,-10.878643,1386.9473,0.01514171,0.16052698206018517,1.696,data/raw/audio_samples\Actor_22\03-01-06-01-02-01-22.wav,Actor_22,fearful,nervous
-375.50577,54.459915,-20.946623,-2.938351,-10.343012,-30.449373,-28.232384,-31.619915,-9.883427,-10.337805,-18.768562,-3.9614735,-13.74328,1129.1628,0.01534083,0.156318359375,1.568,data/raw/audio_samples\Actor_22\03-01-06-01-02-02-22.wav,Actor_22,fearful,nervous
-300.93073,30.12947,-38.13793,-18.261028,-26.326694,-34.5618,-27.798023,-30.00506,-15.631643,-18.524115,-26.855927,-6.5738764,-23.376854,1390.9001,0.0342644,0.13033123405612246,1.536,data/raw/audio_samples\Actor_22\03-01-06-02-01-01-22.wav,Actor_22,fearful,nervous
-301.09457,30.867096,-40.80484,-11.545528,-24.323557,-33.046318,-30.2799,-31.493637,-13.534085,-22.366335,-18.062252,-9.12133,-21.237112,1462.39,0.03214792,0.15042051977040816,1.536,data/raw/audio_samples\Actor_22\03-01-06-02-01-02-22.wav,Actor_22,fearful,nervous
-292.06714,16.55793,-38.115807,-5.9956155,-21.464447,-40.566677,-33.773228,-30.970612,-14.954413,-21.487396,-21.589933,-6.7403827,-22.156385,1470.1564,0.036480427,0.17840106670673078,1.632,data/raw/audio_samples\Actor_22\03-01-06-02-02-01-22.wav,Actor_22,fearful,nervous
-295.11057,12.045349,-40.277008,-14.963382,-21.538761,-38.057354,-29.461292,-30.641506,-16.746,-21.263638,-21.702402,-3.5928097,-23.634186,1458.8506,0.04207133,0.16324869791666666,1.6,data/raw/audio_samples\Actor_22\03-01-06-02-02-02-22.wav,Actor_22,fearful,nervous
-399.71503,74.260254,-35.115147,1.4631114,-17.590075,-25.959515,-18.004177,-23.051027,-12.163134,-9.091019,-21.429516,-1.2655354,-20.235378,1498.2598,0.0107976645,0.1265587439903846,1.632,data/raw/audio_samples\Actor_22\03-01-07-01-01-01-22.wav,Actor_22,disgust,nervous
-431.8058,90.99829,-40.40789,-6.365513,-12.150852,-30.346048,-15.866648,-22.027866,-17.213621,-0.11083476,-23.530125,0.7290556,-19.280777,1539.9895,0.009050873,0.12132105334051724,1.824,data/raw/audio_samples\Actor_22\03-01-07-01-01-02-22.wav,Actor_22,disgust,nervous
-407.59457,73.664955,-27.191936,-7.204908,-8.240466,-28.646162,-20.993576,-25.691484,-10.633156,-4.727184,-20.663744,2.296796,-20.930746,1186.2776,0.010824318,0.16280691964285715,1.76,data/raw/audio_samples\Actor_22\03-01-07-01-02-01-22.wav,Actor_22,disgust,nervous
-406.4461,71.75511,-28.65017,2.1842175,-10.387606,-23.733807,-19.931572,-27.918137,-7.695683,-4.550432,-21.542707,0.89656407,-18.065886,1297.7798,0.011634333,0.15830414870689655,1.824,data/raw/audio_samples\Actor_22\03-01-07-01-02-02-22.wav,Actor_22,disgust,nervous
-390.6752,55.352016,-29.096516,-2.1522672,-15.671995,-25.65686,-22.633636,-19.600292,-10.670792,-6.839784,-19.964014,-3.5310636,-20.30173,1680.5138,0.012488998,0.15664628623188406,2.176,data/raw/audio_samples\Actor_22\03-01-07-02-01-01-22.wav,Actor_22,disgust,nervous
-400.0301,66.366486,-20.081205,-6.9879694,-19.071976,-26.339264,-16.264755,-18.575956,-17.203688,2.578773,-26.416325,-1.6292703,-15.14739,1700.1951,0.013974307,0.1461855760261194,2.112,data/raw/audio_samples\Actor_22\03-01-07-02-01-02-22.wav,Actor_22,disgust,nervous
-398.7465,46.162365,-22.60024,-3.1358666,-16.588781,-31.143816,-23.174356,-20.490091,-9.947488,-12.408032,-19.397505,-3.5667129,-20.626247,1302.084,0.014673817,0.19310461956521738,2.176,data/raw/audio_samples\Actor_22\03-01-07-02-02-01-22.wav,Actor_22,disgust,nervous
-381.97717,57.473583,-25.093033,0.039093886,-19.73236,-31.42803,-23.116516,-25.006683,-12.762904,-5.19457,-25.539457,-3.9987137,-20.413239,1330.0142,0.017273266,0.15056818181818182,2.08,data/raw/audio_samples\Actor_22\03-01-07-02-02-02-22.wav,Actor_22,disgust,nervous
-356.71982,88.26207,-36.81892,-11.7630415,-19.583817,-31.720188,-19.298489,-29.357529,-14.483365,-9.242763,-26.757736,-6.8330755,-21.113276,1329.4299,0.016231421,0.12663424744897958,1.536,data/raw/audio_samples\Actor_22\03-01-08-01-01-01-22.wav,Actor_22,surprised,neutral
-346.0564,75.45867,-37.778187,-15.097822,-26.924047,-35.589386,-24.352757,-33.920174,-15.51467,-14.284371,-23.554743,-9.596906,-23.471905,1186.024,0.01835397,0.124287109375,1.568,data/raw/audio_samples\Actor_22\03-01-08-01-01-02-22.wav,Actor_22,surprised,neutral
-339.19992,74.50381,-33.540134,-16.433653,-20.877256,-28.636581,-32.631405,-35.21838,-14.244938,-11.118059,-31.09133,-5.872075,-21.763353,1253.8743,0.018297384,0.16153798204787234,1.472,data/raw/audio_samples\Actor_22\03-01-08-01-02-01-22.wav,Actor_22,surprised,neutral
-328.77502,59.014072,-31.944176,-17.190071,-17.13015,-29.16441,-31.983896,-37.92952,-11.753572,-15.915268,-28.658092,-1.471161,-13.260131,1337.1241,0.022604426,0.1712364783653846,1.632,data/raw/audio_samples\Actor_22\03-01-08-01-02-02-22.wav,Actor_22,surprised,neutral
-333.7031,63.976948,-27.23925,-15.704032,-20.177782,-31.28595,-21.493534,-35.08171,-13.133472,-11.022577,-24.419565,-9.763981,-19.928637,1543.5082,0.018451463,0.14957369290865385,1.632,data/raw/audio_samples\Actor_22\03-01-08-02-01-01-22.wav,Actor_22,surprised,neutral
-311.0136,60.058514,-37.763153,-11.963409,-21.508228,-30.234549,-21.352894,-30.787178,-9.901686,-13.006013,-20.60333,-7.0100527,-20.929613,1525.6995,0.024122618,0.1419994212962963,1.696,data/raw/audio_samples\Actor_22\03-01-08-02-01-02-22.wav,Actor_22,surprised,neutral
-298.237,41.745224,-24.059856,-24.323132,-16.698442,-33.89885,-28.729586,-33.84109,-17.307228,-12.218144,-28.396954,-6.0324144,-16.064466,1268.1276,0.031180438,0.1848544034090909,1.728,data/raw/audio_samples\Actor_22\03-01-08-02-02-01-22.wav,Actor_22,surprised,neutral
-319.80008,34.908035,-29.763859,-14.167392,-14.072401,-32.771492,-24.813314,-26.950106,-13.896733,-11.753023,-26.6139,-11.969211,-25.973633,1397.2725,0.024689445,0.19580078125,1.664,data/raw/audio_samples\Actor_22\03-01-08-02-02-02-22.wav,Actor_22,surprised,neutral
-442.60718,103.001114,-29.321848,27.787252,-1.1440886,-17.493776,-10.65877,-18.273405,-22.032164,2.9736307,-15.242849,-0.62352926,-13.669956,1327.4752,0.010129136,0.10015762061403509,1.792,data/raw/audio_samples\Actor_23\03-01-01-01-01-01-23.wav,Actor_23,neutral,confident
-415.55853,102.3145,-34.77655,31.418625,0.8644224,-17.04298,-4.16124,-21.663136,-19.028093,4.143015,-11.858814,-0.4355127,-9.840226,1294.027,0.012087236,0.0984157986111111,1.696,data/raw/audio_samples\Actor_23\03-01-01-01-01-02-23.wav,Actor_23,neutral,confident
-402.90854,97.38925,-37.42258,26.760145,-4.2795095,-19.175142,-9.067383,-24.695816,-21.700304,2.0340075,-14.118814,-2.513893,-10.237462,1287.807,0.01305999,0.12272442511792453,1.664,data/raw/audio_samples\Actor_23\03-01-01-01-02-01-23.wav,Actor_23,neutral,confident
-420.3825,101.02266,-33.079372,26.908802,-1.2662864,-18.477638,-10.363679,-24.661827,-20.080997,1.0531386,-14.56587,-2.024513,-10.526984,1228.3759,0.012436045,0.12563981681034483,1.824,data/raw/audio_samples\Actor_23\03-01-01-01-02-02-23.wav,Actor_23,neutral,confident
-518.1585,103.558685,-5.15661,24.45083,2.960261,-5.4987392,-5.2520084,-12.139288,-12.47007,1.9194087,-9.919373,-5.5249505,-5.9836793,1020.9898,0.005381548,0.13331653225806453,1.952,data/raw/audio_samples\Actor_23\03-01-02-01-01-01-23.wav,Actor_23,calm,confident
-530.1476,92.6862,-6.807553,22.242065,2.4486554,-5.426346,-12.371699,-10.364625,-15.455871,3.1519773,-11.161046,-4.7293057,-8.793291,1185.5304,0.0049360967,0.16427283653846153,2.048,data/raw/audio_samples\Actor_23\03-01-02-01-01-02-23.wav,Actor_23,calm,confident
-506.4406,91.762245,-11.9339,20.725813,-3.0277257,-7.221852,-10.718311,-13.860683,-14.781276,4.0427785,-12.777541,-4.133337,-8.69807,1292.7892,0.007062428,0.2078308990036232,2.176,data/raw/audio_samples\Actor_23\03-01-02-01-02-01-23.wav,Actor_23,calm,confident
-497.83694,91.993034,-11.68211,21.47191,-1.4628361,-9.159291,-8.633647,-15.246807,-14.579851,2.1855648,-13.115013,-5.2978024,-9.356899,1235.7773,0.006728645,0.20259972774621213,2.08,data/raw/audio_samples\Actor_23\03-01-02-01-02-02-23.wav,Actor_23,calm,confident
-520.9734,90.11301,-5.6233797,19.150919,2.1424322,-6.997946,-11.554174,-9.385576,-15.948432,3.6438828,-12.62591,-4.48514,-10.147386,1086.2148,0.0056834673,0.1729540412808642,2.56,data/raw/audio_samples\Actor_23\03-01-02-02-01-01-23.wav,Actor_23,calm,confident
-556.8998,90.719246,-4.61285,18.600586,4.2991834,-4.376672,-9.91024,-8.029967,-14.280173,5.009421,-10.204115,-3.0696657,-8.184529,1064.2137,0.0047986265,0.20926087161144577,2.624,data/raw/audio_samples\Actor_23\03-01-02-02-01-02-23.wav,Actor_23,calm,confident
-518.00507,89.44002,-9.877437,25.210636,4.777012,-7.1841087,-13.777809,-14.435222,-12.858009,4.47725,-11.25426,-4.8134823,-4.6298795,1275.7495,0.0055513494,0.18916590073529413,2.144,data/raw/audio_samples\Actor_23\03-01-02-02-02-01-23.wav,Actor_23,calm,confident
-523.3533,81.57638,-11.116148,20.377127,0.5250095,-6.499065,-9.87713,-12.831522,-13.335463,6.2973404,-13.602141,-2.7830386,-7.006197,1405.3666,0.0067746243,0.22667100694444445,2.56,data/raw/audio_samples\Actor_23\03-01-02-02-02-02-23.wav,Actor_23,calm,confident
-379.92792,91.94811,-33.577232,16.139984,-10.398151,-19.55652,-20.937933,-29.141088,-23.030815,-3.5112274,-16.103287,-5.928792,-18.310167,1145.7156,0.01401417,0.1016646984011628,1.344,data/raw/audio_samples\Actor_23\03-01-03-01-01-01-23.wav,Actor_23,happy,confident
-329.2441,84.64379,-33.423916,9.704905,-11.254542,-19.534954,-19.813189,-26.977438,-21.373688,-5.7425632,-17.941685,-3.5879803,-20.56348,1178.0618,0.022334328,0.11647294207317073,1.28,data/raw/audio_samples\Actor_23\03-01-03-01-01-02-23.wav,Actor_23,happy,confident
-354.78342,82.5724,-30.962969,14.451336,-8.922281,-21.80047,-22.338797,-29.127102,-20.236101,-4.5896645,-18.78224,-3.192361,-19.36268,1138.4365,0.016725527,0.1365908668154762,1.312,data/raw/audio_samples\Actor_23\03-01-03-01-02-01-23.wav,Actor_23,happy,confident
-348.5907,83.589935,-20.159515,16.725298,-6.9362283,-19.297709,-17.704601,-29.794428,-18.83292,-4.0512805,-16.903158,-3.5897937,-17.711962,1143.8722,0.015843315,0.1374114280523256,1.344,data/raw/audio_samples\Actor_23\03-01-03-01-02-02-23.wav,Actor_23,happy,confident
-262.4869,60.763172,-39.967518,-1.257797,-16.9091,-24.409428,-23.095036,-24.356283,-25.391018,-4.688909,-21.344479,-9.511416,-21.157698,1308.2097,0.045573182,0.12369384765625,1.248,data/raw/audio_samples\Actor_23\03-01-03-02-01-01-23.wav,Actor_23,happy,confident
-254.56496,61.48043,-42.428062,-2.6296916,-19.75528,-25.520605,-25.87549,-23.440393,-28.74994,-5.7340136,-17.595985,-12.368831,-24.640915,1266.1072,0.04918421,0.11961638621794872,1.216,data/raw/audio_samples\Actor_23\03-01-03-02-01-02-23.wav,Actor_23,happy,confident
-256.96118,66.554306,-37.307938,-8.050018,-22.06403,-32.360683,-20.547792,-32.837498,-26.531025,-2.8927739,-22.49536,-7.957684,-26.957964,1371.2552,0.044961553,0.1518679887820513,1.216,data/raw/audio_samples\Actor_23\03-01-03-02-02-01-23.wav,Actor_23,happy,confident
-271.46042,76.171394,-35.009987,1.4896307,-22.023027,-26.848364,-18.79342,-34.184326,-26.35794,-2.1310213,-22.845604,-6.4929557,-23.258495,1306.3951,0.038033176,0.13958740234375,1.248,data/raw/audio_samples\Actor_23\03-01-03-02-02-02-23.wav,Actor_23,happy,confident
-470.78976,111.563866,-24.844494,28.37228,6.071025,-6.4828606,-15.432972,-18.192831,-20.403633,-0.7447275,-15.400551,-5.912449,-7.8206344,1332.8059,0.0059701144,0.09822744693396226,1.664,data/raw/audio_samples\Actor_23\03-01-04-01-01-01-23.wav,Actor_23,sad,nervous
-494.42175,103.607956,-17.18311,29.041185,2.2319098,-2.5679986,-13.320739,-13.76315,-16.615654,0.6106862,-14.624122,-6.2852373,-4.238313,1491.9498,0.0061701722,0.1269050973360656,1.92,data/raw/audio_samples\Actor_23\03-01-04-01-01-02-23.wav,Actor_23,sad,nervous
-438.81857,76.5872,-11.4288435,20.69387,-2.1163642,-1.2648906,-18.959158,-14.164158,-19.778757,0.35167298,-14.742878,-3.2235403,-5.404175,1266.0349,0.0087142745,0.19751915564903846,1.632,data/raw/audio_samples\Actor_23\03-01-04-01-02-01-23.wav,Actor_23,sad,nervous
-421.21466,75.99883,-16.758553,22.96788,-2.6983764,-1.2186438,-20.332571,-14.213367,-20.62636,-0.11543722,-13.250826,-3.7780704,-4.590623,1418.8328,0.00920151,0.22028718171296297,1.696,data/raw/audio_samples\Actor_23\03-01-04-01-02-02-23.wav,Actor_23,sad,nervous
-461.62146,79.97664,-9.249166,20.766878,0.6540565,-8.502826,-18.944466,-15.641648,-17.576271,-3.9431837,-13.849526,-0.56279194,-7.78998,1359.0271,0.010579256,0.12573939732142858,2.208,data/raw/audio_samples\Actor_23\03-01-04-02-01-01-23.wav,Actor_23,sad,nervous
-514.74744,77.03244,-20.15097,17.374666,2.133535,-3.7906618,-17.89679,-12.942843,-9.596935,-2.8601046,-13.80925,1.7242454,-3.2637422,1670.1938,0.0075642886,0.19991817989864866,2.336,data/raw/audio_samples\Actor_23\03-01-04-02-01-02-23.wav,Actor_23,sad,nervous
-473.0739,71.44745,-5.740795,7.3219657,-0.16969651,-4.907014,-20.534998,-19.472322,-18.686634,-2.2395287,-20.012909,-1.6212193,-8.38867,1345.7885,0.0075160093,0.18302796378968253,1.984,data/raw/audio_samples\Actor_23\03-01-04-02-02-01-23.wav,Actor_23,sad,nervous
-496.17786,70.2133,-17.592049,20.925005,3.290568,-0.30345225,-21.94422,-14.924465,-7.1385574,-3.7551458,-12.532207,2.1220655,-3.891094,1815.2133,0.0075295307,0.19438083692528735,2.752,data/raw/audio_samples\Actor_23\03-01-04-02-02-02-23.wav,Actor_23,sad,nervous
-273.3587,83.37511,-36.95159,8.180094,-18.367424,-16.916132,-17.47337,-27.518305,-27.408152,-1.8078457,-22.597063,-2.2305946,-12.392137,1364.397,0.034883406,0.11827392578125,1.248,data/raw/audio_samples\Actor_23\03-01-05-01-01-01-23.wav,Actor_23,angry,nervous
-268.5352,79.57976,-31.798075,10.140826,-17.450056,-19.46983,-18.41316,-24.91469,-28.218245,-1.0576563,-24.11515,-3.525286,-15.533262,1406.503,0.035695728,0.12745331554878048,1.28,data/raw/audio_samples\Actor_23\03-01-05-01-01-02-23.wav,Actor_23,angry,nervous
-274.32965,79.98181,-34.69295,9.434136,-15.760678,-19.019505,-16.808556,-24.306631,-24.297977,-6.4638805,-21.066761,-5.944732,-16.7584,1318.3298,0.03361952,0.15040253429878048,1.28,data/raw/audio_samples\Actor_23\03-01-05-01-02-01-23.wav,Actor_23,angry,nervous
-279.62866,71.284546,-28.645027,5.178867,-18.244429,-24.200851,-17.641449,-23.512665,-30.580624,-1.5022343,-25.98723,-9.007317,-14.993536,1418.2766,0.032008596,0.15575036337209303,1.344,data/raw/audio_samples\Actor_23\03-01-05-01-02-02-23.wav,Actor_23,angry,nervous
-197.82431,51.757668,-42.81047,-1.6087158,-26.069613,-18.303972,-19.11015,-16.502342,-29.738703,-4.0088477,-14.694101,-7.35658,-13.004312,1508.8007,0.09270111,0.14574085582386365,1.376,data/raw/audio_samples\Actor_23\03-01-05-02-01-01-23.wav,Actor_23,angry,nervous
-188.41905,53.351955,-53.157536,-1.4168864,-29.975643,-19.914911,-21.305487,-20.898245,-27.208906,-8.873606,-18.581015,-6.162241,-18.565636,1471.1482,0.09785159,0.14097036966463414,1.28,data/raw/audio_samples\Actor_23\03-01-05-02-01-02-23.wav,Actor_23,angry,nervous
-172.94768,38.80056,-54.8695,-7.292856,-23.799541,-16.45825,-27.743793,-20.704996,-25.82386,-8.962043,-16.81392,-4.9165525,-17.950344,1533.9288,0.12176703,0.1767064144736842,1.184,data/raw/audio_samples\Actor_23\03-01-05-02-02-01-23.wav,Actor_23,angry,nervous
-208.71727,43.536957,-45.35641,-3.670529,-24.773815,-20.289356,-19.938816,-22.864252,-27.71539,-7.3936367,-21.619146,-8.149026,-20.119774,1515.5338,0.09897166,0.17143435594512196,1.28,data/raw/audio_samples\Actor_23\03-01-05-02-02-02-23.wav,Actor_23,angry,nervous
-367.02884,88.29731,-21.55763,25.102806,-5.5839715,-8.852163,-16.779549,-20.834171,-14.523677,-1.5795004,-13.838454,-3.107392,-10.145143,1428.2521,0.012834664,0.1317632147606383,1.472,data/raw/audio_samples\Actor_23\03-01-06-01-01-01-23.wav,Actor_23,fearful,nervous
-421.52524,97.74363,-21.444862,23.682373,-1.4218072,-4.2488813,-12.626395,-19.361143,-19.568628,5.1466236,-19.78056,-1.8271899,-8.5060215,1326.4823,0.00803375,0.10184832317073171,1.28,data/raw/audio_samples\Actor_23\03-01-06-01-01-02-23.wav,Actor_23,fearful,nervous
-394.7922,85.10923,-21.751451,24.804508,0.9981638,-9.165438,-19.315723,-23.950628,-21.591497,1.7201023,-18.915314,-2.1462176,-12.189304,1235.9539,0.0113232015,0.11981366131756757,1.152,data/raw/audio_samples\Actor_23\03-01-06-01-02-01-23.wav,Actor_23,fearful,nervous
-401.0209,88.50299,-22.024448,19.571928,-3.8677669,-6.987633,-21.485918,-23.38055,-21.008112,-3.07369,-15.330937,-2.4696138,-10.912465,1246.0508,0.010074569,0.12358655427631579,1.184,data/raw/audio_samples\Actor_23\03-01-06-01-02-02-23.wav,Actor_23,fearful,nervous
-331.93814,75.35354,-34.78294,18.265009,-12.291364,-21.40152,-19.565653,-24.165941,-19.172129,-3.4220448,-22.085175,-0.9100172,-17.047304,1303.7837,0.026556605,0.11200968424479167,1.504,data/raw/audio_samples\Actor_23\03-01-06-02-01-01-23.wav,Actor_23,fearful,nervous
-324.26083,73.88069,-31.634388,19.943712,-14.372839,-14.3091135,-19.780506,-23.038343,-20.037193,-5.4474463,-18.55186,-1.1469156,-15.912272,1563.0105,0.02604349,0.12355638586956522,1.44,data/raw/audio_samples\Actor_23\03-01-06-02-01-02-23.wav,Actor_23,fearful,nervous
-249.49475,67.39918,-34.384758,8.632947,-18.46059,-24.576235,-26.187601,-24.201506,-26.38446,-1.5224694,-26.19021,-2.5304382,-12.984508,1495.0897,0.03969031,0.15936013926630435,1.44,data/raw/audio_samples\Actor_23\03-01-06-02-02-01-23.wav,Actor_23,fearful,nervous
-292.92288,70.27906,-25.505316,11.184239,-8.860425,-16.4531,-22.797634,-24.213858,-21.47412,-2.4724123,-23.590923,-1.4698287,-13.175947,1500.9589,0.027985407,0.15783442283163265,1.536,data/raw/audio_samples\Actor_23\03-01-06-02-02-02-23.wav,Actor_23,fearful,nervous
-408.76013,82.04914,-8.517809,18.565075,-3.8486736,1.2106935,-14.2825985,-8.613815,-18.944523,3.7937033,-12.413888,-6.073787,-3.8610225,1503.4624,0.008205799,0.14654071514423078,1.632,data/raw/audio_samples\Actor_23\03-01-07-01-01-01-23.wav,Actor_23,disgust,nervous
-416.03275,83.53235,-11.676622,21.464348,-5.876536,-3.977449,-15.527965,-12.083807,-16.217005,1.8747722,-11.017652,-4.279853,-5.5904913,1565.5365,0.007282042,0.15613511029411764,1.6,data/raw/audio_samples\Actor_23\03-01-07-01-01-02-23.wav,Actor_23,disgust,nervous
-434.4467,71.47962,-0.6403549,15.537719,-2.777336,-1.3487191,-19.752577,-10.304622,-13.769825,-1.0239694,-12.173541,-4.8633437,-3.9870057,1483.9268,0.0066854903,0.2121322307180851,1.472,data/raw/audio_samples\Actor_23\03-01-07-01-02-01-23.wav,Actor_23,disgust,nervous
-411.00842,77.4856,-2.683774,13.974573,-6.13647,-1.3026236,-20.81484,-16.807648,-16.03473,-3.6747184,-16.772842,-5.35342,-9.424686,1606.8877,0.0086118635,0.1905850497159091,1.376,data/raw/audio_samples\Actor_23\03-01-07-01-02-02-23.wav,Actor_23,disgust,nervous
-412.97552,66.41341,-7.951171,12.179229,-5.5160394,-5.879992,-10.46462,-12.148458,-18.175812,-0.057441242,-13.677491,-2.1811018,-9.084599,1473.5546,0.015150244,0.18740382339015152,2.08,data/raw/audio_samples\Actor_23\03-01-07-02-01-01-23.wav,Actor_23,disgust,nervous
-389.69162,73.59391,-8.274176,16.62313,-10.747753,-7.467805,-12.372402,-13.455249,-18.949663,-0.8087292,-16.504717,-2.7164023,-8.336376,1518.6292,0.013879137,0.14740397135416666,1.888,data/raw/audio_samples\Actor_23\03-01-07-02-01-02-23.wav,Actor_23,disgust,nervous
-364.72546,70.09836,-5.1055317,12.266872,-1.734479,-8.909134,-17.968752,-15.060044,-19.809084,-3.4084623,-19.956745,-5.4650564,-10.423409,1245.1913,0.017605033,0.20823053728070176,1.792,data/raw/audio_samples\Actor_23\03-01-07-02-02-01-23.wav,Actor_23,disgust,nervous
-374.49515,66.73969,-1.6009777,13.691738,-4.3459816,-13.053224,-14.529141,-19.81018,-21.574518,-0.5723274,-20.62299,-4.1064706,-12.188923,1500.5396,0.015300936,0.20876549030172414,1.824,data/raw/audio_samples\Actor_23\03-01-07-02-02-02-23.wav,Actor_23,disgust,nervous
-285.10873,87.07965,-37.457287,14.593845,-15.85311,-21.641012,-28.497112,-28.625265,-21.336248,-0.7896757,-20.243818,-4.981359,-18.015848,1489.6155,0.02843704,0.12796541539634146,1.28,data/raw/audio_samples\Actor_23\03-01-08-01-01-01-23.wav,Actor_23,surprised,neutral
-294.6543,91.61487,-39.953175,13.679277,-12.408591,-26.64746,-26.170528,-25.646358,-21.999613,2.8007956,-24.371328,-2.8456461,-18.682722,1331.163,0.027058488,0.11172876602564102,1.216,data/raw/audio_samples\Actor_23\03-01-08-01-01-02-23.wav,Actor_23,surprised,neutral
-272.34738,85.0491,-35.289055,4.9065423,-10.890837,-21.104704,-24.122032,-25.273783,-23.73642,3.9790306,-19.593554,-8.333404,-16.03939,1275.2567,0.032311432,0.14954506478658536,1.28,data/raw/audio_samples\Actor_23\03-01-08-01-02-01-23.wav,Actor_23,surprised,neutral
-275.3025,85.23326,-41.916897,0.45031697,-17.034096,-22.91432,-27.78402,-28.737555,-23.89264,-3.1125867,-19.792126,-11.656442,-18.316454,1266.3876,0.03391346,0.13957698170731708,1.28,data/raw/audio_samples\Actor_23\03-01-08-01-02-02-23.wav,Actor_23,surprised,neutral
-284.8431,68.76666,-35.871,7.736667,-9.95162,-24.859045,-31.152716,-20.791927,-22.408037,-3.392594,-21.83842,-11.098842,-19.809422,1467.184,0.03361883,0.16878947805851063,1.472,data/raw/audio_samples\Actor_23\03-01-08-02-01-01-23.wav,Actor_23,surprised,neutral
-263.26785,75.57692,-39.92562,0.36988902,-18.334337,-23.49584,-32.95901,-23.507727,-21.44419,-3.9957116,-20.55993,-6.302187,-22.969057,1400.0983,0.04010858,0.12678279433139536,1.344,data/raw/audio_samples\Actor_23\03-01-08-02-01-02-23.wav,Actor_23,surprised,neutral
-243.54387,60.55807,-41.428375,-8.979322,-22.498623,-22.660275,-32.829548,-25.507816,-24.194494,-6.9179606,-19.394413,-12.920776,-22.13005,1398.0354,0.04812073,0.18025716145833334,1.312,data/raw/audio_samples\Actor_23\03-01-08-02-02-01-23.wav,Actor_23,surprised,neutral
-252.78241,62.596657,-41.06967,-4.453557,-17.756607,-24.25507,-30.484991,-24.392738,-23.615923,-4.5070386,-19.6626,-11.55885,-18.951212,1319.9105,0.03973462,0.15770293445121952,1.28,data/raw/audio_samples\Actor_23\03-01-08-02-02-02-23.wav,Actor_23,surprised,neutral
-510.38263,74.173256,-20.582865,-3.1466854,-24.499935,-19.767408,-32.955948,-20.340166,-17.266928,-16.62208,-9.166663,-11.748206,-10.513474,1186.0531,0.0056001353,0.1334906684027778,1.696,data/raw/audio_samples\Actor_24\03-01-01-01-01-01-24.wav,Actor_24,neutral,confident
-489.92474,66.59975,-31.009613,-0.019391155,-30.97153,-19.628563,-33.304768,-21.879362,-14.515119,-19.376417,-9.043132,-11.050428,-13.892616,1448.7299,0.0051671304,0.1440982458726415,1.664,data/raw/audio_samples\Actor_24\03-01-01-01-01-02-24.wav,Actor_24,neutral,confident
-485.4086,68.47522,-17.196543,-2.711262,-26.383038,-18.61897,-35.924183,-15.089149,-15.05442,-13.008153,-2.8604434,-13.73947,-6.801206,1101.4155,0.006322768,0.13062905365566038,1.664,data/raw/audio_samples\Actor_24\03-01-01-01-02-01-24.wav,Actor_24,neutral,confident
-477.76257,59.26541,-12.247131,-3.112118,-21.94228,-21.795412,-37.85151,-18.9188,-17.619562,-15.519985,-4.5947566,-10.408764,-10.438146,1259.0093,0.007954651,0.15796875,1.568,data/raw/audio_samples\Actor_24\03-01-01-01-02-02-24.wav,Actor_24,neutral,confident
-551.04193,65.530235,-14.774978,3.2135339,-17.731194,-18.942987,-34.86026,-20.393211,-17.177216,-14.798325,-11.218821,-15.813939,-9.143769,1412.1613,0.002961218,0.13245567908653846,1.632,data/raw/audio_samples\Actor_24\03-01-02-01-01-01-24.wav,Actor_24,calm,confident
-547.16284,73.338844,-12.801233,0.41564018,-20.614218,-14.388001,-26.828392,-20.82296,-12.550798,-11.688681,-9.599271,-12.850649,-6.7017717,1218.2992,0.0031422265,0.12849308894230768,1.632,data/raw/audio_samples\Actor_24\03-01-02-01-01-02-24.wav,Actor_24,calm,confident
-547.78796,53.32772,2.3765883,3.258831,-14.290312,-12.322644,-25.917555,-8.73029,-15.794357,-5.9615445,-8.987539,-11.984809,-6.2847915,1140.2666,0.0032298644,0.16300589139344263,1.92,data/raw/audio_samples\Actor_24\03-01-02-01-02-01-24.wav,Actor_24,calm,confident
-506.8343,58.577038,-2.1779125,-3.7232897,-6.972587,-16.295462,-21.707685,-16.812014,-15.348897,-11.499768,-9.139403,-11.755337,-9.084342,1011.9186,0.0050570164,0.18052201704545454,1.728,data/raw/audio_samples\Actor_24\03-01-02-01-02-02-24.wav,Actor_24,calm,confident
-505.2716,65.09674,-24.707184,-3.8567379,-22.61281,-18.873577,-26.957384,-15.770136,-16.319107,-13.035893,-7.751102,-13.230759,-10.221796,1567.0056,0.005232712,0.16039299242424243,2.08,data/raw/audio_samples\Actor_24\03-01-02-02-01-01-24.wav,Actor_24,calm,confident
-522.7786,66.92792,-10.59017,6.283083,-16.431501,-13.286011,-23.10472,-15.149094,-19.093348,-5.4744015,-9.83724,-14.174413,-6.0809402,1368.3418,0.0036286383,0.13267933238636365,2.08,data/raw/audio_samples\Actor_24\03-01-02-02-01-02-24.wav,Actor_24,calm,confident
-534.12195,65.50828,-3.4842408,-6.9768867,-19.654554,-19.42514,-19.459698,-18.121944,-21.11484,-6.9590454,-9.732167,-13.3625555,-6.6359158,1030.3997,0.0041030115,0.16230010986328125,2.016,data/raw/audio_samples\Actor_24\03-01-02-02-02-01-24.wav,Actor_24,calm,confident
-503.97086,55.5639,-10.143425,-4.2050624,-12.159601,-17.453354,-16.782963,-17.243486,-19.403479,-5.3511505,-12.947456,-13.803097,-8.332427,1091.4385,0.0045810775,0.17234141791044777,2.112,data/raw/audio_samples\Actor_24\03-01-02-02-02-02-24.wav,Actor_24,calm,confident
-451.7066,69.28621,-26.498608,-2.5683637,-25.89419,-18.584858,-23.777935,-20.686035,-16.060394,-19.85328,-4.6192575,-14.752473,-8.250538,1575.2295,0.0075891186,0.14216643688725492,1.6,data/raw/audio_samples\Actor_24\03-01-03-01-01-01-24.wav,Actor_24,happy,confident
-450.91272,67.54805,-36.810062,9.007477,-22.944008,-18.978615,-22.497591,-18.751184,-11.063039,-17.678255,-3.280636,-12.789869,-10.222189,1525.0626,0.0071833488,0.12782389322916668,1.888,data/raw/audio_samples\Actor_24\03-01-03-01-01-02-24.wav,Actor_24,happy,confident
-444.40714,78.20391,-42.493,-6.4634666,-22.740213,-19.459684,-30.005249,-18.53981,-15.289681,-11.990578,-5.223513,-15.705907,-8.219383,1161.3821,0.0077916547,0.141937255859375,1.504,data/raw/audio_samples\Actor_24\03-01-03-01-02-01-24.wav,Actor_24,happy,confident
-424.40933,50.984947,-31.055126,-5.7014093,-22.745066,-24.395357,-28.320295,-17.930168,-20.453125,-13.9393215,-7.5873766,-16.897455,-9.516219,981.0808,0.011661406,0.18134765625,1.728,data/raw/audio_samples\Actor_24\03-01-03-01-02-02-24.wav,Actor_24,happy,confident
-333.9155,43.699833,-42.001072,8.242209,-33.751656,-14.30858,-19.22243,-12.933503,-5.9465117,-17.024317,5.339895,-15.020438,-2.0315592,1729.562,0.021987537,0.14851888020833334,1.888,data/raw/audio_samples\Actor_24\03-01-03-02-01-01-24.wav,Actor_24,happy,confident
-333.9822,48.145046,-37.696537,16.261171,-32.31496,-12.06381,-19.8606,-11.554486,-3.4369779,-17.843143,10.634837,-6.8403134,-5.253023,1538.8613,0.024125652,0.13990639740566038,1.664,data/raw/audio_samples\Actor_24\03-01-03-02-01-02-24.wav,Actor_24,happy,confident
-344.05524,33.54285,-35.45516,-5.6843734,-28.0782,-24.160355,-25.992792,-22.339142,-12.3707,-15.582533,-2.9202595,-18.601065,-5.6060963,1281.6305,0.023126554,0.17972887976694915,1.856,data/raw/audio_samples\Actor_24\03-01-03-02-02-01-24.wav,Actor_24,happy,confident
-304.52213,20.813654,-41.749416,-19.280346,-35.75598,-25.99575,-25.618258,-21.340958,-14.870254,-20.092585,-10.278272,-17.520922,-7.994449,1226.2145,0.038339194,0.17796167834051724,1.824,data/raw/audio_samples\Actor_24\03-01-03-02-02-02-24.wav,Actor_24,happy,confident
-537.7664,75.40426,-7.9766035,3.1439419,-12.873997,-20.879856,-21.13998,-14.906481,-15.581532,-13.137201,-10.759997,-9.60327,-4.516432,1369.5577,0.0036146876,0.1389007568359375,2.016,data/raw/audio_samples\Actor_24\03-01-04-01-01-01-24.wav,Actor_24,sad,nervous
-546.08746,77.328476,-1.1177329,8.384504,-13.26695,-11.837338,-22.64254,-10.921375,-9.375861,-12.98855,-6.0746465,-7.109771,-1.1703012,1524.7184,0.0029926363,0.13276524697580644,1.952,data/raw/audio_samples\Actor_24\03-01-04-01-01-02-24.wav,Actor_24,sad,nervous
-492.63907,67.36962,-17.57044,-5.3466134,-28.937717,-14.199822,-37.126038,-22.724133,-20.073057,-16.183407,-5.5295076,-16.60119,-4.408139,1075.9059,0.0063477634,0.14212168817934784,1.44,data/raw/audio_samples\Actor_24\03-01-04-01-02-01-24.wav,Actor_24,sad,nervous
-499.01804,63.13721,2.2818513,2.510025,-20.110893,-15.176082,-19.097466,-13.881776,-20.741692,-6.0361156,-9.435201,-7.0388365,-6.436326,1223.5664,0.004667748,0.20062614889705882,1.6,data/raw/audio_samples\Actor_24\03-01-04-01-02-02-24.wav,Actor_24,sad,nervous
-424.9761,52.956886,-42.604576,-0.16255984,-35.73356,-25.920332,-30.062922,-34.197105,0.10779149,-15.166456,-12.212606,6.2473464,-19.077883,1659.9642,0.015062213,0.14538244298986486,2.336,data/raw/audio_samples\Actor_24\03-01-04-02-01-01-24.wav,Actor_24,sad,nervous
-431.21484,72.64751,-26.557892,3.550256,-34.084305,-14.5463085,-18.614183,-25.218622,-1.2662348,-15.253588,-3.7470162,-1.4592661,-10.704579,1545.8368,0.00998277,0.143756103515625,2.528,data/raw/audio_samples\Actor_24\03-01-04-02-01-02-24.wav,Actor_24,sad,nervous
-403.23325,56.03459,-25.251316,-5.2240777,-23.559937,-21.47654,-29.309696,-27.912798,-3.8398468,-21.25904,-5.9247985,-0.96297234,-17.678171,1483.8617,0.011706963,0.20973772321428572,2.208,data/raw/audio_samples\Actor_24\03-01-04-02-02-01-24.wav,Actor_24,sad,nervous
-535.0568,58.665077,-6.520604,-9.473809,-19.108713,-13.839795,-19.402586,-22.650259,-11.747632,-12.969988,-7.582797,-5.2685223,-10.381893,1323.8403,0.0045965076,0.24068859011627908,2.72,data/raw/audio_samples\Actor_24\03-01-04-02-02-02-24.wav,Actor_24,sad,nervous
-324.53415,47.687744,-38.206806,-4.0469384,-39.34217,-11.325578,-21.736893,-22.045807,-4.647032,-18.319279,2.0580463,-11.718791,-8.284062,1535.2645,0.029530803,0.15818023681640625,2.016,data/raw/audio_samples\Actor_24\03-01-05-01-01-01-24.wav,Actor_24,angry,nervous
-294.45166,44.785416,-38.657135,-4.6726093,-34.249874,-17.928623,-19.386282,-21.583344,-9.026986,-13.152915,-1.4725074,-6.439512,-11.243155,1601.7799,0.036507,0.15052881780660377,1.664,data/raw/audio_samples\Actor_24\03-01-05-01-01-02-24.wav,Actor_24,angry,nervous
-333.85632,48.78031,-32.508957,4.1247745,-34.937325,-15.868999,-28.280592,-25.348658,-8.110518,-14.027314,3.4470382,-8.889018,-9.168131,1259.8984,0.02702612,0.18513229658018868,1.664,data/raw/audio_samples\Actor_24\03-01-05-01-02-01-24.wav,Actor_24,angry,nervous
-325.20844,45.808643,-39.177605,-4.602529,-35.365726,-22.116776,-22.36736,-27.506365,-6.6462865,-12.347468,-0.8859861,-12.415851,-8.473981,1337.1777,0.033619247,0.19527711730072464,2.176,data/raw/audio_samples\Actor_24\03-01-05-01-02-02-24.wav,Actor_24,angry,nervous
-258.5781,32.41423,-33.34281,-7.1225233,-48.592354,-9.669012,-20.999653,-21.126137,-9.71183,-20.644522,5.062375,-17.632708,-6.4544,1679.1414,0.06275596,0.16230044157608695,2.176,data/raw/audio_samples\Actor_24\03-01-05-02-01-01-24.wav,Actor_24,angry,nervous
-286.8121,34.788086,-40.43236,-5.1592507,-41.95214,-14.964339,-19.52052,-24.28788,-5.340809,-21.43275,5.1735606,-11.154099,-11.6124325,1682.435,0.047800552,0.16263303894927536,2.176,data/raw/audio_samples\Actor_24\03-01-05-02-01-02-24.wav,Actor_24,angry,nervous
-321.84042,48.268425,-26.597223,-8.777231,-31.375671,-16.0827,-27.468126,-22.332146,-9.9098625,-12.161696,4.4764457,-9.635074,-5.316973,1424.7029,0.033558335,0.20446954257246377,2.176,data/raw/audio_samples\Actor_24\03-01-05-02-02-01-24.wav,Actor_24,angry,nervous
-362.64664,22.941587,-25.404438,-9.955225,-35.970123,-8.38417,-23.21179,-17.161285,-9.264302,-12.839597,3.3831208,-11.367633,-8.951369,1506.1777,0.032419223,0.22578729059278352,3.072,data/raw/audio_samples\Actor_24\03-01-05-02-02-02-24.wav,Actor_24,angry,nervous
-332.25186,37.204865,-26.613974,-9.682799,-28.008928,-13.68834,-30.208145,-11.878859,-13.486875,-16.787066,-1.9719763,-13.29469,-5.338094,1554.5615,0.028247725,0.15765591325431033,1.824,data/raw/audio_samples\Actor_24\03-01-06-01-01-01-24.wav,Actor_24,fearful,nervous
-326.40735,29.930914,-37.838253,-12.844909,-35.89269,-16.81915,-27.811926,-17.140095,-12.808481,-15.642328,-6.42632,-13.949559,-8.539947,1765.0056,0.022576107,0.19952101934523808,1.984,data/raw/audio_samples\Actor_24\03-01-06-01-01-02-24.wav,Actor_24,fearful,nervous
-340.77954,25.065794,-15.836417,-15.4993515,-28.64466,-21.568075,-22.713274,-18.882284,-15.489561,-16.08498,-11.464523,-12.301062,-14.419943,1494.9371,0.02642473,0.21143434758771928,1.792,data/raw/audio_samples\Actor_24\03-01-06-01-02-01-24.wav,Actor_24,fearful,nervous
-345.51508,29.888865,-20.588272,-10.269234,-28.717136,-11.323663,-27.774527,-14.529169,-14.670615,-13.939296,-9.594566,-9.797867,-8.842554,1511.0472,0.021315701,0.21439422123015872,1.984,data/raw/audio_samples\Actor_24\03-01-06-01-02-02-24.wav,Actor_24,fearful,nervous
-264.7991,13.404559,-70.765884,-17.50187,-41.59661,-33.702137,-40.118633,-28.332163,-4.3089075,1.8644594,27.418291,24.626186,19.078064,1578.9552,0.07474951,0.13957868303571427,1.76,data/raw/audio_samples\Actor_24\03-01-06-02-01-01-24.wav,Actor_24,fearful,nervous
-332.52957,22.975975,-42.20471,-18.390375,-36.546665,-23.172796,-24.80427,-22.165264,-13.562363,-13.280688,3.9463115,17.983976,27.11932,1682.3684,0.040114515,0.19676106770833332,1.888,data/raw/audio_samples\Actor_24\03-01-06-02-01-02-24.wav,Actor_24,fearful,nervous
-284.1201,-4.8514295,-59.20401,-24.554766,-33.37027,-36.07769,-42.057247,-33.110725,-3.109118,8.1344385,29.191826,32.35293,20.741545,1384.8842,0.073733695,0.19009765625,1.568,data/raw/audio_samples\Actor_24\03-01-06-02-02-01-24.wav,Actor_24,fearful,nervous
-270.92618,-5.0984263,-62.60098,-32.633713,-31.341263,-35.412502,-36.274567,-29.497545,-1.230876,16.335588,39.488255,32.923573,7.785445,1578.4347,0.09211368,0.17853414601293102,1.824,data/raw/audio_samples\Actor_24\03-01-06-02-02-02-24.wav,Actor_24,fearful,nervous
-429.1492,73.00772,-37.882057,-2.4921958,-37.66227,-17.239416,-26.107418,-23.728945,-13.849734,-11.9939375,-8.3203125,-10.123571,-6.907605,1332.5186,0.010312638,0.11658599411231885,2.176,data/raw/audio_samples\Actor_24\03-01-07-01-01-01-24.wav,Actor_24,disgust,nervous
-392.9859,67.643875,-34.656467,0.9182638,-36.64017,-16.486944,-26.674732,-17.26959,-6.80349,-14.651374,-8.552457,-8.032017,-12.577334,1625.898,0.011880188,0.147265625,2.048,data/raw/audio_samples\Actor_24\03-01-07-01-01-02-24.wav,Actor_24,disgust,nervous
-408.18536,44.52153,-32.242737,-1.9706297,-39.606167,-18.227625,-38.188587,-20.926428,-14.065488,-19.20107,-0.8698079,-14.084577,-8.846408,1199.91,0.011838416,0.21464998759920634,1.984,data/raw/audio_samples\Actor_24\03-01-07-01-02-01-24.wav,Actor_24,disgust,nervous
-388.88745,65.879265,-34.67774,-5.822536,-32.018536,-22.297564,-32.337994,-28.057528,-8.370407,-9.32995,-13.080536,-0.41539606,-16.808254,1285.3251,0.013297717,0.20791163589015152,2.08,data/raw/audio_samples\Actor_24\03-01-07-01-02-02-24.wav,Actor_24,disgust,nervous
-446.66354,73.725845,-18.395134,-14.646677,-33.517216,-12.628317,-30.543598,-19.455038,-2.638899,-11.204358,-3.6584728,-5.7148576,-7.619853,1438.5902,0.005310022,0.17918602195945946,2.336,data/raw/audio_samples\Actor_24\03-01-07-02-01-01-24.wav,Actor_24,disgust,nervous
-339.8716,31.826582,-37.30345,-13.280352,-31.046156,-17.692842,-24.426222,-9.560092,-5.9681683,-13.276065,-3.3734267,-5.9937916,-12.723283,1707.6511,0.021882856,0.17370918469551283,2.464,data/raw/audio_samples\Actor_24\03-01-07-02-01-02-24.wav,Actor_24,disgust,nervous
-342.35162,38.01714,-44.4521,-16.10172,-32.121742,-25.461643,-36.33862,-18.151505,-11.910069,-13.46241,-6.6155853,-13.948011,-10.620644,1143.46,0.025740635,0.20717620849609375,2.016,data/raw/audio_samples\Actor_24\03-01-07-02-02-01-24.wav,Actor_24,disgust,nervous
-354.541,25.291973,-30.792791,-11.064393,-34.000767,-28.069979,-33.456264,-21.334972,-12.784136,-9.42319,-9.8679085,-11.510561,-14.5127945,1339.6304,0.022663081,0.20420713682432431,2.336,data/raw/audio_samples\Actor_24\03-01-07-02-02-02-24.wav,Actor_24,disgust,nervous
-452.6425,54.64093,-15.880372,-9.70617,-26.883905,-13.66101,-28.202074,-16.494177,-19.887808,-13.534137,-15.6675205,-16.684984,-7.6230006,1298.0424,0.0061343554,0.15101517078488372,1.344,data/raw/audio_samples\Actor_24\03-01-08-01-01-01-24.wav,Actor_24,surprised,neutral
-327.54175,65.90064,-35.14608,-21.172846,-33.38092,-22.294521,-38.630432,-17.48718,-15.391266,-20.982294,-12.168041,-14.26594,-0.257892,1378.1051,0.019639218,0.15158913352272727,1.376,data/raw/audio_samples\Actor_24\03-01-08-01-01-02-24.wav,Actor_24,surprised,neutral
-360.32916,45.965847,-22.7628,-12.22028,-24.704607,-18.15321,-31.354458,-15.206781,-17.567158,-13.328748,-6.087425,-14.919888,-4.0911436,1308.3025,0.015146346,0.19934895833333333,1.408,data/raw/audio_samples\Actor_24\03-01-08-01-02-01-24.wav,Actor_24,surprised,neutral
-358.70294,35.28198,-35.348732,-17.36267,-35.736397,-20.929005,-43.454967,-17.220182,-18.908108,-17.595467,-11.407015,-11.884396,6.267943,1234.872,0.018282901,0.18827039930555556,1.408,data/raw/audio_samples\Actor_24\03-01-08-01-02-02-24.wav,Actor_24,surprised,neutral
-328.51715,67.19777,-33.276108,-19.944172,-37.535667,-23.207138,-25.375692,-21.852118,-12.227167,-17.379759,6.5233307,-5.568572,-1.1405879,1403.8572,0.0253707,0.15440631734913793,1.824,data/raw/audio_samples\Actor_24\03-01-08-02-01-01-24.wav,Actor_24,surprised,neutral
-335.08337,48.55334,-36.620884,-13.169172,-38.4746,-26.823736,-26.579197,-18.986847,-5.688152,-11.444962,4.544655,-7.8532143,-2.4612288,1703.1478,0.021111298,0.1826412013319672,1.92,data/raw/audio_samples\Actor_24\03-01-08-02-01-02-24.wav,Actor_24,surprised,neutral
-286.53558,32.092842,-12.127311,-12.990211,-27.445053,-9.686455,-25.545229,-2.2623708,-18.334211,-9.7273,-11.112116,-15.242004,-4.3631206,1780.9642,0.028620422,0.20976200810185186,1.696,data/raw/audio_samples\Actor_24\03-01-08-02-02-01-24.wav,Actor_24,surprised,neutral
-319.49557,46.690178,-15.920664,-18.189964,-17.348782,-24.118975,-19.6233,-21.965311,-17.283754,-14.525191,-17.42522,-8.632899,-6.6912594,1267.89,0.026667569,0.2023419074292453,1.664,data/raw/audio_samples\Actor_24\03-01-08-02-02-02-24.wav,Actor_24,surprised,neutral
