mfcc_0,mfcc_1,mfcc_2,mfcc_3,mfcc_4,mfcc_5,mfcc_6,mfcc_7,mfcc_8,mfcc_9,mfcc_10,mfcc_11,mfcc_12,pitch_mean,energy_mean,zcr_mean,duration,file_path,actor,emotion,confidence_label
-1.1329245456849266,-0.4552336352543739,1.5792642059340476,0.23227155115641315,-0.01888816821896599,0.3930594947762548,-0.49396597863880304,1.0364795291215925,-0.2994162340422235,-0.029584224712465013,-0.5868869592317183,0.3497150350576644,-0.16756330747847062,1.098543772966092,-0.7024684015047383,0.2285987532378341,-0.838059355775875,data/raw/audio_samples\Actor_14\03-01-06-01-01-01-14.wav,Actor_14,fearful,nervous
0.5112304066435089,-1.2418477306725688,-0.5673753771113863,-0.6990843373696561,-0.9913525721845511,0.36705664756306283,-0.9747977864334488,-1.2681025199680094,-0.1090818124270482,-0.9871178823356492,-1.010098465161107,-0.8500826265224566,0.6575469242527647,1.3198881616517693,-0.039255076042167075,0.4450046074987537,-1.295965669755937,data/raw/audio_samples\Actor_04\03-01-06-01-01-01-04.wav,Actor_04,fearful,nervous
-1.3478940067074057,-0.5483265146157015,0.5831808736611307,-1.3894103646194604,-0.13303363020432682,-0.08851400444122065,0.26668511171096154,-0.5457461077613152,0.0946316479869776,-0.733804020981383,0.5578556094984203,-0.15455141077489495,-0.1897936094457855,-0.0738860617134973,-0.6579607685610165,2.6658695532873744,2.8251911560646232,data/raw/audio_samples\Actor_24\03-01-04-02-02-02-24.wav,Actor_24,sad,nervous
-0.5359249481410637,1.0490928713852992,1.3730253133455548,1.838589319449385,0.9606410875011939,1.3445015299360532,1.3149564028190726,0.866591405636955,0.4807780012738598,1.2979042941358228,0.34220127108094484,0.5092271195074816,0.7403937899135846,-0.5737532876172367,-0.545556995535132,-1.2708576070142026,0.444078323368299,data/raw/audio_samples\Actor_21\03-01-02-02-01-01-21.wav,Actor_21,calm,confident
0.18268752597321392,0.1217213918094199,0.23915745200747515,1.88274485793161,0.3469254964432434,-0.18982758669907865,1.9181421714721976,-0.21117209375383733,0.573691147235435,0.7569354362727282,-0.3771291093411225,0.49257624541859485,0.23597510661948973,1.4488199213433182,-0.3005362769186388,1.2789794488504247,1.2683096885324117,data/raw/audio_samples\Actor_21\03-01-07-02-02-01-21.wav,Actor_21,disgust,nervous
0.4562715908098628,0.21098180173899353,0.868665084113389,0.6333743496890416,0.2525652642810327,0.38018897739683793,0.5351269301885448,-1.1535221822123936,-1.391785265544941,0.13165933691865125,-0.2711723815494819,0.4961910312208094,-1.2658122802298528,0.3894675443587352,-0.24488668985590584,0.6195933791832959,-0.6548968301838499,data/raw/audio_samples\Actor_01\03-01-05-01-02-01-01.wav,Actor_01,angry,nervous
-0.13622058632619546,0.5771621038547128,1.5398163742277562,1.1418847492983637,0.48408005332096016,1.341818838671723,1.4191164794108193,0.8151132618199338,-0.46444683786463137,1.2437631182148512,0.17732726575037147,0.04087347995971824,0.04095709170311397,-0.21045634080105755,-0.39101560872730745,-1.197482513729223,-0.3801530417958124,data/raw/audio_samples\Actor_11\03-01-07-01-01-02-11.wav,Actor_11,disgust,nervous
-0.8488722185628186,0.40538310205593453,-1.3120687061155187,-0.5110041097257716,-0.9396314996053342,-1.2156441452842441,-1.6066847995428304,-0.4410681856894365,1.034502247225923,-1.9734500798161803,0.38150344076067944,-1.5432203897910948,-1.2359826773780649,-0.5906546541374915,-0.6237521798310505,-0.7029494246302856,-1.112803144163912,data/raw/audio_samples\Actor_06\03-01-08-01-01-02-06.wav,Actor_06,surprised,neutral
1.8849843105587991,-0.8126415162906752,-1.1535754232194495,-0.8560747779085888,-0.6321765422764373,-0.5252751204114839,0.2960452653756167,0.17475611622649406,-2.285605944531825,0.40838113234110257,-0.3408750396316429,-0.4237886224333953,-0.5220182166514351,0.6219503115348142,2.5627763606709832,0.07353536225195823,-1.0212218813679,data/raw/audio_samples\Actor_23\03-01-05-02-01-01-23.wav,Actor_23,angry,nervous
-0.985957831586013,2.1135956687256345,1.0347858522552584,0.6636649642419996,0.6678349940581546,1.4696933515732464,0.2771141027084817,-0.2982820574547919,-0.6162567488933243,0.9267689444716795,-1.1461779896852857,2.0952393215454213,-0.7833208885751143,-2.2476243892773304,-0.6294958047284012,-1.9798063942988409,-1.0212218813679,data/raw/audio_samples\Actor_19\03-01-01-01-01-01-19.wav,Actor_19,neutral,confident
1.4466939199170084,-0.47589028786250054,-1.0874312619354518,-1.355878987872511,-0.37611276920624626,-0.9514820967613825,-1.0813597806191049,-0.8806361943596916,-1.5521013220941275,0.037586173155362744,-0.934903080311669,-1.14124432524822,-1.6781247643207007,0.20524205227748288,0.9331034705790675,1.0159254035866445,-1.2043844069599243,data/raw/audio_samples\Actor_23\03-01-08-02-02-01-23.wav,Actor_23,surprised,neutral
-0.8454621781738153,1.176173207805522,1.1369964867957432,0.8440861686338176,0.8699089259203077,-0.01671898332393244,-0.1858112303760576,2.4501514097980586,0.02085061078135492,0.30264760945016084,1.491237173815932,0.4218251767610049,0.10821777300643505,-1.4602242900051021,-0.6522140625664092,-0.0877778069957638,0.5356595861643115,data/raw/audio_samples\Actor_07\03-01-01-01-02-02-07.wav,Actor_07,neutral,confident
1.8336075584282205,-2.2579705826984604,-1.075704122749348,-0.94060702966856,-2.0607443740569535,0.6230251605622331,-2.049562556058258,0.36911572417633404,-0.0986905293266905,0.4768500126021311,-0.7481359071164491,-0.3986523911937747,-0.37612260989992863,1.8906076721376883,2.354275206930579,2.39639819718481,-0.196990516203788,data/raw/audio_samples\Actor_04\03-01-05-02-02-01-04.wav,Actor_04,angry,nervous
1.184193510292918,-2.9882644013414192,-2.1007073148901068,-2.9598940191470713,-1.0101890311621853,-2.199120143694493,-1.4272339991953873,-1.3482106040103323,1.4860095415808048,3.0014789458545734,6.506721678670414,4.769993542345368,2.1117601189849347,0.8839194260240472,2.541302508649238,0.9688823447492168,0.2609157977762746,data/raw/audio_samples\Actor_24\03-01-06-02-02-02-24.wav,Actor_24,fearful,nervous
1.2259287652495097,0.5404465941883122,-0.5879980066831382,0.8394140854325106,-0.083881911683617,-0.7527720421739886,1.0534228501598002,-2.072701512094318,-0.48531835540687707,0.04699818763784874,-1.4544169485199512,0.3803472825838043,-0.8078833310370791,-0.08446462807477413,0.8903265376277173,0.13312808799017764,0.1693345349802621,data/raw/audio_samples\Actor_21\03-01-03-02-02-02-21.wav,Actor_21,happy,confident
-1.0772091783373854,0.6631924667994892,0.5464337243739257,0.7545262021698294,0.6323492616541018,1.0047183980745018,1.3485286731540322,0.22557316761948257,0.6403228307661613,0.06807287079564613,0.9681342646900366,-1.4494713007988944,0.745551278204044,0.25805084337867434,-0.6246054735447394,-1.701228607260343,0.1693345349802621,data/raw/audio_samples\Actor_12\03-01-02-02-01-02-12.wav,Actor_12,calm,confident
-0.307521578005455,-1.1665176282200906,0.561709027858347,-0.32090417338526134,0.926909921247935,1.0913641964969485,-0.07190062838794038,0.5510431062956945,0.39549460931750235,1.093697782443366,-0.38543961108683317,0.6441611521448032,0.11294711422763494,0.08003012707806936,-0.18978366561478843,0.6300825284384087,4.8068880516056804,data/raw/audio_samples\Actor_19\03-01-03-02-02-01-19.wav,Actor_19,happy,confident
0.7998954745697878,-0.4950060702622252,-0.91202147670232,-1.5582312920053922,-0.3050948711125627,-1.6925253607063948,0.07087741148956861,-1.4993485145743555,0.3388522876127441,-0.7383957663911196,-1.0876867711971576,-0.37910690784535134,-1.5260457171445878,0.6855250384383679,0.055832487813505347,-0.028616086875438453,-0.10540925340777546,data/raw/audio_samples\Actor_22\03-01-08-02-01-02-22.wav,Actor_22,surprised,neutral
0.19990419265581952,-0.5831381241183858,-0.4670697796912201,-0.6489304940783285,-1.184313168230565,0.5458277616781684,-0.7142949538131798,-0.8816972952005652,-0.16711101802698525,-0.09779294658532177,-0.9087766813179095,-1.0630558745414673,1.1329831436032154,0.8593134097168098,-0.18014354213669062,-0.3176610353587777,-0.9296406185718875,data/raw/audio_samples\Actor_04\03-01-04-01-01-02-04.wav,Actor_04,sad,nervous
0.4264782060178835,-0.7077124298699988,-0.47423995516189427,-0.4521200239287378,-0.7292289476148246,-1.313725286106325,-1.6853239990257929,-0.7266493833918486,0.8767086236127276,-1.768056658154559,0.19972652186235304,-1.6499424978479253,-0.6031303844299475,-0.976847411872178,-0.16838423656102935,0.2781423695116235,-1.3875469325519494,data/raw/audio_samples\Actor_12\03-01-06-01-02-02-12.wav,Actor_12,fearful,nervous
-1.6948188072234327,1.1675585814111442,1.2966566461473883,2.0175242987750064,0.6703132595505504,1.1075247941730402,1.03766829675732,1.4458931732017792,1.2366885518952009,0.7438107327634801,1.111090062900573,0.09060623513676075,0.0902061770326022,-0.2836075749471424,-0.7694363738053511,-0.6915280290065771,0.07775327218424957,data/raw/audio_samples\Actor_05\03-01-04-01-01-02-05.wav,Actor_05,sad,nervous
0.10777780894464026,-0.010201387609432027,-1.023639794509903,0.007519619712866733,-0.9772283736525575,0.23923189512289517,-1.487190213098172,0.8497077868961835,0.5532805364316434,-0.2734472347170471,0.25844071326250057,-1.073911873575418,0.5046962156074848,-0.6332614547148817,-0.3062144497775844,0.22230189648044274,-0.013827990611762946,data/raw/audio_samples\Actor_02\03-01-03-01-02-02-02.wav,Actor_02,happy,confident
1.2523176682289607,-0.9635484122388484,-1.5179488617262935,-0.5330676032648841,-1.9965444414597344,1.99117130019445,-0.5157979025044184,0.5617999685697495,-0.3767140666272419,0.022156753804818557,0.4224122206659379,-1.2312184143611318,0.7821739666618093,1.6387436487799307,0.6972578340265785,0.9121625133854592,0.444078323368299,data/raw/audio_samples\Actor_02\03-01-05-02-01-02-02.wav,Actor_02,angry,nervous
0.25105596871749425,0.6246750907203835,0.27046619891739576,2.0114001357879374,0.7284285853472339,-0.011267853950811552,2.078977751414345,-0.24213178403475422,0.42444959579282826,1.4421177679454016,0.04208141886534849,0.9096234715211644,0.7469701591017888,1.2543915202606122,-0.3255064083078822,0.8419001929708558,0.6272408489603241,data/raw/audio_samples\Actor_21\03-01-07-02-02-02-21.wav,Actor_21,disgust,nervous
0.07964877897189906,1.0380989171776442,0.582533755055714,-0.04655357067745621,1.0775088119788643,-0.2725136700214386,0.35493427950555156,-0.01552047761772198,0.16895850576488405,1.5823363016933698,-0.32577278298581985,2.116633692827818,-0.710908427608924,-0.8926868453458505,-0.43441475309810745,0.023768013639454348,-1.112803144163912,data/raw/audio_samples\Actor_13\03-01-06-01-02-02-13.wav,Actor_13,fearful,nervous
-0.6888364135015205,0.4576684658251195,0.9434654751060068,0.2728084659416537,-0.08442707538409659,-0.44396285269068214,-0.9115553325698031,0.2747574380787949,-0.17878597623192344,-1.2727026884512265,1.0818375535488263,-0.8456999179424465,0.2595875609599484,-0.9806898631309062,-0.5410258590100885,0.27921768692654075,-0.196990516203788,data/raw/audio_samples\Actor_08\03-01-07-02-02-01-08.wav,Actor_08,disgust,nervous
0.8873187174699156,-1.0527364205368033,-1.3732927851860302,-0.5958887595338662,-1.440124327814859,0.3044156385928317,-0.8260294104184391,-0.5947114297745277,-0.015766051244447184,-0.45119063026067024,-0.9859501372117058,0.3778653391348773,1.7528068112709507,1.1098502328668796,0.31233203001949567,0.04453437742541575,-0.196990516203788,data/raw/audio_samples\Actor_04\03-01-03-02-01-01-04.wav,Actor_04,happy,confident
-0.3233743455551219,0.38836988639378306,-0.883495223411557,1.1997872552865356,-0.3125530551945627,0.18566941495133346,-0.37563050940660847,0.7697682450982293,0.13080330096089693,0.07160325750134265,-0.42481349367610916,-0.3983605877241649,0.28724105913788317,-0.5521107394554006,-0.5100749944158364,-1.1698130029247165,-0.7464780929798625,data/raw/audio_samples\Actor_08\03-01-03-01-01-02-08.wav,Actor_08,happy,confident
-0.9162901447298964,-0.10979012384306898,0.7837827349503252,-0.4919099945371949,0.805924063548629,-0.16360304797072084,0.307780058499651,-1.0837530695610387,0.0012948160610637346,0.20007245375925048,-0.6709831816771756,-0.36360812254987995,0.008219894532088518,-0.779361857923528,-0.6265485564648514,-0.04810493918681135,-0.3801530417958124,data/raw/audio_samples\Actor_22\03-01-01-01-02-02-22.wav,Actor_22,neutral,confident
0.37137311185595134,-0.9265676732082316,-0.7688974717737664,-1.414806563633735,-1.2264045654903224,0.5377872455504671,-0.532339786225591,-0.38473394639789277,-1.073555217184233,-0.30728745633447196,-0.23902631656068926,-1.0886057092240011,-0.5311686936127257,0.6895075575390839,-0.19296254089695428,0.01951990139047349,-0.7464780929798625,data/raw/audio_samples\Actor_20\03-01-05-01-01-02-20.wav,Actor_20,angry,nervous
-1.182189331311712,-0.9995453065172266,1.3779582206341985,-0.5981032394093355,-0.3345994971250959,-0.02351248467882575,-0.5197312029412275,0.7477462114470762,-0.7252121746708018,-0.6989016505515085,-0.8408535881254604,-0.6693720456368858,-0.4644667933169037,-0.5047104040102437,-0.6762224660456982,0.6605689816128504,-0.9296406185718875,data/raw/audio_samples\Actor_14\03-01-02-01-02-01-14.wav,Actor_14,calm,confident
-0.7097214481008823,1.421235214311171,0.2117351592786769,1.77949858356972,0.1281317864161875,0.6152482763268303,0.7901827927856971,-0.9551906549784832,0.7637830660443391,0.47612144148235325,0.8535676488210874,0.30506080385582257,0.04387543878119859,-0.31634257771676144,-0.6444098985551897,-0.6082860040593127,-1.2043844069599243,data/raw/audio_samples\Actor_05\03-01-01-01-02-01-05.wav,Actor_05,neutral,confident
1.3030212474927672,0.00924750068415144,-0.5626598571287057,0.4605734923906158,-0.13130294744821328,-0.45915058756973876,1.976825065531165,-0.8063982533934546,0.9085590077978936,-0.6514252517849198,0.48033986005319956,0.4655465944747263,-0.20238629823078577,0.9740078473188297,0.6273865829332093,0.943237419933933,-0.5633155673878374,data/raw/audio_samples\Actor_15\03-01-05-01-02-02-15.wav,Actor_15,angry,nervous
-0.5041731890899914,0.7728079531861324,0.7885023854287415,0.9251500391641719,0.31262046196576226,-0.2777978776266169,0.47564504857310064,0.7267603549494663,0.12591539320077821,0.36557263327939804,0.4052312538506017,-0.8586380140465335,-0.24399983742126055,-1.1210741206699708,-0.5834906308482336,-0.9922309168380014,-0.9296406185718875,data/raw/audio_samples\Actor_05\03-01-06-01-01-02-05.wav,Actor_05,fearful,nervous
-1.3738695271311205,0.0922054653581391,0.5134998213655199,-0.5337948880377809,0.314037121677144,-0.777291534291176,0.09225357805043194,0.3617823482996668,-0.41259729014479485,-0.755117012990955,0.15631924008349288,-0.7134801137075553,0.5532802609249128,0.09810668575454337,-0.6938520194023712,-0.11321814596613246,0.8104033745523491,data/raw/audio_samples\Actor_24\03-01-04-01-01-01-24.wav,Actor_24,sad,nervous
0.5568683673987712,-0.4620326739590867,-1.0312382635936694,-0.6265825939574129,-1.7025956207555386,0.09882092414451878,-1.7086269849145614,-1.060266238393508,-0.39448616614864823,-0.6820122931931909,-1.9050056712165793,-0.5998757230602809,0.4038671126290099,0.47079506656629927,-0.07199995632628041,-0.012815884703476268,-0.9296406185718875,data/raw/audio_samples\Actor_04\03-01-08-01-01-02-04.wav,Actor_04,surprised,neutral
0.4169502208266466,0.38327637322099223,0.35547809959588617,0.4260954248097942,-1.4404610546163092,2.0571499047829462,1.1232424755644812,0.6224995414027762,-0.6296933221769092,-0.4259063102754131,-0.11878980085383146,-0.21599553158285645,0.5561863450252111,-1.4365544320450523,0.012636049001438339,-1.6045875022651228,-0.9296406185718875,data/raw/audio_samples\Actor_08\03-01-05-01-01-02-08.wav,Actor_08,angry,nervous
-0.22286182528330628,0.13179631240281767,-0.17869353761134063,-0.49355876536546117,-0.22968311224577162,0.4396218974083368,-1.0208260188040799,-0.04863813451287808,0.8117533258965295,-0.8302795397520925,0.4619043391615334,-1.29211692539469,0.37878853774238863,-0.8689497088977638,-0.46952411167573166,0.7576950337142077,0.35249706057228714,data/raw/audio_samples\Actor_02\03-01-07-01-02-01-02.wav,Actor_02,disgust,nervous
0.5823828185317284,-0.34506550254251184,-0.40836973018072903,-1.811884616573299,-0.2096930015336806,-1.7953911567884528,0.056757360807554974,-2.002644268205574,-0.08871649741277349,-0.4855874528636989,-1.5699846525009187,-0.7342024639358358,-1.3992356532589485,0.7525229315523386,-0.151481302966474,0.17818235248944797,-0.2885717789998005,data/raw/audio_samples\Actor_22\03-01-08-02-01-01-22.wav,Actor_22,surprised,neutral
-0.683056664194284,-0.0861337665378353,1.3013357903830916,0.22644978084228554,0.07580728627888832,-1.2970849866194814,-0.39397129401889036,0.8319111564881384,0.48369106307989024,-0.9201564377533102,0.4196931563982846,-0.10190449439913833,-0.6806951083290675,-1.2530299680319783,-0.5311822809772395,1.2010575715580152,0.07775327218424957,data/raw/audio_samples\Actor_16\03-01-02-01-02-02-16.wav,Actor_16,calm,confident
1.3020613691025544,-1.7840366911955028,-2.3337328146316145,-0.8327883918448145,-2.509629648470854,0.4564828620607391,-1.399153604382689,1.0193415322984714,-0.2984925279835805,-0.8599605091475462,1.1886840035223736,-1.663246670196862,1.9325600164200867,1.3703516200676105,0.8112194847249625,1.3751610733106767,-0.196990516203788,data/raw/audio_samples\Actor_14\03-01-03-02-01-02-14.wav,Actor_14,happy,confident
-0.7784939115878886,-0.10584978181904436,0.45747843257033033,-0.5853742927454418,0.5746088897673192,-1.1134006902822182,0.5894223702737778,-1.016323654087148,-0.09118429782268991,-0.34907920742847987,-0.46908434351692574,-0.8406294483824416,0.16641248920030252,-0.6587919187792386,-0.612884009290632,-0.8334073686490628,-0.7464780929798625,data/raw/audio_samples\Actor_22\03-01-01-01-01-02-22.wav,Actor_22,neutral,confident
1.9786972290185683,-0.3219371224581753,-0.8137118443597064,1.0635624602429175,0.1556096918327456,-1.1942535265970113,1.9010987632211318,-1.2805051279637687,-0.06101238129196018,1.0403041858271744,-1.1185568284997072,0.5413831847649938,-0.26673866030977844,1.3930765941427754,3.5973370519745513,0.06754817176624109,1.4514722141244367,data/raw/audio_samples\Actor_21\03-01-05-02-01-01-21.wav,Actor_21,angry,nervous
-1.8563100816511764,1.1168225541701875,2.449219313749099,0.7665327950790709,1.9336034525525752,1.6130091018752855,0.4472224527925067,1.143687596636456,0.2879955882709245,1.0351821409252298,0.010741913188574273,0.337301475057688,-0.24153673074020443,-2.548134433396284,-0.7394416111395989,-1.9917132452179038,0.1693345349802621,data/raw/audio_samples\Actor_19\03-01-02-01-01-01-19.wav,Actor_19,calm,confident
-1.1838686065204354,-0.15334116497205472,0.4864125323792725,-0.8954782051884878,0.6770560701414922,0.2385935989716958,0.639335167688756,-0.5324773178067639,0.08278711445861145,0.5045733972470593,-1.0284969846019676,-0.22246808422777137,0.12646544640484159,-0.48952796841641644,-0.6987330477150346,0.4765684454102686,-0.013827990611762946,data/raw/audio_samples\Actor_22\03-01-02-02-02-01-22.wav,Actor_22,calm,confident
1.0033270861703805,-2.2382196073552096,-1.8416349546794075,-1.5680869262545187,-1.8565700369667046,-0.07153286358026037,-0.6997472955422959,-0.35854283927230685,-1.1002779665895532,-1.0312792293268749,-0.4098874458937307,-1.5563103515862766,1.371013601714849,0.9769061035509121,0.80053948241147,1.5997305299327111,-0.6548968301838499,data/raw/audio_samples\Actor_02\03-01-06-02-02-01-02.wav,Actor_02,fearful,nervous
1.050778898196389,-0.16178500525959003,-0.8214669527955758,-0.22236008568687984,0.5235910181830886,-1.1666029217416354,-0.9130085855890312,-0.3279597984366968,-1.3157511728702311,0.4869286962494007,-1.243778174838031,-0.9063213816869062,-1.3841327389619895,0.46538477395495986,0.4029744386884819,0.7028261180599924,-0.7464780929798625,data/raw/audio_samples\Actor_23\03-01-08-02-01-01-23.wav,Actor_23,surprised,neutral
1.2626229764567094,-0.6935574729754411,0.14220047714687545,-1.3435026817658346,0.5899353616332479,-0.5600079107749195,-1.2652007876761044,1.0451049131845351,-2.93688848905508,0.8811148566785988,-1.2187005922120515,-1.0106415524610193,-0.29970045724143973,-1.0508794660868945,0.830739138044781,0.5993714128432315,0.7188221117563366,data/raw/audio_samples\Actor_03\03-01-03-02-02-02-03.wav,Actor_03,happy,confident
0.11055680462541768,1.1456451182218939,0.6405272844116154,0.7465785001340872,1.0762207328053435,1.6357782247156913,0.47278622470644416,0.07936813536942591,0.5194534137106546,-0.5781516918978341,-0.39246615043700706,0.9036602530402292,-0.39358629844262455,-1.5091515945473395,-0.30435428412121013,-1.6606414753193757,-1.112803144163912,data/raw/audio_samples\Actor_17\03-01-03-01-01-01-17.wav,Actor_17,happy,confident
0.987648974944687,-0.6713694382759593,-1.3780111349005961,-1.8966667658709975,-0.42394055781711104,-2.2806074506755856,-0.218511242508015,-2.232012827386915,-0.5958473998106891,-0.5057209953508177,-1.4018194464630398,-1.390862948980681,-1.4420357412655638,0.25858769356649,0.4009119760166573,-0.34071755634072465,-0.2885717789998005,data/raw/audio_samples\Actor_22\03-01-03-02-01-01-22.wav,Actor_22,happy,confident
2.4389937313677046,-0.21937174495040665,-1.3423904699283462,-0.6231830853104912,-0.6223657839817054,-0.28298626150028194,0.11465807096697517,1.463009655182698,-0.2157836780469759,1.1735532948513847,0.7428771458443247,0.47943631435433015,0.21294269716919392,0.3816453294322482,3.3864682537301958,1.072236768651661,0.8104033745523491,data/raw/audio_samples\Actor_09\03-01-05-02-02-02-09.wav,Actor_09,angry,nervous
-0.1794010711662529,-0.11524476934776454,-0.6148496063878416,-0.36933789563105063,-0.8858365892964706,0.07057736912968196,-1.7295960338158018,0.24808808674654173,1.0014965049777884,-1.2059890947991443,0.44825140644383676,-1.6102360754555887,0.036735123636723294,-0.32264241593443,-0.47508227494540384,0.6457103216608331,0.2609157977762746,data/raw/audio_samples\Actor_02\03-01-07-01-02-02-02.wav,Actor_02,disgust,nervous
-0.07494927551369528,-0.030689589647219958,-0.8060147910683229,-0.5532323637689114,-1.0978159582219598,0.18055548807644886,-0.8626661698911913,-0.037295956765507954,-0.47494599812386623,-0.042669696300310284,-0.3115691674383844,-1.1337406844900821,0.4724973208751431,-1.011123160903663,-0.4104476635582747,0.2935290507673671,-0.6548968301838499,data/raw/audio_samples\Actor_02\03-01-01-01-02-02-02.wav,Actor_02,neutral,confident
-1.0316341172632861,1.72787218102999,1.234410874123352,0.992102467187575,0.7964618284349676,1.2818253101764552,0.4152956961213008,-0.5929307831980797,-0.6142501075660933,0.8075626430290859,-0.5785407818200845,1.5464470079104464,-0.8588247073010625,-2.351648183133422,-0.6449416857280834,-1.6282878055230665,-0.9296406185718875,data/raw/audio_samples\Actor_19\03-01-01-01-01-02-19.wav,Actor_19,neutral,confident
0.8552375396235433,-0.4038786908399023,0.0863702778172916,-0.9341692215865884,-1.4772181632041888,-2.921751628730549,-0.2490155768011967,0.22658509167817958,-1.7054430887788763,-1.3759781233031028,-0.9277848207528212,-1.3906835384192984,0.3392371119002371,-1.1695803032085923,0.43202309171352204,0.783011961379162,-0.838059355775875,data/raw/audio_samples\Actor_16\03-01-08-01-02-02-16.wav,Actor_16,surprised,neutral
0.541404700202345,0.4989344764271703,0.3495196427030028,0.8868342490035762,0.5969161513608766,-1.7014288502447734,1.494075582278909,-0.2684297388961602,-1.9010568040569036,0.3754566463701172,-1.746845802107556,0.12811057426617886,0.5755475330518589,-1.5368046604663446,0.08034351868889007,-0.44354773543155185,-1.2043844069599243,data/raw/audio_samples\Actor_09\03-01-06-02-02-02-09.wav,Actor_09,fearful,nervous
-0.28587852910891504,0.49565100404484796,0.2106866523334968,0.8183657187935962,1.023275230213948,-2.254345963361367,0.09995511052207705,-1.2046816828339935,-0.8814816391269958,-0.17966075875121365,-1.1347181462146734,0.8117350587012613,-1.4986358474859225,-0.6563928551512243,-0.44660871468121643,0.43271159025028894,0.6272408489603241,data/raw/audio_samples\Actor_07\03-01-04-02-02-02-07.wav,Actor_07,sad,nervous
-0.22577334912951083,1.6947895983952972,0.6207642543612809,1.5057103432836205,0.3822327103023763,0.4245761719931196,1.9773811181671623,-0.9677414639132567,0.05989457196795114,0.4526504506853449,-0.23290842195846923,0.2762776287159123,0.7432409754752548,-1.0533937986602824,-0.36750527057745824,-1.267666145723218,-0.013827990611762946,data/raw/audio_samples\Actor_21\03-01-01-01-01-01-21.wav,Actor_21,neutral,confident
-1.1159305146179723,0.5389057239799102,2.4569233044476855,0.8566689631503959,1.1769501124118722,1.4603289727458943,1.4771314161384264,1.3873022225526939,-0.7554725378545992,1.5114583505034407,0.001121415453274722,-0.34469285107745756,-0.49170232330122915,-0.1117493844551753,-0.6695270544582705,-0.21832099066534022,-0.196990516203788,data/raw/audio_samples\Actor_11\03-01-04-01-02-01-11.wav,Actor_11,sad,nervous
0.2807095114276321,-0.34565201414703617,-0.445558157899113,-1.1272946690492585,-0.7693646760955659,-0.20360623687189164,-1.7392795360791204,0.14295796180946663,0.38126996499959365,-1.4289547705950436,0.9598526288969901,-1.6200199150072265,0.05906280452123695,-0.9823766473395005,-0.2526964713372616,0.9413329312792764,0.7188221117563366,data/raw/audio_samples\Actor_02\03-01-07-02-02-01-02.wav,Actor_02,disgust,nervous
1.443030086628429,-0.35459186399957243,-0.2977630871629804,-1.2601819246031074,-0.03061848811335437,-0.49888916488125873,-2.146928401905215,1.75768811052612,-2.3143111102181724,0.12543273565482452,0.19815305625888607,-1.4437293020574569,-0.42771700483321645,-0.5842390877356232,0.6048791164064029,0.6948159198205788,-0.4717343045918249,data/raw/audio_samples\Actor_03\03-01-08-02-02-01-03.wav,Actor_03,surprised,neutral
0.6477525555461457,-1.8738342745209573,-1.3984496493364555,-1.4650116369711694,-1.2128961037821018,-0.3202925768516404,-1.4210311039787795,0.1058724091851454,-0.21542850354143292,-0.8115810772466375,0.3710409490992351,-1.1610767548235017,1.2913066926592502,-0.21419133017445735,0.5394427388271069,1.0253684931659812,-0.6548968301838499,data/raw/audio_samples\Actor_02\03-01-06-02-02-02-02.wav,Actor_02,fearful,nervous
-0.7720556172467086,0.08707370777509808,-0.14017038925982875,0.051157223439406034,-0.46420197757751636,1.1163700616973349,-0.4134978136021909,1.269174729969058,0.07210942065573775,0.5666534001324941,-0.9136403834214947,-0.03225378528393448,0.7161715393698611,-0.11241206608136685,-0.5662478232878013,-0.7174142446752956,0.5356595861643115,data/raw/audio_samples\Actor_02\03-01-02-01-01-02-02.wav,Actor_02,calm,confident
-1.8390492389134285,-0.5916804948521764,0.6927537745444234,0.1205482582429503,0.12852746092333436,-1.1939418895344465,-0.06643096624691897,1.316423446988066,0.47996192002986265,0.10857224764223321,-0.4815276783183915,-0.6128769018360535,-0.046665931966020605,1.094187433460858,-0.7671700352685151,0.052994778807421275,0.7188221117563366,data/raw/audio_samples\Actor_06\03-01-02-01-01-01-06.wav,Actor_06,calm,confident
2.1732149318500684,-0.5742658588534292,0.49982851945169937,-0.41612414043040835,-1.1450704085908752,0.38032063006009514,1.6968730771726037,1.0628511373908494,-1.5054340416802114,1.1673887019032996,0.041717430652214046,0.2583205867154388,0.06001122201504627,0.29848774050231874,2.6354469503369526,0.13404135155556793,0.7188221117563366,data/raw/audio_samples\Actor_11\03-01-05-02-02-01-11.wav,Actor_11,angry,nervous
-0.40610673502377426,0.24642736343143637,-0.13002306200079003,0.4848691528017865,0.10488519108081028,-1.6021883075845396,-0.45563410838383894,-1.0102183565799265,-0.08329866676694236,-0.7493088652962353,-0.5631281709859101,-0.08924000247536397,-2.2442616254113013,-0.3276513338116797,-0.463208679386426,-1.3075961000618797,-0.5633155673878374,data/raw/audio_samples\Actor_07\03-01-06-01-01-02-07.wav,Actor_07,fearful,nervous
1.8633491606919865,-3.449766359759141,-2.1271715151715442,-1.7208199296828786,-1.6697003391236904,-0.38314902593488415,0.7214717300016923,-0.7752646561282952,-1.193952182752704,-0.38787207166600557,-0.7091951946059827,1.5240846926705975,3.0913359666775015,2.2362808697600163,3.8505941223273794,1.682888533321682,-0.3801530417958124,data/raw/audio_samples\Actor_18\03-01-05-02-01-01-18.wav,Actor_18,angry,nervous
0.7663146513018274,1.0373124252599792,0.3938420527084311,0.8344432310273994,1.5777960925475565,1.5016987111599267,1.3343195774523926,-0.18506548128126382,0.6420558678606143,0.4695484688473804,-0.6761759194833625,1.4423888208244935,0.06008927012982345,-1.389588995768297,0.1589339686107557,-1.5438782639197743,-1.479128195347962,data/raw/audio_samples\Actor_17\03-01-06-01-01-01-17.wav,Actor_17,fearful,nervous
0.9733221829156995,-0.10391245428911716,-0.3253872949540464,0.01142136469345608,0.6018369854751653,-0.3441915939789907,-0.07417213811439755,-0.7289913158775938,-1.1921928387721388,0.604214880414044,-1.465260422546203,0.33525772868585946,-0.5437621073028167,0.592448809340396,0.197039958121218,0.40372299105061404,-0.5633155673878374,data/raw/audio_samples\Actor_23\03-01-06-02-02-02-23.wav,Actor_23,fearful,nervous
-0.9751809220278702,-0.10642870292993128,0.0533249427056926,0.6719471348201823,1.473144237207166,1.2358394069524588,0.011509277705646545,0.35967467612174453,0.7044170668791346,0.44071792959945466,-0.06765355478898698,0.7984018658639856,0.6325020272484874,1.774700384795702,-0.550741665131294,1.4015405748061402,2.9167724188606345,data/raw/audio_samples\Actor_23\03-01-04-02-02-02-23.wav,Actor_23,sad,nervous
-0.19602238505273448,1.3845582409970838,1.0511508078992888,1.1901854472224593,0.33774900725562995,1.8484231445513473,1.6433849307249793,-0.7472146666364348,0.8146826639054783,-0.4290466873147392,-0.18002455036698584,1.1149072431337237,0.015964538887268814,0.04069264770432283,-0.42821531305579597,-0.7786319337257835,-0.9296406185718875,data/raw/audio_samples\Actor_17\03-01-04-01-02-01-17.wav,Actor_17,sad,nervous
0.36219648720925746,0.9727774644702677,0.34430791554198253,-0.38179555545512645,-0.11898123572219575,-0.9849173946122354,-0.3743149410521353,0.5286326878307606,0.7585948055629255,-2.2848758069026185,-0.23639053568882262,-0.39481719839481716,-1.2711734366464509,-0.6516865756604335,0.006567206628475163,-0.6540572147262165,-0.4717343045918249,data/raw/audio_samples\Actor_10\03-01-08-01-02-02-10.wav,Actor_10,surprised,neutral
-1.1101975743757875,1.4725355655598655,0.9466000706662238,0.679560109637117,0.8432188818927643,0.45631845951455974,-0.4852468435127663,-0.04576822221121897,0.6676767561799997,-0.7465239154859779,0.23332251340876406,0.940909986571743,-1.0362031837814634,-1.4985055200786126,-0.6911231715686622,-0.41634773079966747,-0.2885717789998005,data/raw/audio_samples\Actor_07\03-01-04-01-02-01-07.wav,Actor_07,sad,nervous
-1.5559626413146646,1.8730789081985024,0.9591506218952197,2.0283457659091577,1.4560787396383779,0.4607492107690553,0.709275626227596,2.1477599079738146,0.8438067841018273,-0.24389013000915186,1.2444142749931582,-0.010394655799519101,0.8342706302098919,-1.1546568783127358,-0.7421884859456541,-1.781955993379899,-1.0212218813679,data/raw/audio_samples\Actor_09\03-01-08-01-01-02-09.wav,Actor_09,surprised,neutral
-1.1123920418567341,-0.29989403699296235,1.0102999312270904,-0.7367875061092697,-0.6601738303203338,0.4411598356425451,-1.0729807400196394,0.5503331723857273,0.07664164922185093,-0.0450459777302227,-0.566771909946003,-0.21027714273023698,-0.6158463070803855,-0.19383005833769024,-0.6943474377117922,0.9424093813884303,-0.838059355775875,data/raw/audio_samples\Actor_14\03-01-01-01-02-01-14.wav,Actor_14,neutral,confident
-0.8289178066880122,-0.0040738156495703755,-0.21158606720113302,-0.20744141124237744,-0.3434688701337262,-0.008185912689261204,-0.7997257031156102,-0.4107261110864917,-0.9239776693976615,0.6169397282905899,-1.2350279946149978,0.25144838751501103,0.2777305459814905,1.2905726511819577,-0.6185993085203868,-0.2504426094739121,0.1693345349802621,data/raw/audio_samples\Actor_04\03-01-02-02-01-02-04.wav,Actor_04,calm,confident
0.6993735924849619,0.867048018883935,0.3311516704721248,-0.5674330496224536,1.065879393870735,-0.25224065275199065,-0.8183839858838916,0.057231877465126355,-0.6176605398519995,0.27768431658938053,-1.1114670130528792,1.1492081077002791,-1.500233538306067,-1.2749156831522817,-0.16777012791668514,-0.9314719575767273,-1.0212218813679,data/raw/audio_samples\Actor_13\03-01-08-02-02-01-13.wav,Actor_13,surprised,neutral
0.6961042718477698,-0.9461588832575172,-0.3776436798349975,-1.342175089981658,-1.0126563550850782,-0.307952868828191,-0.5430818710017957,-0.508464965662428,0.3377704878931969,-0.630779354383121,2.0819095117176256,-0.7175809792398007,0.4518625954214579,0.3055673662468572,0.4007629938995905,1.676989976388719,1.2683096885324117,data/raw/audio_samples\Actor_24\03-01-05-02-02-01-24.wav,Actor_24,angry,nervous
-0.6267766624995588,1.3512353900445595,1.4315259123989683,0.9727639513340682,0.9917945738454021,2.33694904270382,1.461923005522985,-0.05264201870536332,1.707112086344801,-0.6420329292350977,0.5409503456756487,1.4624876609420885,-0.2731904364354997,-0.34103906407275814,-0.555596197709815,-0.7349344995939495,-0.6548968301838499,data/raw/audio_samples\Actor_17\03-01-02-02-02-02-17.wav,Actor_17,calm,confident
-0.991967530425315,-0.348640041161624,0.988118381821346,-0.7126637230080147,0.8458778884363854,0.3163727048217966,0.18037042303091122,-0.7958368688285516,0.3419001012382843,0.20099785303931203,-0.8286860165795085,-0.1605684278306107,0.08302828764091993,-0.7517055773327395,-0.6653784165815919,0.5609793399636539,-0.5633155673878374,data/raw/audio_samples\Actor_22\03-01-02-01-02-02-22.wav,Actor_22,calm,confident
0.6015046141619309,-0.798410654459743,-1.4127171575021755,-0.21150867676325616,-1.4831164897839384,-0.25665890120217966,-1.2899231320282434,0.03408660140289478,-0.38229301906475266,-1.5282067303162177,0.4246747328304942,-2.1888989563949597,0.7481980275081053,0.4505913136469151,0.1737036253644968,0.4733212624031606,0.2609157977762746,data/raw/audio_samples\Actor_02\03-01-03-02-02-02-02.wav,Actor_02,happy,confident
1.011604976768085,-1.6890581580493953,-2.245419620941381,-1.6656119907399252,-2.588490737123419,-0.011762087938956998,-2.1685309151611274,-0.2512125003944863,-0.9445381726748402,-2.8492609405553737,0.7414043796289618,0.035564482890157574,3.59971951836578,0.7661375257935548,0.6764900809783169,1.1073264310657878,-1.0212218813679,data/raw/audio_samples\Actor_14\03-01-06-02-02-01-14.wav,Actor_14,fearful,nervous
-0.8163258756324967,0.021758969735170115,1.0746668953748137,2.1516172125405704,1.3498748141159067,0.13455981703658798,1.81261834168068,2.3825392858135697,0.33503305767214536,0.2097218654299619,0.5843233980993664,-0.7974465928298271,0.3775305857748036,1.020903020055178,-0.6973319229932903,-0.314590768800362,-1.0212218813679,data/raw/audio_samples\Actor_09\03-01-06-02-01-02-09.wav,Actor_09,fearful,nervous
0.7538461791553854,-0.08421979437294641,-0.4103021632133729,1.2693497278522627,0.5352704597792888,-0.47538799818348226,1.7271775389082917,-0.9584137459885014,-0.26479712895132584,0.8277693541132284,-1.1093165899738247,0.516185846990622,-0.0334584028464986,1.2057507807459171,0.40454324489379184,0.4573388811759825,0.444078323368299,data/raw/audio_samples\Actor_21\03-01-06-02-01-01-21.wav,Actor_21,fearful,nervous
1.6024465492477642,-2.088785084708912,-3.1730984751256557,-1.6228719293375415,-2.7502853665975104,-0.0875371995286485,-1.8774276179254137,-0.5471836345166676,0.2691254128270526,0.8827295685668485,5.147191473258114,3.7742218878125007,4.168847096226031,1.0990856747809958,2.2221542158624494,0.5312920948884151,-1.112803144163912,data/raw/audio_samples\Actor_14\03-01-06-02-01-01-14.wav,Actor_14,fearful,nervous
1.1677219854146013,0.024777358724307738,-1.190090831157499,-0.02100856808310512,-0.575581547562175,-1.3208651338014101,-1.9646224160897665,-1.1995192383595938,1.6239741526430354,-2.5704987813321245,-0.2447611798578294,-1.2845600394185406,-1.3190123399392841,-0.7925149171444236,0.7368305620122397,-0.7596854703655085,-1.112803144163912,data/raw/audio_samples\Actor_10\03-01-03-01-02-02-10.wav,Actor_10,happy,confident
-0.13715120905075098,0.34647474064601297,0.4875988746517692,0.5119191991680283,0.9612129896621461,1.3839786855058493,0.7807234350287702,1.0992483268301125,-0.8575245824966319,1.4028927447967452,-0.052700388679471,-0.2583834593945132,0.6363116753401012,0.6018673384267179,-0.5260200982842591,0.09537372079372398,-0.2885717789998005,data/raw/audio_samples\Actor_23\03-01-07-01-01-01-23.wav,Actor_23,disgust,nervous
-0.8247918801603773,-0.3677638519680806,-0.030037954537053355,-1.073599469500112,-0.3356492039492758,0.6982281755503928,-0.5170117871913187,0.16122803051137533,-0.23237518508228439,0.18961913717080792,-1.2263185521456197,-0.49363632655842427,-0.14477917802177712,-0.9208299190924,-0.5822525574528518,0.9521738666980885,0.9019846373483617,data/raw/audio_samples\Actor_02\03-01-02-02-02-01-02.wav,Actor_02,calm,confident
-0.3237359455826449,0.9207163122054505,0.35046285623754736,0.5121367459926165,1.6103779324055525,-0.03628288631928087,-0.4547538074048705,1.5568101200987754,-2.6867825510950145,-0.05377327210964989,-0.4308564211695313,-0.07675461369254483,0.7174944911605888,-1.9436865865596975,-0.40415439474205195,-0.9634139591267007,0.35249706057228714,data/raw/audio_samples\Actor_19\03-01-04-02-02-02-19.wav,Actor_19,sad,nervous
1.408825532568657,-0.520712152791633,-0.9676014273234016,0.4094611116961741,0.7764175569538375,-1.7277073189797667,0.45329608910965746,-1.5923442685093614,-0.3518471828709559,-0.12306006651828306,-0.33286464737292054,0.6952758236267237,0.5413880116839074,0.19882648587561452,0.9692795697129196,0.11082650618998728,-0.3801530417958124,data/raw/audio_samples\Actor_09\03-01-03-02-02-01-09.wav,Actor_09,happy,confident
-1.3008193002117185,1.167754766477466,0.9244245144728696,1.689008416890251,1.0894175478409585,1.3786346347207303,-0.46004116662399114,0.9365536489237671,0.7374149233700414,-0.24146571274383888,0.7093317751752372,0.29131188637468547,0.47807606963649923,-0.6961160951389701,-0.7171911523828421,-0.271785820701513,-0.7464780929798625,data/raw/audio_samples\Actor_09\03-01-07-01-02-02-09.wav,Actor_09,disgust,nervous
-1.5959211996958944,2.214702211744698,0.8234225719521812,1.0882739429139283,2.245736409537607,0.5528627351042945,0.8209840395582981,-0.562906569432658,0.10140065581925972,0.9669249451417395,0.7110367947967955,1.129781780509484,0.3318986560309405,-1.9675275109825032,-0.7134179147149926,-1.1999788875834145,0.444078323368299,data/raw/audio_samples\Actor_09\03-01-03-01-01-01-09.wav,Actor_09,happy,confident
0.9815257641226349,-2.1595746122558808,-0.9288987279196833,-1.1535524543726852,-0.3019554612829571,-2.703388472036486,-1.1761036815010766,-1.5208459213720156,-0.3296289041663068,-1.8194312087026128,-1.212374187805619,-0.34433525963640177,-1.6814610191836372,0.47656723937267603,0.5075824909309878,0.9652489138079403,-0.2885717789998005,data/raw/audio_samples\Actor_22\03-01-06-02-02-01-22.wav,Actor_22,fearful,nervous
-1.0184263544456866,2.2911127917722607,0.19590404168297704,1.0282176974946968,1.5186664490655541,0.7448806636866385,0.07655293039639187,0.09227234654338641,0.6292300307028129,0.27039143363834767,-0.33709727587254157,2.6972378722816144,-0.7314059647741735,-1.4271368214363827,-0.6854002206636763,-1.6325834854885688,-1.0212218813679,data/raw/audio_samples\Actor_13\03-01-02-01-01-01-13.wav,Actor_13,calm,confident
1.4883762221187606,-1.9237179769090473,-1.6888982592547908,-1.441075924724582,-1.5357355916801019,-2.1829695062748167,-0.8025083121052535,-2.0918947631161777,0.5253345483651372,-1.9651189336376884,-0.3074198223345501,1.8205927400478408,0.7710614736634849,1.1502976924835262,2.1953238166810114,2.196935094313324,-0.5633155673878374,data/raw/audio_samples\Actor_16\03-01-06-02-02-01-16.wav,Actor_16,fearful,nervous
-0.24837247317972808,0.22230477465162557,0.5258173475968235,0.15358989595820932,0.15548755656317,0.36166010132814563,-0.4078944881843977,0.33092693515004706,0.7136847872896664,-0.7877046088917065,-0.2689204756639839,-0.3407570703146817,0.3048850074131604,1.1851525416748363,-0.4791576644160338,-0.5640293153225403,-0.5633155673878374,data/raw/audio_samples\Actor_10\03-01-04-01-01-02-10.wav,Actor_10,sad,nervous
-0.5206663631608944,-0.7245785067324091,0.3326786303101062,-0.9641875954306255,0.7960868403326621,-0.5939588093466506,-0.16524929913444025,-1.566499410636464,-0.016477535804573912,-0.3287031624372599,-1.4607286487667805,0.07459282804595976,-0.6683786083836658,0.21147162695474445,-0.4892133104578427,0.9887070865638494,0.07775327218424957,data/raw/audio_samples\Actor_22\03-01-04-02-02-01-22.wav,Actor_22,sad,nervous
0.7515259123121129,-0.15694548168159075,0.3175594641285823,-0.19621408088851267,0.4351317112233846,0.0952993320330267,-0.8645064336301268,1.256803248641108,-1.5071270191279469,0.350521250413944,-0.23280705967792417,-0.7140508089888276,0.08117603431638608,-0.09481954512769665,-0.14900627966973737,-0.026408705689649644,-0.3801530417958124,data/raw/audio_samples\Actor_03\03-01-06-01-02-01-03.wav,Actor_03,fearful,nervous
0.16661855905434025,-1.2981635005922072,-0.594069972337292,-1.2900202435284882,-0.7631683285164823,0.3202328989991712,-0.07132671887435142,-1.5046374774974456,0.027266967550406994,0.14753857106439677,-0.6954087191928712,-0.6244468540704063,-0.5131535939309539,0.5532807890935134,0.28474112751743647,0.4267701676646675,1.9093785281044982,data/raw/audio_samples\Actor_18\03-01-07-02-01-02-18.wav,Actor_18,disgust,nervous
-0.5691719642638754,1.0809288614110724,0.8030107402905707,0.01414613220451372,1.1849612175961672,0.12111342422299454,-1.0257018559862625,1.5907440556953556,-2.3181530511395874,-1.1978363915660262,0.2769696417254181,-0.7444771924258143,-0.6243867764077596,-1.283794606617831,-0.524378162831358,-1.03443801302262,-0.5633155673878374,data/raw/audio_samples\Actor_19\03-01-04-02-02-01-19.wav,Actor_19,sad,nervous
-0.09515119031996157,0.6790314914843399,0.25875695093934103,1.2237855672139202,0.7286726165395522,-0.040247208329536426,0.2917977221921277,-2.39114442389374,-1.4186886934198661,0.6591616934134902,-0.8818391430279926,1.0265571639122026,-1.2910486427912402,-0.6409298246345951,-0.42401436461630354,-0.29326947325581015,-0.10540925340777546,data/raw/audio_samples\Actor_01\03-01-04-02-02-01-01.wav,Actor_01,sad,nervous
0.5159165791684792,-0.7937144744346663,-1.0985594107786076,-0.0576547963024426,-2.06063441128345,-0.2460123901171625,-1.2530324506285582,-1.6142860545932354,-0.5360617521888468,-1.7935688940271293,0.48449438777066456,-2.228843691102553,0.6101759471960493,-0.0292838684363135,-0.05385729814057581,-1.0253978753177262,-1.0212218813679,data/raw/audio_samples\Actor_20\03-01-03-01-01-01-20.wav,Actor_20,happy,confident
1.2188055957752948,-1.5330254893304722,-1.1040936360928792,0.31576581549225874,-1.2761318105668822,1.232368310075337,0.27756603011991643,0.09027465153287723,0.669956812481835,-0.15090360841900277,1.0473012490746598,-0.23706852555053534,0.35619324606185104,1.3637289369551306,1.354851280649845,0.2410252459814134,-0.5633155673878374,data/raw/audio_samples\Actor_08\03-01-06-02-01-01-08.wav,Actor_08,fearful,nervous
0.9692161502407115,-1.1244070292298423,-2.41487820617469,-1.212682670732853,-1.1120099092595341,-1.4812348724603968,0.35628450839454584,-1.787622811693419,1.0167417555391562,-1.3474960522524864,0.7250475086438596,-0.5993901217532901,1.3168763756427055,0.092255523870062,1.143751791631896,-0.4241547165502682,0.6272408489603241,data/raw/audio_samples\Actor_12\03-01-03-02-02-02-12.wav,Actor_12,happy,confident
1.0140914157922905,0.3758753499824172,-0.8094305512989101,-0.013497899769291232,-0.3935727787404217,-1.0169518185537025,-0.8564152095134522,-1.1575242781582542,0.8784895430250683,-2.2933217011331766,-0.8569652491702904,-0.6485536572671113,-1.708977208255621,-0.6261804512538646,0.7236521813443534,-1.3847671895476943,-0.9296406185718875,data/raw/audio_samples\Actor_10\03-01-03-01-01-02-10.wav,Actor_10,happy,confident
0.4131513726410592,-1.3694830489545142,-1.8802628031106756,-2.038715788654229,-1.3995007421039092,-0.906133305887618,-0.5214862515538544,-2.4452733080354925,-1.4043522606074952,1.2504553364420663,-1.124051122103663,2.08983376371964,2.1554534108809427,0.3265522844095898,0.5244600948420199,-0.19557754141757397,-0.013827990611762946,data/raw/audio_samples\Actor_18\03-01-04-02-01-01-18.wav,Actor_18,sad,nervous
-1.548829524914126,0.2752916751981485,1.9265468397478613,1.4107904731586582,1.666398392143701,1.5742331238647282,1.876906739409265,1.7979886511679415,-0.19180176550982966,1.7438151332977632,0.12614775088800537,-0.22220155071728703,0.42859259832764923,1.1337044752156444,-0.7533603999053916,-0.8386233263474536,-0.10540925340777546,data/raw/audio_samples\Actor_11\03-01-02-02-01-02-11.wav,Actor_11,calm,confident
1.4082560710366396,-0.6223682767442541,1.2194120171877905,-0.33414872671753837,0.6114284336861744,0.8017520483397172,1.7334569841175778,0.8573191233575624,0.1991517453831579,0.18275461453278402,-0.38160194595623254,-0.1774480842015071,-1.082346050796832,-0.45989650163418655,0.8063363030487468,0.028087337538571452,-1.0212218813679,data/raw/audio_samples\Actor_17\03-01-08-02-02-02-17.wav,Actor_17,surprised,neutral
-1.4642788958248787,0.41129989184632554,1.9304724994078462,0.9255632746603427,1.8385880255315719,1.4716088465061579,1.7327156603923588,1.2690705646031748,0.670067276169083,1.9109664570607476,0.662787445313111,-0.4534006491584178,0.3823447408916282,-0.6496659248251995,-0.7398514992105371,-1.0659981107283512,0.6272408489603241,data/raw/audio_samples\Actor_11\03-01-02-02-02-01-11.wav,Actor_11,calm,confident
2.2683919500976524,-0.6659654447191905,-1.0302392769564823,-0.3765654103267137,-0.11991715022354592,-1.8525472601530337,0.5475426783443851,0.18903012431490018,-1.238334990840737,1.521555875197395,-0.17256869776675074,0.027687848927555145,0.021552228144744924,1.1824159375095726,2.3794052489696993,0.7277581321499748,-0.5633155673878374,data/raw/audio_samples\Actor_05\03-01-05-02-01-01-05.wav,Actor_05,angry,nervous
1.8505266949910923,-0.2222111734549383,-0.8450605270018794,0.6361950861322303,0.35397234589674553,0.3454388323945889,1.543167154819337,-1.6458318427053658,0.8494195506663312,0.349958814781625,-1.1282186666181542,2.350999098702149,-1.279987799280636,1.4863186084570017,1.784543078670323,1.4503075242361443,-0.2885717789998005,data/raw/audio_samples\Actor_17\03-01-05-02-02-02-17.wav,Actor_17,angry,nervous
0.18622687640442195,0.8766879458034944,0.3991058560643083,1.0818726081996939,0.9735630639878593,0.2991764970658627,0.6201074755315333,-1.4711360181704842,-0.0068962776866623166,-0.15976497811774007,0.2618421951668318,1.1593352743851453,-1.5187278002528641,-0.5654236137878101,-0.3205241208403545,-1.1915800926163804,-0.4717343045918249,data/raw/audio_samples\Actor_01\03-01-06-01-01-01-01.wav,Actor_01,fearful,nervous
-0.042053619935426494,-1.2432043854392312,-0.18949663241438092,-2.007839789482908,-0.4912737456110905,0.12040337690379747,-0.6622147240226405,-0.48050036494689247,-0.1495912627368705,-0.2610834967723603,-0.9351831824995248,-0.6242614180686484,-0.9867293778738242,0.5967096271697828,-0.33687569122972333,2.245378635092476,1.543053476920448,data/raw/audio_samples\Actor_20\03-01-07-02-02-02-20.wav,Actor_20,disgust,nervous
0.002702575056927725,1.6178987736741346,-0.3155099788858702,0.8324578899112113,0.3280651711671312,0.32950447482851325,1.1562413151225166,-0.2430498251456596,0.20133427063959916,-0.30109531595280703,1.0503066527454106,-0.06359099396297767,0.47212973358534505,-0.8080840318299025,-0.4403815958315066,-0.3527671095596068,-1.0212218813679,data/raw/audio_samples\Actor_15\03-01-01-01-02-02-15.wav,Actor_15,neutral,confident
1.17056914679636,0.46126957117196277,-0.7936163664536852,-0.41427214698137266,0.45624292250066156,-0.7992899385549199,-0.20713952327045537,-0.853208738224021,-1.4914975744744379,1.4265145247448,-0.9600705752578466,-0.5497417227415035,-0.9065212875610666,-0.25666173682046917,0.3551814113129661,0.1774007260481604,-1.295965669755937,data/raw/audio_samples\Actor_23\03-01-08-01-02-01-23.wav,Actor_23,surprised,neutral
1.4649430190406565,-0.1267586723695847,-0.178663140813992,1.241797719995993,-0.10091437938946847,-0.6083122152995233,1.9411431702729014,-1.8668519725197499,-0.6951809400490171,0.3592780219147971,-1.511902981015516,0.1496818660044968,-0.30847458764308494,1.3747047449010614,1.7579847693151183,0.8812225081166906,0.8104033745523491,data/raw/audio_samples\Actor_21\03-01-05-01-02-01-21.wav,Actor_21,angry,nervous
0.5137937880683928,0.2500827700019937,-0.22541387154454579,-0.26008224591991697,-0.7929086085821831,1.6565801152725295,-0.9686308922140232,-0.08032117055344674,0.43482977574700915,-1.0757019198688864,-0.45876768819253194,-0.5774224728580316,0.8291375772618685,0.8563067731217466,-0.14794719930005892,-0.05308221625906429,-0.5633155673878374,data/raw/audio_samples\Actor_08\03-01-08-02-01-02-08.wav,Actor_08,surprised,neutral
0.2469177548102833,0.8942535158488017,0.19289147260520928,0.6331172253803131,-0.31254252393391624,-0.5725359072990444,0.15551747931665416,0.3202182437694424,-0.6720192724356843,0.029966428433137817,-0.017635789061191377,-0.5036648112861215,-0.1539561140188822,-0.8609502277843677,-0.36774120432317864,-0.47941560509424364,-1.662290720939987,data/raw/audio_samples\Actor_05\03-01-06-01-02-02-05.wav,Actor_05,fearful,nervous
-0.7810087286077815,-0.48069390256675343,0.19362962185974278,-0.1598245242942615,0.3496178747738482,0.7593416497392528,-0.8942966843143084,-0.7086372692655388,0.2531270409073951,-0.7759068316783958,1.5403657390129748,-2.1327219312523154,0.8546661973923675,-1.853162117999448,-0.5609066645917543,-0.3960288763521402,-0.3801530417958124,data/raw/audio_samples\Actor_12\03-01-04-01-02-01-12.wav,Actor_12,sad,nervous
-0.5874623138761003,0.9892786137539544,0.6624967522586815,1.69932287834522,0.6514572767098348,1.5227374318886375,1.075277944879985,-0.4692663761203108,0.41198883765164795,0.6193842933203413,-0.21802877664697048,0.5337085510010487,0.2071440605302922,-0.6600745728207861,-0.5786444223390963,0.1372095384724688,1.4514722141244367,data/raw/audio_samples\Actor_21\03-01-04-01-02-02-21.wav,Actor_21,sad,nervous
1.946750627234219,-1.4328527229998462,-1.946216003133252,-1.9346839141659724,-2.756981333594018,-0.6616258523435818,-0.1407933238625155,0.049239085645636914,0.38202523128384946,0.3753236650470662,1.3026987614340748,-1.0023689917300744,0.843214871672847,1.0480196950251939,3.3778757714098626,0.45337363813090353,0.9019846373483617,data/raw/audio_samples\Actor_20\03-01-05-02-01-02-20.wav,Actor_20,angry,nervous
0.09076944260151391,0.8697700866791492,-0.33547821013872636,1.9665244423001793,0.539252712384661,-0.023846514823730545,1.8100897024916363,-0.07263886305415393,0.9651959041016791,1.128759800355107,-0.07323944807571844,0.44679072817937876,0.5233729724108931,1.2359292009701388,-0.39310272017718423,-0.11351938479660469,0.9019846373483617,data/raw/audio_samples\Actor_21\03-01-07-02-01-01-21.wav,Actor_21,disgust,nervous
-0.16503917233847684,0.8758982425231369,0.3619831511510025,0.8538302486997056,0.9274288593740124,-0.27478600805188874,0.23547760900473394,-1.5420431262675707,-1.2168991054252076,0.8167704676681279,-1.1429707955291575,1.1950258637354325,-1.7108950654908732,-0.827116266503677,-0.4074919209989735,-1.0169384829844075,-0.4717343045918249,data/raw/audio_samples\Actor_01\03-01-04-02-01-02-01.wav,Actor_01,sad,nervous
0.46143258278844945,-0.0933850234981023,-0.07582000414609481,-0.5822923901752913,-1.0562727335942954,-1.5635809541492278,-1.5946589345266855,0.25828802196244693,-0.03803744840978316,-1.8878412258871444,0.48814318881848984,-1.039027156133301,-0.7539820464698046,-0.3449352462741505,-0.04691927993381135,1.18918852619239,-0.5633155673878374,data/raw/audio_samples\Actor_16\03-01-08-01-02-01-16.wav,Actor_16,surprised,neutral
1.2217677319230862,-0.5306289867579277,-0.3417071802716778,-0.02383130926813751,-2.0615972693997007,1.861218645104925,0.4198682057527579,-0.7814582483126062,-0.5670693066414987,-1.0859147396130362,0.42606897642305686,-0.6995205210075774,-0.17919283903281508,0.9839623081153148,1.1953719162980216,0.4518793470326346,-0.5633155673878374,data/raw/audio_samples\Actor_08\03-01-05-02-02-02-08.wav,Actor_08,angry,nervous
-0.6478427896693387,0.7439021856464771,0.24759817709465234,1.0671036103680063,0.6064323078967442,-1.7361476449317466,0.6388805593519992,-0.2748506619326239,0.06881519288834127,-0.24366330811809775,-0.8506135343251959,0.752430122936789,-0.9556679196377205,0.2773944419766054,-0.5445402504631165,-0.8106180851930472,0.8104033745523491,data/raw/audio_samples\Actor_07\03-01-04-02-01-02-07.wav,Actor_07,sad,nervous
-0.5628860919407694,-0.14384516548954387,1.8009588658759053,-0.39547238933108947,0.4256206151634121,1.193084428965956,-0.28067596439218834,1.1600760945930406,0.639455523643212,0.7121300749559177,-0.13080092978367464,1.2856372353941734,-0.7555832409978881,-0.6568061700947949,-0.5870957529552797,1.8123767877861232,0.9935659001443742,data/raw/audio_samples\Actor_19\03-01-07-01-02-01-19.wav,Actor_19,disgust,nervous
1.0342272127941716,-2.7861646293078812,-3.401511511894112,-1.3415794229777098,-1.3814334754623256,-3.15722757894883,-0.4238674412532938,-0.7521213918435162,2.5178212568023906,2.5330021546897528,5.928154941287511,5.443838460372753,1.6836044112731385,1.5967200815118014,1.3512012187817093,0.9670435281171352,-0.2885717789998005,data/raw/audio_samples\Actor_06\03-01-03-02-01-01-06.wav,Actor_06,happy,confident
-0.3212898793770464,-0.6380570972377023,-0.8214386554767227,-0.7908302282632956,-1.2024808237723374,-1.1888452239938656,-0.05449127383041209,-0.5822869157576168,1.0766149666092568,-0.9086404253542886,0.562951565008201,-1.0555934281205899,-0.3304510520111013,-0.3361959314117629,-0.43020127599794755,0.939454893855935,1.543053476920448,data/raw/audio_samples\Actor_06\03-01-05-01-02-01-06.wav,Actor_06,angry,nervous
-0.4407682625811116,0.29779252581811216,-0.43562926768528526,0.44755987238491557,1.3426563273389296,0.7180177821548265,1.358880300306544,1.1463574488469876,1.6305392111361332,0.7530570827846743,2.002595063896324,0.8703518953232685,0.9188913537301124,0.46743481607507015,-0.2659140721602807,-1.1407699913872442,1.2683096885324117,data/raw/audio_samples\Actor_15\03-01-07-02-02-01-15.wav,Actor_15,disgust,nervous
1.798037642452227,-2.1894791135929865,-2.860615747114842,-1.0084804102273257,-2.5450313701365674,-0.5270120771649889,-1.2348569259129152,-0.4268529662088142,-0.04189150185430011,0.20513832499216852,4.510647198766017,2.9861166669141173,4.107685403904237,1.7662742708127754,2.1661448383488113,1.2053039169013906,-1.112803144163912,data/raw/audio_samples\Actor_14\03-01-06-02-01-02-14.wav,Actor_14,fearful,nervous
-1.444332968093113,0.7215373800278616,1.908038019894434,1.2119863034127731,1.8884482106775913,2.0326051271436167,1.7982366614114322,0.9163241089829501,0.9301840252147761,1.6691016920009878,0.5097801186231616,-0.5871460580059152,0.6107954994136613,0.118675074301922,-0.7434080387122234,-1.4039088120259215,-0.5633155673878374,data/raw/audio_samples\Actor_11\03-01-02-01-01-01-11.wav,Actor_11,calm,confident
-1.3629957813196525,0.7397808395434058,0.6418525573915134,0.7274597298542875,1.339918447465775,1.1638426264959,1.48325431445837,1.541787619032559,1.1155297275494316,0.8228021932511056,2.118810022083114,-0.1549442940810068,1.0499351200832998,0.1578063554427094,-0.6436176309943441,-0.7146199539442835,2.6420286304725984,data/raw/audio_samples\Actor_15\03-01-02-01-02-01-15.wav,Actor_15,calm,confident
0.5026467943396865,-1.270145966779165,-0.7587991627735151,-1.8583170891063339,-0.8740698886834851,-0.48156102454853844,-1.1693933254199342,-1.337623960461857,-0.085666286517036,-0.6472587062545546,-1.4309452529641054,0.18116174850385805,-0.8645773124666978,0.7433275925355448,0.12302866558274213,2.020335028081212,0.5356595861643115,data/raw/audio_samples\Actor_04\03-01-07-02-02-02-04.wav,Actor_04,disgust,nervous
1.341040301519253,-0.4405958061876492,-1.1352741778920605,-0.9253076159464825,-0.17939675296761612,-1.2313278869371314,-0.38318382500687626,-0.6383455415381437,-2.1547917044071734,0.18849183480337184,-0.7076167874406818,-1.0700756355470076,-1.9962169843284703,-0.2910830645598563,0.9719799046300281,-0.6397344833823534,-1.479128195347962,data/raw/audio_samples\Actor_23\03-01-03-02-01-02-23.wav,Actor_23,happy,confident
-0.3580782938276622,0.6889178175050534,-1.0385930106086045,-1.1786353639720617,0.3658914078650581,-1.703434150768319,0.6216874980195622,-0.4728050926595713,-0.6285244636975664,0.9052210927374275,-1.4575766554721143,0.6187851099153429,-1.3171606907023259,0.7392853723874242,-0.4951277234699707,-0.5931923842043078,0.2609157977762746,data/raw/audio_samples\Actor_22\03-01-07-01-01-02-22.wav,Actor_22,disgust,nervous
-0.3660934685477653,-0.8634200211017952,0.37585477069780066,-0.5267337022460539,-0.8959855788584593,0.11691770702855912,-1.513013268789687,1.096846376317029,-0.02227602772330845,0.3056502037384099,0.4578838362430768,-0.8029807753623979,0.16326766969009743,1.3287748921773637,-0.5740227934769494,1.058294803484197,0.2609157977762746,data/raw/audio_samples\Actor_14\03-01-04-02-01-01-14.wav,Actor_14,sad,nervous
-0.8166435921615339,-0.2951079388124882,0.08940238117323537,-0.4447393728238521,-0.4146946580479639,0.037274470378164254,-1.3093265205413946,0.07225247851930405,-0.2557392327691131,0.28516968210444554,-0.9788769543388554,0.35541305730697403,0.3521570953337379,0.24347919542367918,-0.6006836812413686,0.46444897215336595,0.444078323368299,data/raw/audio_samples\Actor_04\03-01-02-02-02-01-04.wav,Actor_04,calm,confident
-0.057299917536019686,-0.14470785428564617,0.35362124778908216,-0.42269089868129445,0.15575241092994843,-0.4572869232919934,-1.377935612415828,-0.8221055411514797,1.2429073231311516,-1.6324947194834643,-0.6163502382482726,-0.6812463440942832,-0.521634016953306,0.0025487300398430086,-0.2012463006767112,0.02168896856911798,-0.3801530417958124,data/raw/audio_samples\Actor_10\03-01-06-01-02-01-10.wav,Actor_10,fearful,nervous
1.257610018146348,0.09881240618541191,-1.0155126219719526,-0.7219046815820419,-0.07750571205583026,-1.0332312161968336,-1.0943576725591662,-0.6462366268308588,-1.1882330530947107,0.4100554632268753,-1.082201878613276,-0.2878336600065957,-1.7844154230708509,0.21300272920126048,0.640212663110372,-0.44407183889853075,-1.112803144163912,data/raw/audio_samples\Actor_23\03-01-08-02-01-02-23.wav,Actor_23,surprised,neutral
-1.5434037691613416,1.3087119849772593,0.3302063574590847,2.093264480335757,1.0467569667164225,0.16761321952903435,0.8403542037469223,1.0621222033604958,0.42951263044946336,-0.014675547581254028,0.5072847504229181,0.4185798084794095,0.30430351271281586,0.4135982484808664,-0.7574041825951872,-0.8342980210028788,-0.4717343045918249,data/raw/audio_samples\Actor_09\03-01-07-01-01-02-09.wav,Actor_09,disgust,nervous
-0.15259030148802513,1.0211943039629208,0.5617144819383517,1.2694506116353654,0.029152707457966807,-0.4622195595044339,-0.22171667171988205,1.0318230466765415,0.6423948923353546,-1.0652327403346868,0.7368251789085235,-0.29965803338659663,-0.8779487909542579,-0.4520568356323043,-0.49038317414766175,-1.0896058346766937,-0.6548968301838499,data/raw/audio_samples\Actor_07\03-01-08-01-01-01-07.wav,Actor_07,surprised,neutral
0.3625294166844364,-0.14497760875183857,-1.1299073631673908,-0.3760262317743939,-1.6003781107637114,-0.11283214542636764,-1.5773252203621728,-1.0911935167043538,-0.46618384938072727,-0.4727970563779618,-1.6988290073448125,-0.45778335773842793,0.34395606281513535,0.5095525273025684,-0.24183807179035277,-0.3743900234313741,-1.295965669755937,data/raw/audio_samples\Actor_04\03-01-08-01-01-01-04.wav,Actor_04,surprised,neutral
0.10931928996811813,-0.025142982392686083,-1.1591147603074494,0.4714548431037116,-0.6035394459558614,0.17806920280514216,0.05728301366534665,-0.5962005921511655,1.0239521134319673,-0.68255029624239,1.2515876148875698,-1.924200622893547,0.41699792262642116,-0.3514660816213924,-0.3285532560192105,-0.9405840059883988,-0.10540925340777546,data/raw/audio_samples\Actor_12\03-01-03-01-01-01-12.wav,Actor_12,happy,confident
-0.7610821096153495,1.240386448441831,0.6683718918038773,1.9816515775618815,0.7201020851479685,1.4889660045414106,0.8312166527759767,-1.4251957388536152,-0.897288481775103,0.09091435791189545,0.19390548254786483,0.682568846199894,-0.8945222960454395,0.10064581722454552,-0.6259101224725537,-0.41572104008851996,-0.9296406185718875,data/raw/audio_samples\Actor_01\03-01-04-01-02-02-01.wav,Actor_01,sad,nervous
-0.26020229414487345,0.1968789565026775,-0.6010955576367942,0.052754873350657726,-0.08135769159930915,-0.22850463860317355,0.1386427778662131,-0.9653226368226535,0.8088143357207338,-0.6245926839827516,0.7029751790312578,-0.9050130003482426,0.018909345001167983,-0.30662600263224243,-0.4054573414061886,-1.0165934344516816,-0.3801530417958124,data/raw/audio_samples\Actor_12\03-01-04-01-01-01-12.wav,Actor_12,sad,nervous
-0.9303214545357461,0.6176714006295225,0.8833531647462534,0.3591834796378158,0.13525885125110743,-1.2276078361334013,0.6951896615961058,1.1994336704366264,0.489117221085354,-1.099466800605389,0.7056792378245618,-0.1141831122025437,0.028349059093691568,-0.21938072891039956,-0.5803527801206989,-0.8908819929061503,0.35249706057228714,data/raw/audio_samples\Actor_16\03-01-02-01-01-02-16.wav,Actor_16,calm,confident
-1.1194262741073513,0.3226782511505495,1.5557389560605233,0.9824599175957072,0.12159235224838008,1.064846879880059,0.6953865181126122,0.9099996394988009,0.8400484322070277,1.9538535415203977,0.9632835191205282,0.17331705552365392,0.9504014073999123,-0.06759816370530965,-0.7170903528391709,1.1694589306295111,0.444078323368299,data/raw/audio_samples\Actor_05\03-01-07-01-02-01-05.wav,Actor_05,disgust,nervous
1.097464211782179,-0.6931024812702887,-0.2618553413268823,-0.6180041338518212,-1.945075024979083,1.8864665188774754,-0.07222482885724504,-0.4983879724019643,-0.5511373012546709,-0.6823671126465601,0.16640918619301714,-0.5112261241164242,0.2152833552986608,-0.6748643592182213,1.0483036883293,0.18854411367944443,-0.6548968301838499,data/raw/audio_samples\Actor_08\03-01-05-02-02-01-08.wav,Actor_08,angry,nervous
1.4997979265479882,0.08907146731206188,-0.6743625192028055,0.14944286111267857,-0.5098043877211199,0.08148914493591823,2.3305878470255568,-0.1696148069138692,0.7278537266185175,-0.3151436865813731,0.8480462368899939,0.19192555215165613,-0.3165343240777372,0.6159866361379164,1.1721926684334727,-0.7648067568253163,-0.10540925340777546,data/raw/audio_samples\Actor_15\03-01-05-02-01-02-15.wav,Actor_15,angry,nervous
-0.6878057364004173,1.8444355965734651,1.0466979965735732,1.579561411336681,0.8498407881406994,2.013193030585631,1.5600477926044198,0.5160875789321031,1.001431463252173,-0.5441787320676381,0.6474592026078088,0.9026219405469641,-0.0003353145321321294,-1.9863661764910387,-0.5712815872089407,-2.0791860750054463,-0.9296406185718875,data/raw/audio_samples\Actor_17\03-01-02-02-01-02-17.wav,Actor_17,calm,confident
1.8965754052921817,-2.5162642793244965,-3.74517386888737,-3.3140682685439846,-1.6835830025089085,-2.690110120644952,1.7410849347638655,2.116580447596371,5.798186493852865,3.7673871855145222,1.7408381230343175,-0.2056982384335128,-1.8125535807107496,1.1093175158284996,4.671741607822354,1.0359225344605345,0.444078323368299,data/raw/audio_samples\Actor_06\03-01-06-02-02-02-06.wav,Actor_06,fearful,nervous
0.42943917193904874,-1.4788610404729243,-1.6913955432844114,-1.4139280340225489,-0.9452628518892143,-1.9650284591828622,0.11113954797642349,-2.715267701096212,-0.5224260793067727,1.187902636006344,-1.7811645874666049,0.8265848487326225,-0.42382933883120416,0.3538485217606457,0.232484560507516,0.6512696253345213,0.35249706057228714,data/raw/audio_samples\Actor_18\03-01-04-02-02-02-18.wav,Actor_18,sad,nervous
-0.33322911653174975,-0.10573709218273455,1.7333952745655679,0.6179885380604094,-0.08474273966425386,-0.7908059460923772,1.4980243937836528,0.7473055204195257,-1.196947761122367,0.7354845855401166,-0.15578643062328498,0.32474876120128626,-0.06199187539591875,0.3920149421276088,-0.44791687027220667,0.6682585580270352,3.2830974700446847,data/raw/audio_samples\Actor_07\03-01-07-02-02-02-07.wav,Actor_07,disgust,nervous
-0.5229731723979647,1.365318675162656,0.693078623200773,1.0776829564227113,0.3026070110959901,0.0345177886376022,0.7755236846192816,-0.004839056998142519,1.147839504407664,0.9536165452259151,1.097927760983743,1.438244178623398,-0.06889128041521497,-0.8599876632046743,-0.5824016076604656,-0.2388251242677542,0.8104033745523491,data/raw/audio_samples\Actor_05\03-01-05-01-02-01-05.wav,Actor_05,angry,nervous
-0.5370439773524516,1.582656111715462,0.23387279078915296,1.4093073522088648,1.2715466098164845,0.2425634259480266,0.8364970224397933,-1.400268698560795,-0.9283222800278094,0.9334342686241917,-0.19151452531219545,0.932940234961706,-0.8211446239508361,-0.47977373574814985,-0.6085642598690773,-1.3516237967104139,-1.3875469325519494,data/raw/audio_samples\Actor_01\03-01-01-01-01-01-01.wav,Actor_01,neutral,confident
0.3374757422855801,-1.024559340386343,-0.7184280169375501,-1.3622338901788815,-0.5564596503901353,0.010994322161995463,0.10662142283007123,-1.2288932009461444,1.0536368163381307,-0.05734182712927514,-0.0639552175969239,-0.20674420569541807,-0.22836363461249587,1.091840263820203,0.14639897552246897,2.4281672239693672,2.2757035792885483,data/raw/audio_samples\Actor_18\03-01-07-02-02-01-18.wav,Actor_18,disgust,nervous
0.8634905629054395,-0.10866322747997088,-0.955576709880972,-0.41173666590181607,-0.5973041190354239,-0.4167875410079724,-0.8203307206570466,0.3596068345154237,0.7984182580799816,-2.1431967273711776,0.3413587950512065,-1.3980805657732427,-0.13909990908782874,1.0038418384234091,0.5451342914785587,-0.23210066172228755,2.092541053696523,data/raw/audio_samples\Actor_10\03-01-07-02-01-01-10.wav,Actor_10,disgust,nervous
1.4459389774647244,-0.06426876573103944,-0.8684806660281158,0.45520259498404725,0.8004135130305413,-0.5152182005235767,1.170627064653414,-1.1874639972706635,0.788873652961665,-0.1872376552866237,0.7157086196701457,0.4908442713945081,-0.3905397639809817,0.8926720588123942,0.7830760274331424,-0.25544773930667514,-0.9296406185718875,data/raw/audio_samples\Actor_15\03-01-06-02-02-02-15.wav,Actor_15,fearful,nervous
0.3088362009471207,-0.9018403264449603,-0.38033457229457746,-0.4959029714389459,-1.3528365894096728,-0.8078082670770507,-1.1101582804287864,0.12188794595508638,-1.1436736040447735,-1.194533738414933,-0.24168620261223367,-1.566999728748621,-0.9675483891710002,-0.29927680369673065,-0.2415719058417175,0.9223690868031258,-0.7464780929798625,data/raw/audio_samples\Actor_14\03-01-03-01-02-02-14.wav,Actor_14,happy,confident
0.7620240153765425,-0.14421826744603075,-1.1395667898803983,-0.22815401595701662,-0.622984940045948,-1.2275035216915007,-2.1525962610254035,-0.5424336044200669,0.6274342229808261,-2.6395012582685307,-0.045222961943424296,-0.9372011487701009,-1.9534889035608758,-1.20471988047214,0.616708078611753,-0.9225266320775847,-1.2043844069599243,data/raw/audio_samples\Actor_10\03-01-03-01-02-01-10.wav,Actor_10,happy,confident
-1.3468893671487376,0.013165363169326693,0.0634046302445051,0.04161445825608144,0.5326792909665853,0.39626758373498705,0.22875327381298352,-0.3530781811183493,1.9768621592205027,-0.34035191304905266,0.9710867876228693,-0.9220075704748704,0.6440879738842469,-0.016071567406839456,-0.5652012034882432,-1.0621168110650645,2.1841223164925356,data/raw/audio_samples\Actor_12\03-01-04-01-01-02-12.wav,Actor_12,sad,nervous
-1.695587646116904,1.958485390954693,1.4595812891758488,1.8579419331648894,0.8850062744823658,1.4353854116318936,0.5127917583410437,1.3528338247461857,1.4924086127700134,0.17434986671708247,1.8070841586136344,-0.4667821070027822,0.06631958775030233,-1.5478527985274002,-0.7633315626008795,-1.3788214448640883,-1.112803144163912,data/raw/audio_samples\Actor_05\03-01-04-01-01-01-05.wav,Actor_05,sad,nervous
-1.6501143947592918,-0.44329218308132123,0.4404415753464684,-0.49601260171670547,-0.1486282389078848,-0.5289268723140772,-0.42292739393857637,0.9553646622296181,0.15043770090923544,0.17918520862717946,0.14837236497322143,-0.8010710796679011,-0.21334384276594967,1.5194995321268507,-0.762678157199537,0.888351114955994,1.543053476920448,data/raw/audio_samples\Actor_06\03-01-07-01-01-01-06.wav,Actor_06,disgust,nervous
-1.0375226976467673,0.12220951893872042,-1.0096716902339833,0.1544800013368156,-0.6415514157960993,-1.1220729712454363,-0.4862215513620048,0.06198078990758666,1.50684601481793,-0.4489190078062121,0.6522903024558798,-1.290455256500953,0.07348841582834947,-0.16245669868772328,-0.6725785663720756,-0.8612476134787098,-0.196990516203788,data/raw/audio_samples\Actor_06\03-01-01-01-01-02-06.wav,Actor_06,neutral,confident
0.848946401280619,-0.272600665467139,0.25828068880670907,1.1096673838263273,-0.004377321974665459,-0.04212692098295877,0.917803646870883,0.13413989417272307,-0.9879789797474616,1.7057739052678116,-1.0509639762688436,0.7169903271711074,-0.44666952761492024,1.698896587189546,-0.01429955007527786,0.5589259829235936,-0.196990516203788,data/raw/audio_samples\Actor_19\03-01-05-01-01-01-19.wav,Actor_19,angry,nervous
-0.32505157286724917,-0.02032389475909533,0.13067082586186404,-0.20037353219965606,-0.12096548935153789,-2.6896268032844475,-0.78733772168632,0.731385878374829,0.169285543888638,-1.6744322151902125,0.02693529079251191,0.12056352574370359,-0.8550915669009078,-1.008400333903185,-0.3903410697224071,1.8888995671748843,0.1693345349802621,data/raw/audio_samples\Actor_16\03-01-04-02-02-02-16.wav,Actor_16,sad,nervous
1.0597779409525436,-1.1270575712196267,-2.114951820074049,0.10568413217732428,-2.30256810472804,0.44400459684031107,-1.3772872114772186,0.4237524703594737,-0.8122807758914318,-1.1770346604748751,0.5346196625998231,-2.3354007758739996,0.5673801482112215,0.7845438179472328,0.6144521026050548,-0.24679591941837986,-0.5633155673878374,data/raw/audio_samples\Actor_02\03-01-03-02-01-01-02.wav,Actor_02,happy,confident
2.122142146085668,-1.5449305947166838,-0.6649165090429545,-1.7068276076428985,-0.3142514603206429,-0.6180770920719132,-0.520066701595818,-0.0022016167576817455,-1.3539550801108575,1.5999906055470805,-0.47135336407999495,0.9078341001819198,-0.8196280016833472,0.08436580083612512,2.44993725073218,0.4746613433921074,-0.196990516203788,data/raw/audio_samples\Actor_13\03-01-05-02-02-01-13.wav,Actor_13,angry,nervous
-1.4840299808233675,2.0724878907217184,1.1190070596657804,1.4053355059328376,1.7332420130872372,0.9208056403624593,0.556090617239141,1.6849066405529147,0.9114130841398597,-0.6658542115565139,1.596742112160679,0.5456092415021312,0.8864241988076029,-1.7724970477986626,-0.7436355888093314,-1.86732458034153,-1.662290720939987,data/raw/audio_samples\Actor_09\03-01-08-01-01-01-09.wav,Actor_09,surprised,neutral
0.8965550236745502,-1.640253765468138,-0.9299575953348306,-1.9852757086719672,-0.6506110353444604,-2.1158899084712712,-0.5762029799039842,-1.4076885808679276,-0.41922713013351964,-1.4417319175705317,-1.8778933703739986,-0.3228656933174832,-1.8360777174476446,0.1783986244090499,0.4265738052286715,-0.34718967849954196,-0.5633155673878374,data/raw/audio_samples\Actor_22\03-01-06-02-01-01-22.wav,Actor_22,fearful,nervous
0.49791000951312925,-0.7401845616510028,-1.7155333388294314,0.8323585581863101,-1.0164611491100761,-0.10543972242338946,-0.49051371280263967,-0.010758600387233306,-0.27867568315601815,-1.6406308912175558,0.4456169513568524,-1.2118801938648058,0.14852436872693756,0.07193742048295669,0.0462057781731873,0.2018901520477641,0.1693345349802621,data/raw/audio_samples\Actor_08\03-01-03-02-02-01-08.wav,Actor_08,happy,confident
-0.42414519335469064,-0.643331322547477,-0.31231019109530356,-0.09278362895336843,0.062080677028704664,0.028245113056133073,-0.9221714138558706,-1.4405040240835258,0.8540258422643285,-1.4307353102843043,1.2558021343709578,-1.8612448543603797,0.08165519658141128,-0.5981186627795507,-0.4783374116403278,0.5387389668508762,-0.3801530417958124,data/raw/audio_samples\Actor_12\03-01-04-01-02-02-12.wav,Actor_12,sad,nervous
-0.6921668784799361,-0.1425115741458568,0.0038043608677914282,-0.7103004153015595,0.6932174179528932,-1.089297522887535,0.2261558401652289,-1.1536183004684661,0.068520328654077,-0.17154804715912275,-0.4890439143937194,-0.38405090464155783,-0.3013064844701286,0.34204103230048555,-0.5538132637564952,-0.8129479978180142,-0.10540925340777546,data/raw/audio_samples\Actor_22\03-01-04-01-01-02-22.wav,Actor_22,sad,nervous
0.5738419194997655,0.29012495947603745,-0.2783352434185442,-0.2506303408104766,-0.0005327279906009897,-0.2222470783522839,-1.9574700903198141,1.3991970802724802,-2.520534638700856,1.0803168406992079,0.5733794054738585,-1.3731033938627162,0.035341372782126554,-0.8124449637233987,-0.28710245456328637,0.5249931309943138,-1.295965669755937,data/raw/audio_samples\Actor_03\03-01-08-01-02-01-03.wav,Actor_03,surprised,neutral
2.454150067796402,0.2809579786985037,-1.4443037201860618,-0.0056265072617934,-0.3639367171242355,-0.9812191770637867,0.6343911584055262,0.59644434102066,-0.03668450481371313,1.0208765824122232,0.8716954068312175,0.08040375044720183,0.21885647290001925,0.8801665263364259,2.6842161237957725,0.15382687257894065,0.2609157977762746,data/raw/audio_samples\Actor_09\03-01-05-02-01-02-09.wav,Actor_09,angry,nervous
-0.7060425481444894,0.9988630716815478,-0.3198831013104285,1.944782176306975,0.6557854880659252,0.12388372842198007,0.80281454692463,0.14344771785377966,-0.17685693075581463,-0.25374302498405654,-0.19512126282148298,0.2559689126725876,0.07923220131537993,1.5934865809366008,-0.611739339103242,0.12520352838690224,-0.3801530417958124,data/raw/audio_samples\Actor_09\03-01-07-02-02-01-09.wav,Actor_09,disgust,nervous
-1.37391224040298,0.9653726459848738,0.9776245265084493,2.155379660297568,1.82698538007632,0.6920899517674735,0.13912534442418578,-0.20570698853822367,0.3809809046826491,0.40441910333361986,-1.5804258110783482,0.6820012097518735,-0.17863152085749814,-0.48989627795502044,-0.7304132386706518,-0.5577633383642538,0.9019846373483617,data/raw/audio_samples\Actor_09\03-01-04-02-02-02-09.wav,Actor_09,sad,nervous
-0.3011175127930939,0.07474499445550413,-0.7467844863151947,-0.8768932378427576,0.578644345754399,-1.4803977443989202,-0.04442478223536907,-1.5357357568917693,0.1611611951900886,-0.9997052817377526,-0.5565517958662187,-0.42383645705188594,-0.801978737437404,-0.5186900931182805,-0.5026166622933655,-0.7996595125674101,-0.838059355775875,data/raw/audio_samples\Actor_22\03-01-03-01-01-02-22.wav,Actor_22,happy,confident
-0.904962058430772,2.225958329924908,-0.023032816332464234,0.6550800129763252,1.2356553683148839,0.53124701928729,0.28713291213172504,0.2525939094134701,-0.09508251150768289,0.22459523079303184,-0.6443040509134046,2.821270209759842,-0.6733632974231034,-1.409751417193324,-0.6655040776862751,-1.707206925091134,-1.295965669755937,data/raw/audio_samples\Actor_13\03-01-02-01-01-02-13.wav,Actor_13,calm,confident
0.7976565384770423,-0.18364270751481143,0.1801638406343019,-1.0037248230613192,-0.11736612329395608,0.16268478201953263,0.9606785365787615,0.06214463800456587,-1.6829453388380717,0.5730231021847686,-0.15678125138858687,0.1364929455737614,-1.0454189022009268,-1.492699133979685,0.43920895951175043,-0.18034740335806604,0.444078323368299,data/raw/audio_samples\Actor_11\03-01-03-02-02-01-11.wav,Actor_11,happy,confident
0.8760538234086108,-1.401204305749537,-2.670861959673413,-1.3389051620272954,-2.9471181840905833,-1.2145377404076292,-1.6322688698913492,-1.6343944408252356,0.4068400059563737,-2.099263053156985,0.39795173063970957,-1.9328728301800047,0.6249257723050264,0.9654944779589274,0.2924308653642453,-0.16689634182152654,-0.2885717789998005,data/raw/audio_samples\Actor_20\03-01-03-02-01-01-20.wav,Actor_20,happy,confident
2.028424985554379,-0.5905810410429984,-0.34577067525897925,-1.1624718418462543,0.2959276616081649,0.43259102938063965,-1.0950738626094907,0.8622997255033229,-2.2258649618389215,0.3911601725611367,-0.5273507812045586,-0.9848322549378296,0.39954341621487555,-0.7136176868050548,1.4982672678529234,0.5358461357179215,-0.9296406185718875,data/raw/audio_samples\Actor_03\03-01-06-02-02-01-03.wav,Actor_03,fearful,nervous
0.9734163861591157,-0.7388883388913771,-0.04145911755284902,-1.9548838223213563,0.1944852934308054,-0.718087396937584,-1.6144414824782438,0.483913445662253,-1.7238442824688927,0.9700264701194751,-1.44279318982753,0.36413429815158876,-1.6866090535035372,-0.9723340126883869,0.20333840181902083,0.07795123415673402,-0.7464780929798625,data/raw/audio_samples\Actor_13\03-01-03-02-02-01-13.wav,Actor_13,happy,confident
-0.3326109443164131,0.0005009164773071359,-0.9177119762419995,-0.9159839658132205,-1.4634473773671373,-0.42112228192193524,-0.40646900189171964,-0.6721621793326913,-0.18347869572913808,-0.6093968328335259,0.4646479907124581,-0.7805685965292382,0.25035124315415447,-0.04123785508202811,-0.44900284640799176,-0.7224725194841339,1.2683096885324117,data/raw/audio_samples\Actor_24\03-01-07-01-01-01-24.wav,Actor_24,disgust,nervous
0.009668349049907037,0.46807328094968326,-0.3522415418272876,-0.27852781095478124,-0.8565799266027957,-1.678849718712346,-0.8100727343961414,0.8471179587221028,0.4094498761685073,-1.9206577101163285,0.5933850775067858,-1.194543895191172,0.12147550180349563,-0.13750028315610327,-0.3025743972198732,-0.5225299865528436,-0.7464780929798625,data/raw/audio_samples\Actor_16\03-01-08-01-01-01-16.wav,Actor_16,surprised,neutral
-1.0737707599526947,0.21165385236797069,1.2399729859889448,0.5878753754951654,0.20193041601421136,1.674184716867639,-0.46155799587228546,0.174141629980115,0.45779007266377125,0.27650632572860595,-0.6639092756489349,0.550505176957282,-0.16091725678841237,-1.0472739820624801,-0.6712613206930468,-0.04374478045509276,-0.4717343045918249,data/raw/audio_samples\Actor_08\03-01-02-01-02-01-08.wav,Actor_08,calm,confident
-0.7352698358060019,1.0044286551701753,0.049467287892628824,1.6744824455052945,0.699991070092871,0.21909743505042584,0.1380625490286507,1.4947240414219043,1.868440961952184,-0.09669469589632189,1.230587393272612,1.1790021273182736,-0.6112345817101694,0.33386979586609444,-0.6725989594909337,-0.5878277234168423,-0.196990516203788,data/raw/audio_samples\Actor_07\03-01-03-01-01-01-07.wav,Actor_07,happy,confident
-0.46018963622764386,-0.29550352030782445,-0.07913763657743347,-0.33641007551724084,-0.17244447970550422,-2.3167065922797994,-0.7049314391365168,-0.5119837879579898,0.66848810596966,-1.5369455724339354,-0.5829614307211921,0.4903850928732452,-1.5246911111648946,-0.8635435494358602,-0.4379963839664021,1.6922728078102134,0.444078323368299,data/raw/audio_samples\Actor_16\03-01-04-02-02-01-16.wav,Actor_16,sad,nervous
-0.8874639522445441,0.053175730958505765,0.3409263859390402,-1.0633787458936097,0.7901147265435775,-0.5081244452563081,0.11490260965528117,-0.8938911254029023,0.3652409332558342,0.22806423215307867,-0.8297266371861981,-0.44048253538210647,0.5581847271343008,-1.357377525260534,-0.6110543311767243,-0.3391793155042712,-0.2885717789998005,data/raw/audio_samples\Actor_22\03-01-01-01-02-01-22.wav,Actor_22,neutral,confident
0.6702808808854726,-0.9683788856128953,-0.9332537765728451,-1.0214117711483421,-1.5839074926518313,0.1574691532290206,0.032324556390199544,-0.4749076236284478,1.0340485322980608,-1.4156235752918898,1.7762708388777515,-0.9862585627524121,0.07597290720958451,0.7215096151421043,0.2535331870625877,0.413164663599702,0.8104033745523491,data/raw/audio_samples\Actor_24\03-01-05-01-01-01-24.wav,Actor_24,angry,nervous
-0.8801421368005167,0.8755230969722091,0.8684103740130837,0.9676324589050934,1.3112311994356107,1.2599798852169197,0.21833462352741995,0.12618510259400645,-0.6035946200555733,1.64910107005935,1.045387840174787,0.6097249303640999,-0.5675884086450643,-0.212305695554123,-0.6684422358617862,-0.0777528043154633,0.6272408489603241,data/raw/audio_samples\Actor_01\03-01-02-02-02-02-01.wav,Actor_01,calm,confident
0.733154231949361,0.044986756091950936,0.13030830069468669,0.3511598560883796,0.1633155656943664,-0.013161282367167135,-0.7430218346178287,1.9563894276030507,-1.1502898174450085,0.47316640564259016,0.20708860531364157,-0.925622588763783,-0.0029209301735351047,-0.10189687467810417,-0.19207150799753214,-0.4443481726922047,-0.838059355775875,data/raw/audio_samples\Actor_03\03-01-08-01-01-02-03.wav,Actor_03,surprised,neutral
0.671505523049883,0.7811726771746004,0.35062552018011567,-0.5930855969163558,0.8356430075537993,-0.1850321081159706,-0.24726454957655294,0.008112989773026106,-0.6698927675985898,-0.09482748739231223,-0.9277279325287816,0.27281635138270116,-1.1302465710223841,-1.0016302351274984,-0.1370530522159197,-0.7805845155282845,-1.0212218813679,data/raw/audio_samples\Actor_13\03-01-08-02-02-02-13.wav,Actor_13,surprised,neutral
0.6504709919990127,0.6235566606771118,-0.034929374304991545,2.0878669392633946,0.18341180963063508,-0.7478259701121441,1.6407550866050273,-1.1714332604044133,0.30589196732624196,0.6149710516335484,-0.8008110278519228,-0.003410309627205905,-0.651544379094823,1.3373791908248516,-0.13531272592245108,0.4173788025579016,-0.2885717789998005,data/raw/audio_samples\Actor_21\03-01-07-01-02-02-21.wav,Actor_21,disgust,nervous
-1.184427389734488,0.6292898189098891,0.4225299658433515,0.9625577459386597,1.5797321690786814,0.5626575159720594,0.8314034558225252,0.4170113394117921,-0.05227243884117485,1.4900174824866934,0.09385404167368631,-0.09587788582609028,0.5389079905507322,-0.25480778967914186,-0.623055732692619,1.259158479118078,1.1767284257363992,data/raw/audio_samples\Actor_23\03-01-02-02-02-01-23.wav,Actor_23,calm,confident
2.230136364014328,-1.295710749350091,0.13083348980443238,-1.0262648308028626,-0.9123826149154326,0.2849818953885844,0.976884251414013,0.9426941525364104,-1.7890800607981714,1.0424923758724833,0.13704666682751587,0.10579529435170967,0.31482448315703965,-0.02001275501319838,3.033566114932285,-0.35018683460813715,0.6272408489603241,data/raw/audio_samples\Actor_11\03-01-05-02-01-02-11.wav,Actor_11,angry,nervous
0.7422919465607308,0.18490174142691,-0.3093229070411561,-0.9656076478487068,-1.5969575025978824,-1.668155342413827,-0.23942092806283807,0.04359515576756301,-0.5074380936892068,-1.7087980412325667,-0.34286407853275475,-0.9686600959383618,0.09399827638014274,-0.11761248654913758,0.21722342618476767,-0.2680173644274065,-0.5633155673878374,data/raw/audio_samples\Actor_16\03-01-08-02-01-02-16.wav,Actor_16,surprised,neutral
0.3739297644777341,0.11349796777943358,1.0498179243098444,-0.4250525169077282,0.36068144277665654,0.36677971977812496,0.1503473148330412,0.12688207171594532,-2.209151951056246,0.4735369360977915,0.05342037485987683,-0.5770137266578701,-0.08514220274098626,-1.5382726173742596,-0.07469470781852637,-0.3778428768459137,-1.2043844069599243,data/raw/audio_samples\Actor_11\03-01-04-02-02-02-11.wav,Actor_11,sad,nervous
0.1644197032235451,-0.5886380206428431,-0.6687348214546451,-0.2874098520278748,-0.7778683271435634,-0.638658760659614,-1.9138506693510635,-0.5254881794053327,1.2371784782202537,-1.611386669439764,0.8557131906012572,-2.103169974478791,-0.049691081727484515,-0.5608509727954406,-0.313951170101896,0.21085572729336768,-0.9296406185718875,data/raw/audio_samples\Actor_12\03-01-06-01-02-01-12.wav,Actor_12,fearful,nervous
0.206671613235643,-1.1366113752306073,-1.5422290566823156,-0.7992488263741245,-1.475964259339162,1.0454157492020848,-1.0126040038306212,0.2138818347186588,-0.7416756170087297,-0.17834759857486993,-0.1400861244696563,-0.9459450465002088,0.7758024133661376,1.358523924099098,-0.17090882977605876,-0.09793187765387963,-0.2885717789998005,data/raw/audio_samples\Actor_02\03-01-06-01-01-02-02.wav,Actor_02,fearful,nervous
-0.03438366207007838,0.20361581154797587,1.0132627403824719,-0.31913634675911556,0.6962727144669457,-0.410948544787821,-0.7065802082095901,0.07104317673941653,0.43186245993125094,-1.2812725689244826,-0.3442860430819469,-0.5419524269223019,0.1008884992682887,-1.6279938772275035,-0.17947768467654626,-0.5917071861553186,-0.2885717789998005,data/raw/audio_samples\Actor_10\03-01-01-01-02-02-10.wav,Actor_10,neutral,confident
-1.0237640506448429,-0.04614967353432433,1.0282929868035835,0.5319219959318114,1.2027724750186624,0.8341002086952187,0.021353443993623582,1.4355357605174948,0.5504050739160754,0.6688211029944584,0.02114305716773866,0.640564763533786,0.3062368345900053,0.7598707527713718,-0.6000612485276408,-0.5739853698520152,0.8104033745523491,data/raw/audio_samples\Actor_19\03-01-06-01-01-02-19.wav,Actor_19,fearful,nervous
0.1972147193119531,0.7428970291236413,-0.16990256474210136,0.18317943288769517,0.2631585499496466,-0.4161148154926753,-0.9912268797964287,0.7794360651779012,0.6735178942738225,-1.323693367867475,0.07607128904769439,-0.1523164027842108,-0.16312519687750351,0.7422956828930968,-0.20427360640102027,-0.9028215227974085,-0.4717343045918249,data/raw/audio_samples\Actor_10\03-01-02-01-01-02-10.wav,Actor_10,calm,confident
-0.10783264371238804,1.557794617574252,0.32376319487875027,0.9911584277864638,0.7160811609328847,1.7295347248369901,1.4447290824645516,-1.6258088452496904,1.1588283701907491,-0.26459583253978164,0.17742862803091652,1.316367227245179,-0.3038589961123846,0.010366352578068125,-0.42762210820941315,-0.8007583887205042,-0.6548968301838499,data/raw/audio_samples\Actor_17\03-01-01-01-02-01-17.wav,Actor_17,neutral,confident
-0.059131614762816975,0.266561731688894,0.08641500583741421,-0.029218115271272254,-0.5816795577853519,1.1385886762671522,-0.6517240717427127,-0.619891730495557,0.02645833046123299,-0.9149099963600701,-1.1044160069453324,-0.721963441883469,0.6770374172249857,-0.9614555633736083,-0.38703530770571026,-0.4507240694925751,-0.838059355775875,data/raw/audio_samples\Actor_08\03-01-08-01-02-02-08.wav,Actor_08,surprised,neutral
-0.8975369704869747,-0.2718465791184648,0.8558180157775243,0.21582503708518427,1.3208849804003815,-0.3767108281531186,0.1011123127878822,0.46413409680917966,-0.2966155915912334,-0.4692185946144347,-0.0020660124555178503,0.7989028381923424,-0.5848006759387643,-0.7881810803416726,-0.4955156693621041,0.3249134367222218,2.702128834182481,data/raw/audio_samples\Actor_07\03-01-04-02-02-01-07.wav,Actor_07,sad,nervous
1.717988582637653,-1.7105688141772506,-0.8123842436971287,0.3053094053809372,-0.9363302913167051,-1.1078039125693775,0.8144936151008985,-0.34015631100897087,-0.9868938995529077,1.837790445173432,-1.4113236367063942,0.7586334060294164,-0.6699410204893909,2.697474216393853,1.8823927355693286,2.2509769604024865,1.1767284257363992,data/raw/audio_samples\Actor_19\03-01-05-02-02-02-19.wav,Actor_19,angry,nervous
0.8316264620982435,0.7683354007812974,-0.12177183766825472,0.6891778262977596,0.06749456561871563,-0.14711940675574725,0.9985894058108276,-1.4851069184560202,-0.2985976293559135,-0.9409343440370408,-1.844948098152989,-0.21153055729649614,-0.5396340144456859,-0.21289352125164562,0.10018837246168424,0.0758670435198624,-0.838059355775875,data/raw/audio_samples\Actor_21\03-01-08-01-02-01-21.wav,Actor_21,surprised,neutral
0.20099952477802507,-0.208841394738762,-1.1639097866279398,-1.196860213396843,-0.7014545940495486,0.12496391473135515,-1.0555903434340315,-0.8944291641060796,1.6423813538014798,-1.6694418904767425,0.3257731090269456,-1.6836399575997418,-0.38653248863898587,0.8904778157008605,-0.051260052311784876,-0.20856838946054332,2.1841223164925356,data/raw/audio_samples\Actor_12\03-01-07-02-01-02-12.wav,Actor_12,disgust,nervous
0.6121068673961001,-0.9212077629029727,-0.5249165281157804,-0.6149899640716241,-1.4501930336106206,1.0726253153029364,-0.9936205631197058,-0.4101362132312009,-0.007423046269483578,0.25298078706256727,-0.774216265217024,0.011280021428505737,1.0202285698706768,1.1784545433948614,0.06427918827248565,0.25517287598743066,-0.5633155673878374,data/raw/audio_samples\Actor_04\03-01-05-01-01-02-04.wav,Actor_04,angry,nervous
0.718583155112136,-1.0065511861735599,0.1333138867244149,-1.9804568266324274,-0.00683479848500592,-1.094196756085485,0.2445257319667219,-0.4654739520911848,-0.6378031610821594,-0.9320299438187788,-0.6860354200751673,-0.5883591390121103,0.2777593005500926,-0.2843758815033576,0.14886528322917608,1.6188996873584691,-0.196990516203788,data/raw/audio_samples\Actor_24\03-01-08-02-02-02-24.wav,Actor_24,surprised,neutral
0.38568849417533246,0.2528538840637883,0.9005718554207338,0.7622895972941339,1.613823056525549,-0.014639692324154973,-0.6078689208402858,1.267854109836789,-1.2404728511682397,-0.12471224397980896,-0.5085699536140083,-0.4413552404911756,0.07810376572401954,0.03616409363926744,-0.06601888266853619,-0.6583146683961414,0.6272408489603241,data/raw/audio_samples\Actor_19\03-01-04-02-01-01-19.wav,Actor_19,sad,nervous
-0.3903282768648766,-1.8671367586686454,-1.2132296400653315,-0.9410372569685834,-1.0535936903015222,-0.9462163634491347,0.24458681876513194,-1.9504364080003005,1.0113687159943794,-0.9922627036319326,1.0788183797941846,0.4418708485156953,1.2320099092967005,1.984099971612188,-0.112580764861838,2.3951053009245356,4.146143550104763,data/raw/audio_samples\Actor_20\03-01-04-02-01-02-20.wav,Actor_20,sad,nervous
-0.2871722146442764,-0.8422099923132922,-0.5909894896942768,-1.1336022012459348,-0.39378436134068306,-1.1212371494470963,-0.6286382408050318,0.007422726575929499,-1.05711423348289,-0.8573550962789216,0.5572768441343569,-1.6540031527882775,-0.08012453051991682,-1.3633763324276353,-0.39969752798126357,1.0456989095544358,-0.013827990611762946,data/raw/audio_samples\Actor_24\03-01-03-01-02-02-24.wav,Actor_24,happy,confident
-0.3394921694356431,1.848483081334603,0.6138266417748258,1.0019824816842846,1.1902191802726614,1.5606457479369027,0.8950896028269736,-0.4242955500048044,1.0973259301343432,-0.32065888638893286,-0.14454618533953714,1.2756098573800145,-0.1085474550429885,-2.446361828266173,-0.48511596178577127,-1.8858804765578425,-1.2043844069599243,data/raw/audio_samples\Actor_17\03-01-02-01-01-01-17.wav,Actor_17,calm,confident
-1.1340742933452548,1.7590915894187518,0.7576147779307355,0.9895626532788723,1.691819145724104,0.6449471950847467,0.6720081790728268,0.16832044015537737,-0.6453848435113162,1.343669470031679,0.404646823769314,0.6058906598264243,-0.4345435568908863,-0.7327647311853767,-0.6846207626370049,-1.564388141739149,-0.2885717789998005,data/raw/audio_samples\Actor_01\03-01-02-01-01-02-01.wav,Actor_01,calm,confident
1.9751477853827084,-0.7516354051872196,-1.6487640806438018,-0.843066743695687,-0.912264993043277,-0.6828843518450087,0.07563701140957307,-0.3404196303244436,-1.9509111921120328,-0.21167996281779103,-0.8321053363168013,-0.26978881873208027,-1.2265620524529326,0.4802985548354663,2.751056528456383,-0.05671202564616194,-1.295965669755937,data/raw/audio_samples\Actor_23\03-01-05-02-01-02-23.wav,Actor_23,angry,nervous
-0.1259775926662966,0.0256502654926143,-0.4061053969824408,-1.2355551261077204,0.6462921720563949,-1.5371225943194367,0.10695232561268107,-0.9021610954492052,0.24207802256817576,0.3168221543139435,-1.0953218458082972,0.8209318789469362,-1.526189248352568,-0.5914087242900948,-0.4302979645748373,0.5394858251468201,0.07775327218424957,data/raw/audio_samples\Actor_22\03-01-07-01-02-01-22.wav,Actor_22,disgust,nervous
-0.29260557687013156,-0.7667528950634184,-1.1437217491047666,-0.758010282257223,-1.3251459388510936,-1.2704359123717612,-0.8035950443340214,-1.8989733525141743,1.6631166552376706,-1.013765443214889,-0.027262313091410372,1.3303216552819777,-1.2914567643573662,1.1906404456478017,-0.27537818157411087,0.0637497064803367,1.726216002512473,data/raw/audio_samples\Actor_24\03-01-04-02-01-01-24.wav,Actor_24,sad,nervous
-0.8924690115251779,0.4840279146914737,0.1629945337018728,0.4711432674197444,0.40267046797675277,0.49978156624627795,0.428470146143287,-0.6632596170429353,0.9830111544866363,-0.23200531931567253,0.29091304185823197,-0.7207226930388152,0.5525382601557115,-0.19715862134991224,-0.6246648995697257,-1.658854226048385,-0.3801530417958124,data/raw/audio_samples\Actor_12\03-01-01-01-01-02-12.wav,Actor_12,neutral,confident
-0.4395471310965801,0.7229036688826024,0.8788003921432961,1.7767077242469116,0.46864177229167414,1.5049415560485409,1.109559415709965,-0.11701353245118346,0.6514942360575571,0.9135189361313599,0.10355734070117903,0.37473220236578486,0.32506129080566604,-0.41395057555157205,-0.5616454129825751,0.2901513991815891,0.6272408489603241,data/raw/audio_samples\Actor_21\03-01-04-01-02-01-21.wav,Actor_21,sad,nervous
1.48964533289497,-0.9259919634600374,-0.5100161641061624,-0.8022637317652401,0.20005065437362146,-0.17333760077744206,-0.44850054909114107,-0.5083500708167974,-2.7529709288974193,1.167771798121088,-0.9625440077445834,-0.6840625611448539,-1.6901661627841402,-0.600345511847744,1.1706633547454839,0.1769187975166467,0.07775327218424957,data/raw/audio_samples\Actor_01\03-01-06-02-02-02-01.wav,Actor_01,fearful,nervous
-0.7500465799727971,0.5785876569482381,0.3526519276958538,0.6887331616230069,-0.34928116862325975,0.9865554856191762,-0.6460970009863526,0.10282881343007176,-0.2555420257523587,0.6676694288214723,0.005156743057233132,0.4201331962131345,-0.37768212238529053,-1.4877760937629325,-0.599077169895599,-0.7335288055869412,-0.5633155673878374,data/raw/audio_samples\Actor_08\03-01-01-01-02-02-08.wav,Actor_08,neutral,confident
1.308855997451439,-1.99027149810771,-2.259705202878498,-1.195118998101945,-1.7525096931313595,-0.11738102019020659,0.4478710452257819,-1.126486352087511,0.8188137282298956,-1.128501825987412,1.4369310683752023,2.6518021168694457,4.7517662350739664,1.5331370883093765,2.6910325322854063,1.6620492960843594,2.1841223164925356,data/raw/audio_samples\Actor_06\03-01-05-02-02-02-06.wav,Actor_06,angry,nervous
-0.7419477340489145,-0.19282924841056476,0.07472282753234506,-0.1644728739389027,-0.6390710987594216,1.3571588523422233,-0.055089120177233816,0.7820549523596317,-0.3623595912023336,0.9844908822073408,-0.7961517376720052,-0.3957261176302243,0.4076738913046393,0.6531055327423411,-0.5895354542807054,-0.17979757640748462,0.35249706057228714,data/raw/audio_samples\Actor_02\03-01-02-02-01-02-02.wav,Actor_02,calm,confident
-0.9127554752051935,0.38895931741893724,0.2760502640255182,0.07619619039095023,0.32967269288152823,1.2433705241934143,0.5060193579881619,0.20975456150907595,0.10731724483823873,0.07500461342603493,0.8935524771892966,-1.8994904148821032,0.8004487333879848,-0.020159252198752853,-0.6425825525425203,-1.2692438034699938,0.1693345349802621,data/raw/audio_samples\Actor_12\03-01-02-01-01-02-12.wav,Actor_12,calm,confident
-0.6410145173049482,1.657919359435518,-0.3080298108512443,1.0304915920981954,0.9685858124058215,0.730223831468059,-0.16760678996586956,-1.586906881116429,0.6244098142827381,1.48603199333721,-0.05583478519297246,2.268507253885634,-1.3553520737766034,-1.347452685368338,-0.6294950046644727,-0.9860095872327911,-1.8454532465320115,data/raw/audio_samples\Actor_13\03-01-02-02-02-01-13.wav,Actor_13,calm,confident
-1.52160127688697,1.6014977605180496,1.4506939228591618,1.8085562172197058,0.5727223580305993,1.0359799807617103,0.2843265578035148,0.014349499876327707,0.8247104451406604,0.8100398760026856,0.47101320445817213,-0.12037277657024098,0.14482995034038362,-0.6125341695336414,-0.7567057097629792,-0.8206999720086334,-1.3875469325519494,data/raw/audio_samples\Actor_05\03-01-04-01-02-01-05.wav,Actor_05,sad,nervous
2.5678044524989243,-1.8076225444925271,-1.7890890243294177,-1.5478488633350127,-1.0694064465470434,-1.0906722715341908,0.8335671540521019,0.2603360114092731,-0.744358288531591,1.8892739699044065,-1.4322478968738925,0.6757015196132392,-0.9181726870856506,2.389256537435547,4.8786208447307065,1.786385430950035,1.726216002512473,data/raw/audio_samples\Actor_19\03-01-05-02-02-01-19.wav,Actor_19,angry,nervous
-0.3089159030306771,1.0050604177944613,0.029429226159377157,-1.1491403085855971,0.677487783443189,-0.23990458360442152,-0.3130603933148049,-0.36933155468936246,-1.1652588772452275,1.50918976692748,-1.003660453772766,0.2832974358345166,-0.985781926920136,-1.171449405231184,-0.536296800287246,-1.480981305273693,-1.479128195347962,data/raw/audio_samples\Actor_13\03-01-08-01-01-02-13.wav,Actor_13,surprised,neutral
-1.524871475194132,0.9724744286088957,1.5325368433119662,-0.12597006076501654,-0.1136511869085004,1.4687073095142091,-0.0973364818650819,-0.7631792383775746,0.6685291749933028,0.22697692142666984,0.2346965086503974,-1.1563787558532348,1.0875861732499676,-2.841029838538188,-0.6787097967088241,-0.9996076362270364,-0.4717343045918249,data/raw/audio_samples\Actor_18\03-01-01-01-02-01-18.wav,Actor_18,neutral,confident
-0.5895786687297421,0.3122483290085695,0.8900086271055173,-0.2822508429003678,1.343412894129546,0.13359812745459532,0.6657399841751601,-0.42581064195749896,-0.6108727323744862,1.1554449369669686,-0.3628217209951742,-0.012383604480178277,-0.5552529403497863,0.2618239495746479,-0.5973559940685038,0.13450761054823346,0.35249706057228714,data/raw/audio_samples\Actor_01\03-01-07-01-01-02-01.wav,Actor_01,disgust,nervous
0.978907089489659,1.1829745820467388,-0.5211578226370286,1.0089128095688908,0.24998442157454756,-0.9197184425072096,0.8643270379768767,-1.9538443590051369,0.2400797086005774,0.050381310291555965,-1.1109680358335492,0.44578634721577887,-0.942238811195441,-0.8277931845334804,0.5441514725216384,-0.12070164015890789,-0.10540925340777546,data/raw/audio_samples\Actor_21\03-01-03-02-02-01-21.wav,Actor_21,happy,confident
1.7498365928287376,-1.7629622694952534,-0.7845754643618017,-0.29115998032289725,-1.7717567345045881,0.17625797566187626,0.09387075050363804,-2.4232014270096784,2.381116040598236,-1.5299172542448958,0.00776287455809609,-0.5670846616963675,-1.1100630385789705,3.2173224643862746,2.31637355715198,2.6207456540215563,-0.013827990611762946,data/raw/audio_samples\Actor_16\03-01-05-02-02-01-16.wav,Actor_16,angry,nervous
-1.5677784195602944,0.15070598370607932,1.4768975139621296,1.2934930278833117,0.4926218630925988,0.9230521796959635,1.2422175369806556,1.8327623641442472,1.0314614361528012,1.7016354997523333,0.9697610027405915,0.09307820279282128,0.9609622174197517,0.7163252680332503,-0.7561464948665796,0.8549027549812026,1.1767284257363992,data/raw/audio_samples\Actor_05\03-01-07-01-01-01-05.wav,Actor_05,disgust,nervous
0.7584018714115246,0.18154820294947274,0.19574101261371385,0.21395875176687573,0.3106219842960664,0.11698255366283533,-0.17490848157519442,-0.8141997028241116,-1.8505882101428104,0.7344363851799707,-1.0445078859957444,0.3801851951635011,-1.1263146858098325,-0.4951371114394959,-0.005183996172080559,-0.4430319364209157,-0.6548968301838499,data/raw/audio_samples\Actor_01\03-01-08-02-01-02-01.wav,Actor_01,surprised,neutral
0.3044030899300852,0.00025480931821602275,0.27500020529188485,-0.26796786562759595,-0.4191571771697019,-0.6618925166324472,-0.29972719421481897,-0.5262376782718692,-1.5577553469404477,1.076439110181246,-0.6204076220916362,-0.6419180488275472,0.0026944262949069064,-0.879444234553848,-0.24186769117834364,0.6436936949298949,-0.196990516203788,data/raw/audio_samples\Actor_05\03-01-08-02-02-01-05.wav,Actor_05,surprised,neutral
-0.3861970843174234,1.3345471058985034,0.6149255362038992,1.1731483750055292,0.8570906379008842,0.836949355204943,0.4379018329209969,-1.1389645135031599,-1.1560520979665527,0.9498917519662377,-0.005378907824533256,1.067019994265954,-0.8928727745113021,-0.9164432698246372,-0.5610238824685964,-0.7400448774839439,-1.3875469325519494,data/raw/audio_samples\Actor_01\03-01-01-01-02-01-01.wav,Actor_01,neutral,confident
0.6610559843904442,0.33937529355849494,0.9456768192927008,-0.23409513307993657,0.23687101891018936,0.7585563056806875,1.3413012814750618,0.4905665054636729,-0.7096460684193467,1.019541223228455,0.0832373973882026,-0.14430982220698124,0.09609349372761297,0.5907946310884611,-0.12426040449738587,-0.3853265405978635,-0.2885717789998005,data/raw/audio_samples\Actor_11\03-01-05-01-01-01-11.wav,Actor_11,angry,nervous
0.2575492637101098,1.557888914860594,-0.5301957124336794,0.14997903255223283,0.2607868963750941,0.050588557396932285,0.3936317130776466,-0.9278662465545553,0.37884708186284716,-0.08537535971365912,0.714401757353915,-0.11489097847848512,-0.287200435490548,-1.0783988935074786,-0.31968391753434655,-0.7081706628182887,-1.0212218813679,data/raw/audio_samples\Actor_15\03-01-08-01-02-02-15.wav,Actor_15,surprised,neutral
0.6576930456231491,0.35847034807174816,-0.2212370960001583,1.2437702566320183,1.0069582043839642,0.22505604765207665,2.43486855328838,0.504573394212529,1.558941574506004,0.7023580749266168,0.9536679629470626,0.8660387252439177,0.4912164846263638,-0.2779309238166131,0.2563555402401093,-1.3459579429628117,-0.196990516203788,data/raw/audio_samples\Actor_15\03-01-03-02-01-01-15.wav,Actor_15,happy,confident
-0.731798065962462,1.4758683761508313,-0.29376175499548196,1.1769502709084834,1.6725215337843296,0.6312654416453091,0.6652278316913117,-0.023359927289151743,-1.0505664053693349,0.8244252506594292,-0.430156527277587,-0.23758025759384815,0.1346829101055025,-0.04015680688517785,-0.6077474286433634,-1.2237113315828045,-0.196990516203788,data/raw/audio_samples\Actor_23\03-01-04-01-01-01-23.wav,Actor_23,sad,nervous
-1.5166822292633684,0.44680676137199393,2.309558261676446,1.4194376360905794,2.1097409751790988,1.959763649297228,0.5282109088362664,0.9280757952073543,1.0061115655378232,1.092028739206179,-0.14047108418911042,0.8854438711672706,-0.454006292039005,-0.48029497181587505,-0.701373275701686,-0.7917041322414932,2.2757035792885483,data/raw/audio_samples\Actor_19\03-01-02-02-02-01-19.wav,Actor_19,calm,confident
-0.605544948262159,1.7935465916915077,0.48622901057425927,0.6335087320616618,0.840432850565696,0.7011111449449015,1.4914040880691322,1.2723340588103675,-0.1949840786106483,0.4404242827702403,1.1678420926749495,-0.4484887470548232,0.7448147444274026,-1.203770633818406,-0.6097538868401937,-1.1076247913229795,-0.5633155673878374,data/raw/audio_samples\Actor_15\03-01-02-01-01-01-15.wav,Actor_15,calm,confident
-0.2162564810912237,1.1675997452420241,1.1936337758639373,1.1167009235813388,1.4675772179327222,1.4042220785934518,1.9802416176121451,0.5907839816267225,1.1645916285461897,0.1027919360745507,0.22951739027072843,1.2450873743174484,0.5912107989840139,-0.05350136869659449,-0.271099167322362,-1.6985604138820156,-0.5633155673878374,data/raw/audio_samples\Actor_17\03-01-07-01-01-02-17.wav,Actor_17,disgust,nervous
0.772805898397847,1.0663180369851732,0.4237565176931217,0.5071238566778791,0.29439727795876297,-0.18488235437782194,1.131703092891604,-1.2056258770517838,0.20327353605707527,-0.6919839475397783,-1.4340319212218449,-0.652071161796479,-0.5701902138334953,-0.7502865293598137,0.21266844094560033,-0.24572364429348992,-0.3801530417958124,data/raw/audio_samples\Actor_21\03-01-08-01-02-02-21.wav,Actor_21,surprised,neutral
-0.04428260910184856,-0.22165152052020795,0.8151325985491519,-0.2074533426898021,-0.37731237553261515,0.033572800562854783,-0.17269729266848385,-0.004432901483529652,1.6377867878316206,-0.494117220140788,-0.1978015177498551,0.8313923816011427,-0.3696094584765189,1.4738622145354356,-0.4126621383765123,1.0475014678303922,1.4514722141244367,data/raw/audio_samples\Actor_16\03-01-07-02-01-02-16.wav,Actor_16,disgust,nervous
-0.3833952692174334,-0.05797245125877606,0.8645971733751214,0.3066327936741513,1.0380350484530454,1.13357376880324,0.23154660650391512,0.9010950654315922,-0.17290660798705992,0.7888331307825827,-0.02232521071570629,-0.10230709219075342,0.6203513191382295,0.5283725936386433,-0.5815962667145756,1.886202430199981,-0.7464780929798625,data/raw/audio_samples\Actor_23\03-01-07-01-02-01-23.wav,Actor_23,disgust,nervous
-0.6922025703920379,0.33005066406695266,-0.30966028410722374,-0.7610637405315567,-0.6564218293681873,-0.027050218470504567,-1.9984878647581612,-1.0455013566066484,-0.7508203196065069,0.15720992343786022,-1.557541076647656,-0.464234575405687,0.07507003791898105,-0.8124435860069201,-0.6259365926727409,-0.09747040540294437,-1.3875469325519494,data/raw/audio_samples\Actor_04\03-01-01-01-02-02-04.wav,Actor_04,neutral,confident
-1.0202852594415452,-0.23685732287045783,0.12474901856097907,-0.5805729845315803,-0.18992979161915496,0.32250253119883854,-0.5207250602570522,-0.12454719194980617,-0.5477326728860843,0.5502433954683735,-1.2116310251161528,0.023098646046515823,0.001203779793171945,1.3019457007125426,-0.6361396887943068,-0.6713457395134844,0.7188221117563366,data/raw/audio_samples\Actor_04\03-01-02-02-01-01-04.wav,Actor_04,calm,confident
0.7043897689185454,-1.3822774098645594,-0.7051264514431308,-1.3144365117957402,-0.14068739484119028,-0.441785685260177,-0.05337447693910387,-1.2211802697234053,0.7506985129634058,0.6101357097234514,-1.0289173789355481,0.31269906401908293,-0.9277489249702766,1.6835240267216762,0.09876085414161813,1.233442087689992,0.2609157977762746,data/raw/audio_samples\Actor_18\03-01-06-02-02-01-18.wav,Actor_18,fearful,nervous
-0.7971774573465462,0.3396044680779333,0.05160446571942569,-0.8389136299555334,0.9247950184402479,-0.27879940823427274,0.3420530078170004,-0.5548856127288311,0.257154581010925,-0.6102732453922076,-0.48022611914168983,-0.4430654203283432,-0.4258118334370535,-0.8227792150291426,-0.5618566639049698,-0.6994970228475645,0.35249706057228714,data/raw/audio_samples\Actor_22\03-01-03-01-01-01-22.wav,Actor_22,happy,confident
-1.0403701515851826,-0.05324766091152745,0.15882428479715627,0.046032973948705286,-0.07243935506715363,0.5445448713213615,-0.4731411252209569,0.6037290989422208,0.792253173079238,0.14028956951886798,-0.04543315911021452,-0.30729103666054985,0.28285574579103,-0.6853207680517318,-0.5960680273247303,-0.08804318656239624,0.07775327218424957,data/raw/audio_samples\Actor_02\03-01-04-01-02-02-02.wav,Actor_02,sad,nervous
-0.16477499367759232,0.1419722449500061,-0.7564249264400685,0.8158106429792447,-0.3141855373643882,-0.29310056366168546,-1.1510665199182601,0.1782501266001395,-0.4045020872049596,-0.5069699744132941,0.23713968913663858,-0.5247222497801781,0.25667972500568054,-1.0176576701615145,-0.43180780436635396,-0.6039367462805942,-0.7464780929798625,data/raw/audio_samples\Actor_08\03-01-03-01-02-02-08.wav,Actor_08,happy,confident
1.6504568519311686,-0.2845457669159788,-1.3472815245695895,-2.2395981643320297,-0.5024020056435845,-0.2814442178676446,1.486442987886974,-1.1111941610772218,1.1109800872313593,0.13948280805534918,0.11998972116162185,-0.8468681155662533,-1.2859784149510871,0.16524280975519717,2.3112430706086773,0.7293806575492666,-0.013827990611762946,data/raw/audio_samples\Actor_12\03-01-05-02-02-02-12.wav,Actor_12,angry,nervous
-1.017842996472482,-0.24089955267446203,1.1871724254101141,0.8404896617662058,0.18638914746197977,0.4518860287788887,1.5318275109383095,1.8654009665334843,1.2566565509173069,2.1618675704431314,1.3217209572018862,0.02466476867144242,0.911730801651852,1.1535344077305103,-0.7125507390410126,1.1381300922604163,0.9935659001443742,data/raw/audio_samples\Actor_05\03-01-07-01-01-02-05.wav,Actor_05,disgust,nervous
0.3617330774652474,0.5842151321542172,-0.8668324841274347,-1.5446442511632998,-0.16710171131726181,-1.8378756858219136,0.27713631608972167,-1.3318014294521507,-0.26730871108537135,-0.2587326203666871,-1.8654840238758785,-0.3562872124937395,-1.5493132374793361,-0.05285751586227671,-0.23263679188834968,-0.4481275771963208,-0.5633155673878374,data/raw/audio_samples\Actor_22\03-01-08-01-01-01-22.wav,Actor_22,surprised,neutral
-1.0455823409786693,1.8480317389052376,1.233273253444203,-0.03188590931251355,1.048152854541951,0.3417292316959507,0.14010215871474876,0.513665734175321,-0.060075048644827454,0.5162481606587908,-0.27614033855517356,1.4764608416249536,-0.2649833026323828,-1.064024718247745,-0.6553221747474958,-1.0023035457226275,-0.9296406185718875,data/raw/audio_samples\Actor_13\03-01-04-01-02-02-13.wav,Actor_13,sad,nervous
-0.7384358839434241,-0.20129498435282348,0.1919023900296206,-0.8404261187566098,-0.23433109097058297,0.6641886843466542,-0.5634216684310129,0.6424087616669613,0.2869724585851526,0.39938611276604485,-1.3384008881969771,-0.5242731700199526,-0.011542347236049702,-1.1742718870569449,-0.5952126398267179,0.7697584011374139,1.0851471629403866,data/raw/audio_samples\Actor_02\03-01-02-02-02-02-02.wav,Actor_02,calm,confident
-0.053460696531825336,-0.2536288105044629,-0.06580083635695841,-1.2208444274622299,-0.13039931057689652,-1.3114229040237355,0.5817181568768106,-0.06826011766298637,-0.6272102549409997,1.2480379693748676,-1.8223362343562497,0.3146990952061469,-0.7935170411298978,1.3419922448339257,-0.3151474869692655,0.08567744646642966,1.0851471629403866,data/raw/audio_samples\Actor_22\03-01-07-02-01-02-22.wav,Actor_22,disgust,nervous
-0.37310692927576583,0.10179371853255124,0.9356483949713387,-0.59301931109733,0.008716317479778225,0.8640101822541895,-0.9573330899174863,0.6701437962220634,-0.3043765645967229,0.7992367769019834,-0.7129799488671906,0.5252437704541997,-1.3385521566620588,-0.32307318195339585,-0.49448964695304537,0.6303176469503419,0.6272408489603241,data/raw/audio_samples\Actor_19\03-01-07-01-02-02-19.wav,Actor_19,disgust,nervous
-0.2698519829052443,0.06843583453246967,0.09357057624029322,0.24343569980765525,0.9276053263746507,0.07217810129895197,-0.7369522196886611,1.2748858867436754,-0.9032289173239392,1.3219761623781436,0.3349856265961988,-0.2572436059341051,0.49858043299135385,-0.06121520326010076,-0.40094971314253314,0.004112903337912058,0.7188221117563366,data/raw/audio_samples\Actor_03\03-01-06-01-02-02-03.wav,Actor_03,fearful,nervous
0.6048380047069122,-1.5737852723953176,-1.5656393372877904,-0.550214758443216,-1.5080925369488603,-0.6721291410061329,-1.3491420914674588,-1.3390002397703167,0.6860883590695568,-0.16742270882118385,0.07909359647569418,0.6252372805859266,3.384955994907112,1.6953172797782246,0.2377177956864009,0.39199782875642614,-0.2885717789998005,data/raw/audio_samples\Actor_04\03-01-04-02-01-01-04.wav,Actor_04,sad,nervous
-1.0718758704880778,1.6737627632513135,1.5596422973512836,0.42852892273168863,1.3962175838503004,2.2591082625727745,-0.5752679114505791,0.1695158830239242,0.6765793975739103,0.9962365502516154,-0.45658231260294463,1.8256489453000182,-0.5254129471916968,-0.6181428533178946,-0.677348207060993,-1.6265378412708809,-1.112803144163912,data/raw/audio_samples\Actor_19\03-01-04-01-02-01-19.wav,Actor_19,sad,nervous
-0.2644783022373298,0.029216045849837138,-0.1857338192603118,0.8395742061036403,0.19811939897155875,0.39335769598941556,-0.8895679150355078,0.5885563851595379,1.9677409246362356,-1.2169514235359196,1.6098811450462513,-0.9189978015232605,0.8184986587184943,0.7228065055872637,-0.5137086805073932,-0.6990204605093269,-0.013827990611762946,data/raw/audio_samples\Actor_12\03-01-07-01-01-01-12.wav,Actor_12,disgust,nervous
-2.4412853080532737,0.9485246695303684,2.102350231558072,1.6606049757722312,2.3810618779184938,2.5548091014813115,0.3908125286068236,1.0065611572032644,2.3140401050483206,0.7108464982617473,1.2196337887067075,1.1729575039081848,-0.3459131567805565,-0.47135359186996406,-0.7933976671373615,-0.7582871580974718,-0.5633155673878374,data/raw/audio_samples\Actor_09\03-01-04-01-02-02-09.wav,Actor_09,sad,nervous
0.19920527480326902,0.3618738086419548,-0.48016194502612664,-0.024046980689065436,0.11372891978591823,-0.2590372331557057,0.05196252586903187,-0.6149112401152107,1.336215860960132,-0.7374853183932658,0.501242787136683,-1.0783020832138546,0.502167142563165,0.32765996845835904,-0.34282346860993296,-0.44368739793289336,-0.4717343045918249,data/raw/audio_samples\Actor_12\03-01-08-01-01-02-12.wav,Actor_12,surprised,neutral
1.2013051491358142,-0.9490584518270225,0.2434247333313556,-0.006421613744644629,-1.8378807420988839,0.8683904091166554,0.13208906442174587,0.3129384035260992,-1.0748224899137795,-0.5430618834422334,0.3694738713683828,-0.8160553661362139,0.4572822275153813,1.8183987960629446,0.5920452739068702,0.6693084684392172,0.9935659001443742,data/raw/audio_samples\Actor_20\03-01-05-02-01-01-20.wav,Actor_20,angry,nervous
-0.8165736711206132,-0.30159693504631757,-0.24302776586882618,-0.8381005697160899,-0.5077636482392193,0.20336256252619553,-1.2701038171008396,-0.5202846052585671,-0.7165411221951591,0.24985803551852667,-0.9043080631092429,-0.5957296052411344,0.35016698922443507,0.11430082448246631,-0.6172801733286758,0.4194297903398388,-0.2885717789998005,data/raw/audio_samples\Actor_04\03-01-02-01-02-02-04.wav,Actor_04,calm,confident
0.0173409399251643,0.46976070607370063,-0.6537664525981061,0.040989172808119784,-0.28674695321323096,0.4704528797830493,-0.9948254475573107,-0.9388822928237636,-0.3670158469581266,-0.9201465917869782,-0.07755596260061813,-1.2981295770803378,0.3508575821409464,-0.58535549732209,-0.319444647351818,-1.3601781249175777,-0.9296406185718875,data/raw/audio_samples\Actor_18\03-01-03-01-01-01-18.wav,Actor_18,happy,confident
0.45940575027171865,-0.20526422864108299,-0.46278100153317864,0.0960924771606499,-0.30420395381579307,0.07686506673722082,-0.4457033865068922,-0.33952505995048615,1.7142338556409145,-0.8152748948379301,0.5517912886580342,-0.5810877851288534,0.9728812277403596,0.6154052397839603,-0.07303098339055139,-0.5769016181044575,-0.6548968301838499,data/raw/audio_samples\Actor_12\03-01-06-01-01-02-12.wav,Actor_12,fearful,nervous
1.709227095886635,-3.2135828952728027,-4.008958189095475,-2.615380426687711,-1.9041201832514345,-2.5755344219802567,-0.132153084538814,-0.28798689810612665,5.034925692005491,4.872001772308749,5.840025440178368,2.439618693412299,-1.690955584428032,1.6387799286471998,3.804284924154386,0.7929944260666111,-0.10540925340777546,data/raw/audio_samples\Actor_06\03-01-06-02-01-01-06.wav,Actor_06,fearful,nervous
0.9894672145652819,-2.7088253593402087,-3.4179367362632163,-1.432149261978193,-1.3309176167638477,-2.228141205189076,-0.36382984211751757,-1.9254966264502802,0.9247256302337649,-0.8106919013982663,3.130129577615463,4.886975130838983,4.911773569228265,1.8437138771178185,1.1338711723414214,1.445180054781301,-0.2885717789998005,data/raw/audio_samples\Actor_06\03-01-03-02-01-02-06.wav,Actor_06,happy,confident
-1.5173358008341502,1.7865837734894638,1.2971072581297052,1.8476717053686658,1.2173641179152606,1.0230292681561632,0.48776493747018385,1.0078594242527261,1.1052861919964951,-0.6713636982724984,1.526482209178577,0.5287440286075301,0.6875970492740526,-1.9198440548010003,-0.7326160529826975,-1.4119949798021696,-1.112803144163912,data/raw/audio_samples\Actor_09\03-01-01-01-02-02-09.wav,Actor_09,neutral,confident
-0.9997109200114627,0.15654745244422177,1.0992931163354887,-0.2552077484614872,-0.10299519236967326,-1.8517011748586212,0.009390580722547394,0.5213197650248622,0.6442845721113819,-1.1152322591401878,0.005396348543230244,0.42369444666930933,-1.1540725099120863,-1.02277313144644,-0.6139097252922288,0.7389406623861523,0.35249706057228714,data/raw/audio_samples\Actor_16\03-01-02-02-02-01-16.wav,Actor_16,calm,confident
0.8396129662660025,0.3864979538859631,-0.3182789171764804,0.8037598164112582,0.8230340796283319,0.5145175673413802,1.30445971845717,-1.5669732959919838,0.4665662265117469,-0.04325850939798769,-1.1396936963519635,1.6752861711902118,-0.8074683228725905,0.4582036564298335,0.043389348873263865,0.06907712744674037,-1.2043844069599243,data/raw/audio_samples\Actor_17\03-01-04-02-02-02-17.wav,Actor_17,sad,nervous
-0.7042763836087643,-0.4172994134460684,-1.206958041390753,-0.6321950061706929,-0.744685419003409,-1.779766196976708,-1.204279823646706,-0.6987194299546646,0.7472176135509114,-1.7986824756524582,-0.2454739700209013,-1.9225990854353936,-0.6316197585863434,-0.8902469094623053,-0.5830951439280083,-0.5623128021714605,-0.013827990611762946,data/raw/audio_samples\Actor_06\03-01-06-01-02-01-06.wav,Actor_06,fearful,nervous
-1.3511074490231927,0.5432486541087825,0.5758216082033464,1.0154218829899517,0.11723774435586394,1.274805199138214,0.7571923789929598,0.4698046268557945,0.21525521867514844,0.5094277625365508,-1.0723857673448913,0.09497670838376363,0.11626452155821028,0.23048870674725472,-0.7198457815202062,-0.32065050542881335,-0.013827990611762946,data/raw/audio_samples\Actor_08\03-01-02-02-01-01-08.wav,Actor_08,calm,confident
0.0740878620437785,-0.33411636144152407,0.5164267910537571,-1.530149256273283,-1.0375031549602476,0.14462989286037004,-1.046291362459764,0.2311182968715472,-0.9536894362226309,-0.48548206455740534,0.06315320273247482,-1.0321580311371465,-0.07153476764636758,-0.2565979026236288,-0.2935853895984714,1.1715379974108442,0.07775327218424957,data/raw/audio_samples\Actor_14\03-01-07-01-02-02-14.wav,Actor_14,disgust,nervous
-0.17551591876697673,1.276063812132279,-0.6201486901106115,1.375854936422921,1.207762582944866,0.0998402759135369,1.2181227206485468,0.5437732131742007,-0.01040247460834376,0.4181334404377397,1.3239135643453768,-0.379249858344054,0.4928293380446577,0.3443611068503953,-0.43283695894057955,-0.4706168675097317,-0.4717343045918249,data/raw/audio_samples\Actor_15\03-01-03-01-02-01-15.wav,Actor_15,happy,confident
0.0850116350435204,0.10152892708142948,0.1344938849205881,0.5931559948496754,-0.32559020879644796,0.7904351443521468,1.0472621795170152,-0.31323895222296816,0.7742552885568835,0.3260832580902432,0.9947581945923456,-0.2995152673401503,0.6532331952836291,0.8911983614191519,-0.31968977332139764,-0.935049156941265,0.6272408489603241,data/raw/audio_samples\Actor_12\03-01-05-01-01-02-12.wav,Actor_12,angry,nervous
1.0280981508389881,-1.3130770689374154,-1.1030782187544224,-1.401496241835166,-1.7592732243195472,-0.23503810028939376,-2.328136740295941,-0.9572639034088819,0.6587872366861162,0.15007901271074464,0.38658023265261626,1.197834641211662,1.0684682361878546,0.8649817945484677,0.6427045047722436,0.31519260921408127,-0.6548968301838499,data/raw/audio_samples\Actor_04\03-01-08-02-01-02-04.wav,Actor_04,surprised,neutral
-0.12768202774748508,-0.05509769776462399,0.5177002160429823,0.4388336838228974,0.6994724055060312,0.6252346580053667,-0.807328998823668,-0.28146382148123245,-0.3956152804115626,0.9640658428975447,-1.0193623267630736,1.4137568504217592,0.00984150722022976,1.1106768627540207,-0.40142672147028047,0.8115364280272371,2.7336098932686106,data/raw/audio_samples\Actor_19\03-01-08-02-01-02-19.wav,Actor_19,surprised,neutral
-1.1064946847735557,1.0766714703066527,0.765497988785461,1.4077159751995112,0.524618363174597,0.36528675431761615,0.2061695418891933,1.028147976332155,-0.4528477091011963,0.8024428848832107,-0.3521180570110537,-0.4291720459884096,0.14494098163679264,-0.6610375966393056,-0.6950637758012969,-0.1214669624516118,-1.3875469325519494,data/raw/audio_samples\Actor_05\03-01-04-02-02-01-05.wav,Actor_05,sad,nervous
0.2785957895838994,-0.7946717524591738,0.21720265768945946,0.004043914708611171,0.27997444296415097,1.8977916803141588,0.964072205047171,0.2995665658598051,-0.5695384949446872,-0.7124453242392084,-0.016841282339011818,-0.21813726821589244,0.08247687650184404,1.9269550475141146,-0.4050266006051994,-0.06844892828852907,-0.2885717789998005,data/raw/audio_samples\Actor_18\03-01-08-02-01-01-18.wav,Actor_18,surprised,neutral
0.37387534893961166,-0.2828624289808432,-1.2881435968702655,1.1201854235820699,-0.7448189061513438,1.0451041821179021,0.7706130911552447,0.9192813100729726,0.04982389221344944,-0.8223628966006609,0.4012818612121946,-0.7048171290339172,0.7314048157656508,-0.04151477609422042,-0.007560492447155571,-1.369346400125256,0.1693345349802621,data/raw/audio_samples\Actor_08\03-01-03-02-01-02-08.wav,Actor_08,happy,confident
-0.1074139951368335,-0.9555210273041523,-0.45240866494842114,-0.7630223318842223,-0.9281356028375444,-0.9747438440871407,0.5020255452369403,-0.7301751351430807,0.933239409167255,-0.4588195523959577,0.4287250056458528,-0.9639253294849877,-0.19099779761913552,-0.24933595906509307,-0.29112105651763037,1.201418502875631,0.6272408489603241,data/raw/audio_samples\Actor_06\03-01-05-01-02-02-06.wav,Actor_06,angry,nervous
-0.4459918616842047,1.1334708422536155,0.8686284601943615,1.2233136121824564,1.1746739069350298,1.096573084036631,0.12656980516226615,-0.997328451378963,-0.7631483446820277,1.0639827016367778,0.15976049553429245,0.42370313129638104,-0.8351345672983721,-0.46047743874931635,-0.5798095537358915,-0.7074170801862891,-1.479128195347962,data/raw/audio_samples\Actor_01\03-01-01-01-02-02-01.wav,Actor_01,neutral,confident
1.3292273025618606,-0.8849764391480224,-1.2081231606741099,-1.318488547745516,-0.421292697997421,-0.770754620338095,-1.299463779270829,-0.09387473878296607,-3.1089090280842657,1.527579297044878,-0.4222767850927182,-1.0483549067389706,-0.1258231515321344,-0.6560112276866608,0.7943628527024389,0.3129910280711223,-1.295965669755937,data/raw/audio_samples\Actor_05\03-01-06-02-02-02-05.wav,Actor_05,fearful,nervous
0.04455631545943114,0.49318701303330703,0.4717752421533144,1.0644446759923325,1.4346098758079764,0.9781067622613189,0.6572038222023547,1.1416658720619286,1.7390848693107792,0.2464978867862606,1.4296326301311317,0.966189875377049,0.5176921932580055,-0.6593016738763091,-0.3603258032906578,-1.387648930966558,-0.013827990611762946,data/raw/audio_samples\Actor_15\03-01-06-01-01-02-15.wav,Actor_15,fearful,nervous
0.6786880815253821,-0.4939196078748497,-0.9586191280660461,-0.6879484571951376,-0.995700341596128,-0.8809504187061086,-0.8352198139171627,-0.2679225474472573,0.6720083079961782,-0.8422121216155526,0.10175716588284259,-2.173276342151365,0.32224334308265856,0.6543050645563483,0.02996815731439946,-0.564588569927479,-0.10540925340777546,data/raw/audio_samples\Actor_12\03-01-08-02-01-02-12.wav,Actor_12,surprised,neutral
-0.13164119698087395,-1.0895354256332157,-0.6478260238357822,-0.8806163263737995,-1.6028377755879524,-0.5178055345789425,-1.6193985133987523,-0.3437225218400846,-0.21202311814015248,-1.5280166180774135,1.4062469674681295,-1.29130644218011,0.004731409600082093,-0.5401223098977218,-0.3932267811540104,1.9549441152574059,0.7188221117563366,data/raw/audio_samples\Actor_24\03-01-07-01-02-01-24.wav,Actor_24,disgust,nervous
-1.2170813935144282,0.304261669991659,0.9496709116824523,0.5630945675578174,0.11044781663125063,0.9274979063242739,-0.11174243408322777,-0.09707950026508201,0.2460582481283385,0.7741422804620731,-1.2030368054056348,0.43140219153465414,-0.17834288781384075,-1.27265852432156,-0.7005172243208392,0.30974653069709795,-0.838059355775875,data/raw/audio_samples\Actor_08\03-01-04-01-02-02-08.wav,Actor_08,sad,nervous
-1.4534379163589466,1.4899522451530538,0.7886336712959687,0.8168154713265845,-0.006349403107935668,1.024072109335511,-0.641218099889516,-0.7610608367199047,0.6324097572752607,0.6079395426220864,-0.4899133882246968,-0.5983475976001708,1.4979498141884786,-1.7127707422585774,-0.6799030835468475,-1.9189369582065179,-0.5633155673878374,data/raw/audio_samples\Actor_18\03-01-01-01-01-01-18.wav,Actor_18,neutral,confident
0.6729010183017313,0.03390551120746531,-0.6187117340029176,0.6054052261910973,0.20656013599491482,-0.13443064656132334,0.22874255011169525,-0.5912274782881457,-1.0020860316535884,0.22501763490418564,-0.8284208596030529,0.37689462839357935,-0.8904171585161843,0.8258923041408636,0.12605154542148933,-0.5321616604427652,-0.838059355775875,data/raw/audio_samples\Actor_23\03-01-06-02-01-02-23.wav,Actor_23,fearful,nervous
-0.5227768668814049,2.0361373086340415,0.6596331776928426,1.4873156081548582,0.8025197651598402,0.6799977339561357,1.7376475097643063,-0.21779799455964616,0.43924554745038125,1.1538448610772825,0.2363757959926498,0.5436522991307111,0.8381528594237231,-1.457404104373472,-0.49678712414820453,-1.6286687032539977,0.7188221117563366,data/raw/audio_samples\Actor_21\03-01-02-01-01-02-21.wav,Actor_21,calm,confident
1.411961886205437,-0.3245208097155375,-0.45179662132613124,-1.4161764490039048,-0.061720446503685085,-1.025151978697586,0.3111291087109147,-1.249231376869406,0.46887580708864346,-1.8559911050201685,-1.24922136546107,-1.0473318115568577,-1.064477381943404,-0.39582855223130525,1.948130890453396,0.16587642579782283,-0.2885717789998005,data/raw/audio_samples\Actor_10\03-01-08-02-02-01-10.wav,Actor_10,surprised,neutral
1.2284722528217467,-0.7528183544264095,-0.44439404271416705,-0.06748566228943553,-0.6260164386463318,-0.9204055369170082,0.21476612042907825,-0.2981032327923317,0.9671998958144815,-1.1463660555677309,0.06041678273545348,0.19153248439328788,-0.5725793801952889,1.1485645251534866,0.8712144743228721,0.13927113786121145,-0.5633155673878374,data/raw/audio_samples\Actor_16\03-01-03-02-01-02-16.wav,Actor_16,happy,confident
0.3211402562525693,0.7112797037030392,-0.05346247508362826,0.04536390752564072,0.21018959136862947,-0.34841250339105856,-1.1061158280324357,0.12426027863344981,0.4329482971584988,-0.963643032162949,0.17365050269412002,-0.0581117167187258,-0.23419585852060512,0.6714443167885693,-0.126005565219699,-0.8054705186651285,0.35249706057228714,data/raw/audio_samples\Actor_10\03-01-05-01-01-01-10.wav,Actor_10,angry,nervous
-1.7798094415241643,-0.13802121327518016,0.7121189077790142,0.551089397368594,-0.047588999181895936,0.17932937351382486,-1.026812908037595,0.6523201185838212,0.8861154487807589,0.29210093851427477,-0.3719982013208091,-0.014671980657044758,-0.14963942502062572,-0.14581572058191788,-0.7804561734828551,0.754253545741126,-0.2885717789998005,data/raw/audio_samples\Actor_20\03-01-02-02-02-01-20.wav,Actor_20,calm,confident
-1.1278679964327363,0.5025425883835251,2.0877378612290394,1.0730226429960996,1.606360017122082,1.4761005256055202,1.3758966120623901,1.0541636117577018,0.026006508115105343,0.23814771722837433,-0.30586841297048833,0.9568080495182143,-0.21360130489070225,-1.0593459930865254,-0.6716833288813697,-1.0803550252019132,0.9019846373483617,data/raw/audio_samples\Actor_19\03-01-02-02-01-02-19.wav,Actor_19,calm,confident
-0.6276072308475666,0.632800130275146,1.1226702160525661,0.20509345998854092,1.1871337816203242,1.7839794924527472,0.21847479762283106,0.9288885532982362,-0.6707295410695528,1.467872810209923,-1.2840721521356078,0.38737781867532195,0.05986164993130921,-1.3447810634969801,-0.5599636275369804,-1.1818638396153023,1.1767284257363992,data/raw/audio_samples\Actor_19\03-01-03-01-01-02-19.wav,Actor_19,happy,confident
-1.23018910195548,-0.23214537797398027,0.3884200582119977,-0.32092829495647757,0.05894030981176748,-0.034333475197075324,-0.10500297081287424,0.3333494504993134,-0.8772142458316232,0.2215819396524715,0.272937809372513,-1.3028900438814357,0.35507840244094335,0.09353220780686902,-0.693342038227188,-0.28308013833241397,0.9935659001443742,data/raw/audio_samples\Actor_24\03-01-02-02-01-02-24.wav,Actor_24,calm,confident
-0.1841170844701935,1.0450812954979076,-0.27972482433757756,0.7993658103044009,1.3413403471631764,0.7070043510852176,1.8839563282909821,0.8821976574606901,1.108250101165131,1.1457999924476485,1.7399940349706884,0.9237905730095816,0.8310020029510523,-0.06231691720412955,-0.42529862042525973,-1.326070086028123,0.5356595861643115,data/raw/audio_samples\Actor_15\03-01-07-02-01-02-15.wav,Actor_15,disgust,nervous
-0.9221099742990833,-0.10913529779580758,0.1265313845220279,0.0010869204891420829,-0.4576862729385683,0.8138985227234745,0.548194334692314,0.45440413515930284,0.17632784052340894,0.3714996619009403,-0.6690928534868443,-0.2247753975029606,0.1513914287698474,0.22133929161307983,-0.6236358471313208,-0.04665718310544413,0.9019846373483617,data/raw/audio_samples\Actor_02\03-01-02-02-01-01-02.wav,Actor_02,calm,confident
0.5173322608296311,0.06017212249779227,0.153143141629033,-0.04590306428371888,0.3202741582178163,-0.08028846547068523,-0.7580587617599904,1.5718954892103878,-1.3564522786237194,-0.20867402576319466,-0.009913212647821669,-0.548020414284867,-0.3513326680569648,-0.305869177046682,-0.29345816241120487,-0.5522940376124207,0.444078323368299,data/raw/audio_samples\Actor_03\03-01-06-01-01-02-03.wav,Actor_03,fearful,nervous
0.3049156491923994,-1.9153012142478534,-0.3205594985126907,-1.422055386795124,-1.3421092011298394,0.4452473196056706,-0.11575271537571352,0.09753157986634269,0.42317879024404365,-0.7171843944785042,1.9437344937925831,-0.9409797147263465,-0.008565766115670042,0.6120826468764788,0.3591218112739595,2.259023107361144,3.8325850468207596,data/raw/audio_samples\Actor_24\03-01-05-02-02-02-24.wav,Actor_24,angry,nervous
-1.324539208813263,1.2215158973750084,0.5619451507278411,0.9860820334236451,0.8362682498660778,0.38461954204231397,0.18398833175304538,0.21080605052434231,0.16035470302688057,-0.618111971698963,-0.0031775022904601893,0.547284250521036,-0.2473629137725569,-0.331169562459118,-0.7002643190062527,-1.3028268763720683,-0.3801530417958124,data/raw/audio_samples\Actor_07\03-01-04-01-01-01-07.wav,Actor_07,sad,nervous
-0.4630613723685546,-0.7203060806117461,0.9700624559920785,-1.1261953591588976,-0.03319933081983948,0.09899512366422193,-0.28697518142572476,0.8450924341234983,-0.9112461458963053,0.13140249090804176,0.23125477109600426,-0.6858032985724969,-0.4494641575575067,0.5155726890750875,-0.5949516147143891,2.957050405783724,0.1693345349802621,data/raw/audio_samples\Actor_14\03-01-07-01-02-01-14.wav,Actor_14,disgust,nervous
-1.969369771810052,0.44250703866844243,2.085228071610119,1.459552908397724,0.7072882421411556,1.4277138798510622,0.9594480876032639,1.6471700543918242,2.056388506798115,1.016440860621745,1.1776087581935202,-0.5120809988407089,0.16983017506843986,-0.8295589578201793,-0.7678046264005606,0.5905975394161552,2.2757035792885483,data/raw/audio_samples\Actor_05\03-01-02-02-02-01-05.wav,Actor_05,calm,confident
-0.05700297252959911,0.6231663341389092,-0.6696427089814603,0.39839907554077764,-0.5129782634946596,0.631759115806396,-0.8700465658081855,-0.7894108045830421,2.124285854363914,-1.285025219203487,1.0790061591438744,-1.411776391746582,0.5738383276652449,0.24879672179212828,-0.4656215019683818,-1.0146474536694732,-0.10540925340777546,data/raw/audio_samples\Actor_12\03-01-07-01-01-02-12.wav,Actor_12,disgust,nervous
-1.350150788756202,1.5348056398249879,0.9215312933309379,1.9995988025758549,0.5613171395200645,1.0065735016634776,1.0611621070806203,1.5927034710515569,0.7799551138811831,0.8433827927511892,1.3919408898413264,0.49793677383728463,0.08522136717564947,-0.5316870111382717,-0.7247417642192777,-0.7827683074075943,-0.196990516203788,data/raw/audio_samples\Actor_05\03-01-01-01-01-02-05.wav,Actor_05,neutral,confident
1.3186446506236815,-0.03263976262791822,0.4371292372522054,-0.24231266690093267,0.31358448262377286,0.8123885291899363,0.8203556498122714,0.6689228708391161,-0.10353743114922433,0.5798482105686797,-0.5907257090954044,0.4944182298425972,-1.0600846987281276,-1.8843676258584428,0.9508431008164548,-1.6522843625717347,-0.9296406185718875,data/raw/audio_samples\Actor_17\03-01-03-02-01-01-17.wav,Actor_17,happy,confident
1.068301579141769,-0.24995267604743404,-0.7111758705238758,0.017374801278351087,-1.746914995105314,1.874406351165237,1.0748004529306576,0.010020601859820939,0.04751544718559368,-0.33633512345104477,0.24597471959213774,-0.4716169080632055,0.5029732370241453,-0.1980596479268962,1.0175851827270452,-0.6738119561349687,-0.013827990611762946,data/raw/audio_samples\Actor_08\03-01-05-02-01-01-08.wav,Actor_08,angry,nervous
-1.5219482490816645,0.5753141105960571,0.6320815388323837,1.0078342584569762,0.32100163582013713,1.1207158825218304,0.02054131511570208,0.7169445574616086,-0.28558814868378957,0.13917940642615786,-0.362561023476959,0.39201293479718113,0.3502345262153955,-0.3622687565298498,-0.7148843467827296,-0.7410447340276383,0.07775327218424957,data/raw/audio_samples\Actor_08\03-01-04-01-01-02-08.wav,Actor_08,sad,nervous
-0.27408001170602286,-0.5113827062560515,0.2124943033181659,-0.8015620276599418,-1.3737048978439863,-0.4654051620763164,-1.596970658132974,0.5815313700602006,-0.6888690537917198,-0.7562167223416337,0.47726090545295696,-1.1090887633916575,-0.28466955018350115,-1.3222583841247517,-0.47745155362248565,1.0649781947046482,-0.2885717789998005,data/raw/audio_samples\Actor_14\03-01-04-02-02-01-14.wav,Actor_14,sad,nervous
0.4804876755009535,0.20254175669827693,-0.5964788044250783,-1.0673723209844592,-1.196883390353916,1.3335595759524448,-0.7210951208926116,-0.9713774163627299,-0.46642698304757674,-0.6878677258373319,-0.9189285777392056,-1.046234197663163,0.29177703192610954,-0.408790568100506,0.016238107033864652,0.3156703184516238,-0.4717343045918249,data/raw/audio_samples\Actor_08\03-01-08-02-02-01-08.wav,Actor_08,surprised,neutral
0.593632792203548,-1.9139853583844921,-1.1245849113361486,-1.994046777583648,-1.3834511008786514,-1.0016256197821771,-0.27563505880803235,-0.4889073593908055,-0.1454591259494702,-0.7734058346749456,2.0149108521658197,2.843660008385893,4.561098073563752,1.2749268436125052,0.6404295995934499,1.466527419278299,0.444078323368299,data/raw/audio_samples\Actor_24\03-01-06-02-01-02-24.wav,Actor_24,fearful,nervous
-0.6482473955253778,1.6627539199984467,0.5137317224576045,1.0784981749930913,1.1880218951399089,1.120759653999967,0.4930936595371307,-0.3347761475080258,-0.7687170771781713,0.8896486238795102,0.6837021839346366,0.7628095127112479,-0.5881632690200002,-1.2405818404092837,-0.6040093086751835,-1.0832178623142008,-0.6548968301838499,data/raw/audio_samples\Actor_01\03-01-02-01-02-02-01.wav,Actor_01,calm,confident
0.4197236579309492,1.0132610703435354,-1.2192370695761654,-0.14676958073894422,-0.12529506840381627,-2.9101359637027593,0.6542555703267405,-1.0875253758156378,-1.4464596807619716,0.6445273054554643,-0.6579415563161074,-0.0023264066845696384,0.6070207373795425,-0.7854026854432256,0.26030594951152725,-1.094593041833044,1.2683096885324117,data/raw/audio_samples\Actor_09\03-01-03-02-01-02-09.wav,Actor_09,happy,confident
-0.04621699371510262,-1.1121929031699676,-0.31788594957111754,-0.9886482751966247,-0.5956299221318688,-0.5346598746111527,-0.9325412330016394,-1.4219026826944094,-0.4343465870955885,-0.44618304471733444,-1.4015287379961259,-0.03843607156137615,0.13404801406346836,-0.4989051660083813,-0.10731430149596566,1.6809523981290624,0.35249706057228714,data/raw/audio_samples\Actor_04\03-01-07-02-02-01-04.wav,Actor_04,disgust,nervous
1.026468025148569,0.31305992794365056,0.2899391358086494,0.9035746194276376,0.29040339993579395,-0.6457528891449217,1.2530276981105744,-2.1067229041273823,0.018765995086654833,-0.41406671809397666,-1.7456431946934314,0.2646174793281844,-0.9087095343951908,0.5328556830599059,0.31959170797078634,0.16531458605968574,-0.7464780929798625,data/raw/audio_samples\Actor_21\03-01-08-02-02-01-21.wav,Actor_21,surprised,neutral
-0.352413226729802,-0.013282836084173069,-0.37576136044122577,-0.5062425406687797,-1.2068834378010473,-0.15763706431279975,0.34583943184509325,-0.8467442266760826,1.4813315369065774,-1.0248712070167467,1.0426237594840853,0.3366196934050044,-0.2306735446843609,0.7612833714007309,-0.4610614439834551,0.0193461674520305,2.2757035792885483,data/raw/audio_samples\Actor_24\03-01-04-02-01-02-24.wav,Actor_24,sad,nervous
0.5728682909466938,0.04019511101228019,-0.15857158801994065,-0.3333567566856362,0.2888708279724914,-0.23916337257896797,-0.29468533115733364,-1.507362094760856,-1.9942286028555527,0.8737129463642715,-0.9560466976142351,1.0707159870954222,-1.0038861899280773,-0.3488272953261071,-0.06813111953029488,0.06870247394090614,0.5356595861643115,data/raw/audio_samples\Actor_01\03-01-03-02-02-02-01.wav,Actor_01,happy,confident
2.174273401833546,-0.835152876824906,-0.08108065828422877,-0.09098168938133373,-0.5650928222671228,0.8358610047509647,-0.440655778609431,1.0808405631381095,-0.2040836115910242,-0.7832807311301723,0.25023976955842536,-0.15307530085108695,-0.08729118388269154,0.4965124408329154,2.6675854162085444,0.1590705646747605,1.8177972653084855,data/raw/audio_samples\Actor_03\03-01-05-02-01-02-03.wav,Actor_03,angry,nervous
0.642882072327535,-0.3068676570513365,0.4504351842669633,-0.5331305747929587,0.7922218334829939,0.9288384588681062,0.319386167208226,0.20305176609840925,0.2556251226250665,0.37401451619033915,-0.7476858634118649,0.6420144429863553,-1.3743917059867194,-0.15789002780009417,0.4969535565278244,-0.6697331265147144,0.2609157977762746,data/raw/audio_samples\Actor_17\03-01-03-02-02-01-17.wav,Actor_17,happy,confident
-0.519607893177417,0.7117558612077576,0.6377266713802245,0.05205269635262612,1.777502679078149,-1.6193766777616545,0.1611861044155064,2.680516860589909,-1.8912131079384487,2.738673937621746,-0.8854129769670199,0.09124388658710283,-0.09264158754044262,-0.9175197256332256,-0.6271140314359255,0.5212613337130331,0.9019846373483617,data/raw/audio_samples\Actor_03\03-01-02-01-02-01-03.wav,Actor_03,calm,confident
1.611780130540709,-3.6907976681722734,-2.0861214162464528,-2.7136449822370787,-1.0227763494878845,0.5780953069372459,0.5724191759025432,0.05682885138210654,-0.21513439633986253,-0.598635191632726,-0.2565445148397176,2.2118700818473807,3.8338711117482127,2.4946114350293493,3.923855193217847,2.7515636101318885,1.0851471629403866,data/raw/audio_samples\Actor_18\03-01-05-02-02-02-18.wav,Actor_18,angry,nervous
-1.1531981368720532,0.15450852907637797,-0.06913964613660001,0.43119704011838855,1.3901772391176441,0.8946617400566528,0.41786459706384194,0.591909906407738,0.3791710918558256,0.5547997075548293,-0.22904701322588597,0.7471063543156957,0.7119789299596483,1.2291251185213141,-0.5494710614770324,1.552725262090257,1.726216002512473,data/raw/audio_samples\Actor_23\03-01-04-02-01-02-23.wav,Actor_23,sad,nervous
0.15292017872366953,0.15038484743680267,-1.0962353793657067,0.39107620626935496,-0.37144947228413094,0.15030336688022503,0.38055932971256495,-0.6030135882600735,1.2168289662634635,-0.24698103410653857,1.4520581985533054,-1.4289988218939376,0.4581489119602018,0.007309199712124132,-0.3131933563578857,-0.9605586933932947,-0.013827990611762946,data/raw/audio_samples\Actor_12\03-01-03-01-01-02-12.wav,Actor_12,happy,confident
-0.651899380269366,0.3554537107349884,1.3467589660919046,0.4690468248039598,0.20038895402568774,1.072779920875592,-0.23153000736665527,1.576397511853239,-0.9046011652537029,1.1500803439777454,-0.17678626052907315,1.028846093445838,-0.5437245330556097,0.619289941014698,-0.5976907782659846,0.398497650330066,1.1767284257363992,data/raw/audio_samples\Actor_19\03-01-07-01-01-01-19.wav,Actor_19,disgust,nervous
-1.315258726553486,-0.1555964174085658,0.40176758402913487,0.6474169842823896,0.8567740504258001,0.23848144695097637,0.10045778401996527,-0.0267575958758967,0.9806829004366242,0.03645692590568827,0.06383995930149472,0.9354386715165586,-0.12376864968726464,0.3732375850023695,-0.6232462670660569,-1.32774459371617,1.4514722141244367,data/raw/audio_samples\Actor_07\03-01-06-01-01-01-07.wav,Actor_07,fearful,nervous
-1.3773199403387306,1.585918272327187,1.644343338289922,0.9616120251411635,1.2278927329244418,2.337388227031213,0.20180327201286974,0.40838472592929503,-0.1854749909428861,1.419513313351958,0.08143649941447581,1.7944969266863913,0.14291203269637393,-0.3602784154571442,-0.6955816810138994,-1.5527119042788207,0.1693345349802621,data/raw/audio_samples\Actor_19\03-01-04-01-02-02-19.wav,Actor_19,sad,nervous
1.0747656184687273,-0.33404425175196834,0.21105419799272873,-0.9093530396560628,0.0022666725667035833,-1.079631175677441,0.04657501493966533,0.15579846669742567,-1.3364661108169604,0.7839061211026083,-1.3430500542014303,0.8243534068188952,-1.0018380914115097,0.3134304534288751,0.31279218593683444,0.20448627079279555,-0.4717343045918249,data/raw/audio_samples\Actor_13\03-01-06-02-02-01-13.wav,Actor_13,fearful,nervous
0.23939758595310004,0.05037104355946861,1.1946858884352294,-0.07070185022856852,1.564098649418579,0.3565580241259993,0.7102880585260094,0.6710959257842504,1.1549763039570538,-0.8489905224369572,0.3375172730918574,0.8024632586133635,-0.3705509893719655,-0.5014897621221762,-0.16700724142691548,-0.9046879216789717,0.444078323368299,data/raw/audio_samples\Actor_17\03-01-07-02-01-02-17.wav,Actor_17,disgust,nervous
1.9509559828941132,-0.5290754170697861,-1.052782929351663,0.8801610454276984,0.4723772241199477,-0.9575605123535523,1.3688490338746644,-1.1502883617226278,-0.040014060773490435,0.8911831188719209,-1.2187743540618656,0.5371979736350697,-0.6018589009006673,1.1340952874567318,3.142969920588523,0.20421964238114318,1.8177972653084855,data/raw/audio_samples\Actor_21\03-01-05-02-01-02-21.wav,Actor_21,angry,nervous
0.8913826219863573,-2.4336232542526304,-1.826304745268244,-1.1154135988470697,-1.8285185881537689,-0.9959853621677931,-1.3463301837939388,-1.3311594489139185,-0.4976809516420849,-1.0592084676012243,-0.5533123007693221,1.086886301572326,3.929458305197528,1.0455825145746058,0.7488135450351424,1.8469172865682966,0.07775327218424957,data/raw/audio_samples\Actor_04\03-01-04-02-02-02-04.wav,Actor_04,sad,nervous
0.10770584000712355,-0.47086246165387996,-0.5658668561714962,0.06528282847744678,-0.5593562941463965,-0.16162443253696354,-1.096668630186791,-1.1955761545523451,0.08116126057639952,-1.1743135271130654,0.593346690008149,-2.862530155741273,0.33920267890842365,-0.36898650207935085,-0.3464648489333127,0.34352187795209216,-0.6548968301838499,data/raw/audio_samples\Actor_12\03-01-03-01-02-01-12.wav,Actor_12,happy,confident
0.059602211750272506,-0.4877142333552042,-0.16102715632467146,-1.248872044153646,-1.643953458387293,-0.5530753857004989,-2.806730166941324,0.3248861262867254,-0.7794083975695347,-0.8549060033202088,0.42681286226791304,-1.611046189765656,0.3304069221715693,-0.358567750829588,-0.19823826457723298,0.988419771465087,0.2609157977762746,data/raw/audio_samples\Actor_14\03-01-07-02-02-02-14.wav,Actor_14,disgust,nervous
-2.138004109564658,-0.05031656259922048,0.4702501079488074,-0.8564866876883791,-0.04956545694296728,-0.5848088092935128,-0.06903184679865908,0.40283255545614605,0.37469084620135845,0.6878956115195876,-0.5487101398652408,-0.7454118734930306,0.21414477103602905,-1.7186069788812077,-0.761564532045968,-0.27470423570375463,3.191516207248672,data/raw/audio_samples\Actor_06\03-01-02-02-02-02-06.wav,Actor_06,calm,confident
-0.8376225374476555,0.8136258327215107,0.11889001305161319,1.1325597249469026,1.2302878195155942,0.7380967726962494,1.2078395528390808,0.41712567543035256,1.244081291581178,0.046070600365268985,0.37951150923800625,-0.1812428819563151,0.563448927495003,-0.016398086212260243,-0.5677782604698174,0.045397985173848146,0.444078323368299,data/raw/audio_samples\Actor_15\03-01-04-01-02-02-15.wav,Actor_15,sad,nervous
-0.11211186992806668,-0.204589842475602,0.29202834511590664,-0.661755110579804,0.05415651885550199,0.4329775899645336,0.145374772844598,-1.4687393206318606,0.45322201121681466,-0.371830682963633,-0.6920588223730504,-0.08604959328066229,-0.35842791826829473,0.26577845510696635,-0.3412066585689137,0.6079283861735267,-0.6548968301838499,data/raw/audio_samples\Actor_18\03-01-06-01-02-01-18.wav,Actor_18,fearful,nervous
0.759584092860732,0.6259351126642,-0.794616448470957,0.9917002254369988,-0.2813528962179439,-1.0657754559795745,1.1692803784157382,0.40079574255072364,-1.0925325127542882,1.1485659036841191,-0.2892249916619666,0.33953353181226986,-0.12337454295289445,1.0954278375303959,-0.014477198312676024,-0.003855421688946159,0.5356595861643115,data/raw/audio_samples\Actor_05\03-01-05-01-01-01-05.wav,Actor_05,angry,nervous
-0.2597789646628138,0.5881128506370469,0.14804337144082982,-0.7506975223310426,0.11803825693461632,-0.12260131420620612,-1.1040101526866153,0.028372259313977143,-1.1156762639271993,0.7623396258487739,-0.6117184279731877,0.6096122300354453,-0.3187619574217953,-1.2788435528326811,-0.49944759204998285,-0.804183823175754,-1.7538719837359988,data/raw/audio_samples\Actor_13\03-01-08-01-02-02-13.wav,Actor_13,surprised,neutral
-0.692243528323958,1.444146827413746,1.3255920695405994,1.555961331676185,1.082585238630724,0.8554207090433744,0.9723488917477331,0.5441504214465778,0.36375386870083265,0.9307959655937287,0.24400002327293416,0.6582255752104963,0.7543008222413592,-1.4820119576360142,-0.5229033215810535,-0.7414613409208443,0.8104033745523491,data/raw/audio_samples\Actor_21\03-01-02-01-02-02-21.wav,Actor_21,calm,confident
0.4464010217737801,-0.38600220249752254,-0.5371471770141214,-0.6081598005264749,-1.3052317352774285,0.8934517671742156,-0.8601888033989322,-0.006142688787477821,-0.32449647484606653,-0.1565020734973943,-0.011707602223035456,-1.1837958622112952,0.9402800408869973,-0.028670325364524227,-0.18056223091084214,0.7268310794715177,-0.10540925340777546,data/raw/audio_samples\Actor_02\03-01-05-01-02-02-02.wav,Actor_02,angry,nervous
0.02052892981182938,1.7627811532106776,-0.5269565822417396,1.0054391739755708,0.4938272137429567,0.18623157462257686,1.450050767102528,0.16472852327903495,0.00997823340403974,0.018482628146189835,0.6171269921268197,-0.18946053739894092,0.5922173901113607,-1.088879641998777,-0.416684110812938,-1.2834272321349331,-1.2043844069599243,data/raw/audio_samples\Actor_15\03-01-01-01-01-01-15.wav,Actor_15,neutral,confident
1.4904479620822753,-2.693359436611845,-3.332720912325636,-2.4826072797462237,-2.069848854040276,-3.0124753357408083,-0.1721467455041301,-0.9319917315175136,3.630715841906253,2.3616568139347858,4.276734392001608,2.8052545892419647,0.48250681036904314,1.506130630657646,2.089094664693018,1.1016004934889034,0.35249706057228714,data/raw/audio_samples\Actor_06\03-01-06-02-02-01-06.wav,Actor_06,fearful,nervous
0.14451005251719426,-0.08203635968392811,-1.3116583037104754,0.7135124175021533,-1.4182770224492776,0.876024280864739,-1.1871847118358574,0.825081730863367,-0.06660596969488593,-0.43855570279886574,0.39384601591109203,-1.2869874311126401,0.5922348482422977,0.3777243483342416,-0.31854588617529933,-0.30379977626585064,-0.2885717789998005,data/raw/audio_samples\Actor_02\03-01-03-01-01-02-02.wav,Actor_02,happy,confident
-0.2139230491984054,0.11125030583655994,0.6338576748192011,0.3990519746909091,0.8214119235647248,-0.19396592162001786,0.8308868032140291,0.8482533835633115,0.17712184164716802,0.47491403427772283,-0.25535673211109505,-0.20157505417824415,-0.44397191413698717,0.18585804066284717,-0.46489385233673924,-0.4079675229094074,0.8104033745523491,data/raw/audio_samples\Actor_03\03-01-07-01-01-01-03.wav,Actor_03,disgust,nervous
0.411506911674468,0.9757322100896759,0.8188278689697731,0.528909968315278,0.6453884668002687,1.2827253794191729,0.49147514662126357,-0.5735374720850924,0.52473434761101,-0.3034030402838156,-0.8138328869656553,1.2656819606161356,-0.8641921462284476,-0.5297908140249349,-0.08493961153601495,-0.9682343597893331,-0.9296406185718875,data/raw/audio_samples\Actor_17\03-01-03-01-02-02-17.wav,Actor_17,happy,confident
0.04283432697884835,-0.588935947518113,0.16225113575110042,-0.7647381211110692,-0.20287982297387372,-0.9992780783168685,0.38450009844134275,-1.3285501735577951,-0.7459500759425786,-0.024648295924100456,-1.5139526444435174,0.02443989062885962,-0.6821323534891129,-0.5765638292335169,-0.20877895363134769,0.5462573403633754,0.7188221117563366,data/raw/audio_samples\Actor_22\03-01-05-01-02-02-22.wav,Actor_22,angry,nervous
-0.5667206320384587,1.1175535770958864,0.9893083011944316,0.5949624612581313,0.7988807701052153,1.4422023557448616,-0.18142983242113095,0.07417663188737646,-0.6079384736530272,0.8265651605226091,-0.6550496579101645,1.0467913612439455,-0.2962213960756139,-0.3116849775415468,-0.5817584413751441,-0.9522049136126438,0.07775327218424957,data/raw/audio_samples\Actor_19\03-01-08-01-01-01-19.wav,Actor_19,surprised,neutral
0.05335817502905632,-0.2722725225883509,-0.7643600423365129,-1.141815854921427,-1.0587540080183047,-0.915995592568187,-1.0320085413117677,-1.1794484053067105,0.5414420591648283,-0.26984555592179904,-0.13695172795615485,0.4712178288765506,-1.0039258180730415,-0.2187837184363531,-0.339880799435676,1.7709685874917043,0.9935659001443742,data/raw/audio_samples\Actor_24\03-01-07-01-02-02-24.wav,Actor_24,disgust,nervous
-0.25654650616434976,0.11495709421020153,0.09321430386776565,0.8104754429113125,1.0436969687467241,1.1462999324430097,0.17331614252988026,0.44301143944478766,-1.0800333982899515,0.9046344647833197,-0.15847307342427172,0.03762964109474877,0.5438812623349897,0.28348348957305297,-0.4896210706991838,2.1088550132003623,-0.10540925340777546,data/raw/audio_samples\Actor_23\03-01-04-01-02-02-23.wav,Actor_23,sad,nervous
-0.798905589516917,2.218367252403334,-0.3369011088686674,0.5336610771466821,1.5915277622736352,0.4231080255322042,0.17273093483100546,-0.6728070657716887,-0.09094129032795607,1.561102198969593,-0.24824702989103287,1.8439212776907488,-0.727357853112062,-1.3359455381005059,-0.6303389359279347,-1.8558847802470073,-1.3875469325519494,data/raw/audio_samples\Actor_13\03-01-02-02-01-02-13.wav,Actor_13,calm,confident
-0.28459596072650334,-0.03436864352487857,-0.1650593416978871,-0.27027797492246475,-0.48487306422154114,1.005452074760793,-1.3518908059012447,0.8489188348384917,-0.08930105282456054,0.009443544832918184,0.30681510836576364,-0.26626246049440594,0.5668493364584761,0.4434092776441364,-0.5627280016136417,0.2998436583939488,-0.196990516203788,data/raw/audio_samples\Actor_02\03-01-07-01-01-01-02.wav,Actor_02,disgust,nervous
-0.4959008570687615,-1.2847162112583101,1.4383944475788362,-0.3426964932554665,0.5661477056859546,1.7016250600102933,-0.9625781288154515,0.8352176244970286,0.22188821296676436,-0.579538028268398,-0.7881198918033696,0.3905157973161446,-0.7224379222607368,1.9065694360195593,-0.5254318640478151,1.874039831891504,0.2609157977762746,data/raw/audio_samples\Actor_19\03-01-06-01-02-01-19.wav,Actor_19,fearful,nervous
-1.1585659664068362,1.7848674461012115,0.34993383329750544,1.0012517209477072,1.1373337580103682,0.16478767906027683,-0.066215534747824,1.9881456280777836,1.061496582110171,-0.06380418458693865,1.3984493410844068,0.7988127640071384,-0.5304686769300339,-0.28595520382662354,-0.7061422354851322,-0.9829690878016732,0.1693345349802621,data/raw/audio_samples\Actor_07\03-01-02-01-01-02-07.wav,Actor_07,calm,confident
-0.23265252635214484,1.2202742677811598,0.5088499785470806,0.2535428968236212,1.2889545827847626,-0.4307001764567863,0.4711451154200053,0.9644258196418937,-0.05891060618953226,1.1927441772285758,-0.9321377340990343,1.1464544814487103,-0.3280554823210056,-0.653867960084834,-0.5416015475632284,-1.2386229157080857,-1.479128195347962,data/raw/audio_samples\Actor_13\03-01-06-01-01-01-13.wav,Actor_13,fearful,nervous
0.17416681335055442,1.349839323099395,-0.5381689840697386,1.3938814457433586,0.5675526715949302,0.16083557994079853,1.6353206594825247,0.0328308052107676,0.7764807123326444,-0.20032574030997682,0.9654510568771539,0.1253388716934837,0.4908269689575687,-0.5049524228716457,-0.38804617996803803,-1.0097742934887186,-0.838059355775875,data/raw/audio_samples\Actor_15\03-01-04-01-01-01-15.wav,Actor_15,sad,nervous
2.1140036587348203,-1.2795768631816316,-2.2114091646935448,-0.1820158524604563,-0.9616812240067182,-1.5243523792880012,-0.47978503265304523,-2.846722604594062,0.797712388179001,-2.0244631253781704,-1.13901320712966,0.5410531228232043,-0.4229485791458704,1.7646513208010215,4.075481947134185,0.733283963763731,0.2609157977762746,data/raw/audio_samples\Actor_10\03-01-03-02-02-02-10.wav,Actor_10,happy,confident
0.12415981148604595,0.6441096738528811,-0.17181628503163265,1.758083801857049,1.0649022604255234,-1.068145763745262,1.3960858946842396,-2.166674319278841,-0.05652229421247271,0.6094352482297755,-1.342899637880241,-0.04061863362715993,-0.4333857626433481,0.24641465000068294,-0.17928662260136832,0.4756984996586776,1.6346347397164604,data/raw/audio_samples\Actor_21\03-01-04-02-02-01-21.wav,Actor_21,sad,nervous
1.1886459300492873,0.23064001249173277,-0.08160260689455741,-0.9613808760130699,-0.2709919137468374,-0.7319875295820915,-0.62472543029747,-0.36032460350289525,0.839784732485328,-2.3407121604158556,-0.7031819164835642,-0.4888437650647144,-1.2734353821648075,-0.48834680615545684,0.8119453299571068,-0.1940143767036224,-0.5633155673878374,data/raw/audio_samples\Actor_10\03-01-08-01-02-01-10.wav,Actor_10,surprised,neutral
0.879396868323259,-1.3986032479394273,-1.171642074645379,-0.4471915601132572,-1.5014272063469605,-0.19940828036922223,-1.4877290790879083,-0.7855926745086875,-0.21856539468061909,-0.7940556218412212,-0.7165928331972959,-0.7734563634591609,-0.30576996674927404,0.7765470922667937,0.45152735656969467,1.5009538524298203,-0.3801530417958124,data/raw/audio_samples\Actor_04\03-01-03-02-02-01-04.wav,Actor_04,happy,confident
0.4351109678400101,-1.3706449783651697,-0.8140698510840347,-1.358330011118265,-1.7046072283086378,-0.6449504703610721,-0.9226130005553488,-0.8021688265954414,-0.7933065084521521,-0.5810000934911196,-0.34698582320585797,-1.7315717209453871,-0.45535014525985096,0.48293412645896827,-0.12514204090130746,1.4556526692810519,-0.196990516203788,data/raw/audio_samples\Actor_20\03-01-05-01-02-02-20.wav,Actor_20,angry,nervous
-1.43975796709764,0.24006974112594742,1.165526961863916,0.588058259686585,0.39303559541177924,1.7979461978649611,0.4260523344921111,0.24453316422224577,-0.024292131959212863,0.32972073487419196,-0.7603603668864405,-0.06344742862342037,-0.04861967200326781,-1.7289010467896602,-0.7117963553583128,-0.3596708809327358,0.07775327218424957,data/raw/audio_samples\Actor_08\03-01-02-02-02-01-08.wav,Actor_08,calm,confident
1.4470444027915816,-2.3942805944542416,-1.1387779336561135,-2.2221688094046503,-2.2317548139840593,0.7157098484539067,-2.3005166986599757,0.07704922655897248,-1.4682006503531326,0.16144739639235722,-0.25133152868260134,0.6161195980437538,0.7913492112137025,1.4242051794983832,1.2115686147379991,2.8303919998858826,0.35249706057228714,data/raw/audio_samples\Actor_04\03-01-05-02-02-02-04.wav,Actor_04,angry,nervous
1.014066548476482,0.3427953948262914,-0.6560640123256283,-0.03376693918373711,-0.6426812696168874,-0.014987718145522258,-1.203479375943402,0.10332281656011824,0.24209152298454986,-0.9764100900618252,-0.35334850590770583,-0.5412971295394319,-0.4833612028738276,0.8291060574465382,0.49178276038063523,-0.103384900724904,0.7188221117563366,data/raw/audio_samples\Actor_10\03-01-05-01-01-02-10.wav,Actor_10,angry,nervous
-0.048470265084020164,0.06586586855206746,-1.1209444156248638,-0.0531432864559074,-1.5214037768667918,0.05410847002724887,-1.5519334106581797,-0.6546637390492986,-0.3687524799578755,-0.662506218338238,-1.4005835739009602,-0.3041323532539474,0.19810044666113852,0.7427099163143198,-0.43414075673655506,-0.5642261317792525,-0.7464780929798625,data/raw/audio_samples\Actor_04\03-01-03-01-01-01-04.wav,Actor_04,happy,confident
-0.9107868614631205,1.460558934368224,0.022624086101907664,0.8610531395553097,1.1862471383741415,0.06998236627100657,-0.7366266787566953,0.6784975903288946,0.8438665896846435,-0.8730242831429192,1.2235107452801828,0.688386870013007,-0.7370149179143134,-0.9460035545888077,-0.6751983331493217,-0.11896417688940808,-0.196990516203788,data/raw/audio_samples\Actor_07\03-01-02-01-02-02-07.wav,Actor_07,calm,confident
0.16333812126419842,1.1220132840499504,0.4032036273200915,1.0067880418909276,0.5988648448893344,0.26530145506055836,0.8731170261292824,-0.570639841960752,-0.3894126592064145,0.21178660103630967,-0.38201305979563704,0.23965091342240039,-0.03172032207376727,-1.3537516051083542,-0.15667552226186743,-0.235473996889948,0.1693345349802621,data/raw/audio_samples\Actor_21\03-01-03-01-02-02-21.wav,Actor_21,happy,confident
-0.3598391923435691,1.2511932677871167,0.6080859373146006,0.8920165713386528,0.9004533429596587,0.08610995747677437,0.2589071728676374,-0.4381262964611371,-1.4198093541510322,0.8293442680889551,-0.5604524960416767,0.6079382950666584,-1.3692965897384486,-1.2484690376296765,-0.5377957455912258,-1.3717118236337307,-1.0212218813679,data/raw/audio_samples\Actor_01\03-01-08-01-01-01-01.wav,Actor_01,surprised,neutral
-0.7109750533742933,0.1524623071569597,0.675659295764026,0.3695554965844263,1.197413595596732,-0.22031623482751858,-0.5927490765078057,2.0162801890613786,-1.277196254803878,1.2125302239595044,0.031185395547399325,-0.3869500637234189,0.23042191076258464,-0.4717747138735799,-0.5974704542781881,-0.020351035467551102,1.2683096885324117,data/raw/audio_samples\Actor_03\03-01-04-01-02-02-03.wav,Actor_03,sad,nervous
-0.5072517627870986,-1.348937188359288,-0.9029889725244187,-1.1260886551575389,-0.2516227371040332,-0.7843130718678981,0.1376265156744825,-1.0437723456514858,1.2056933938529113,-0.47083442708913037,0.3367907429763692,-0.27722833158907983,-0.2578760914870545,-0.7155767996375795,-0.046841043895187166,-0.4941926014026603,2.5504473676765858,data/raw/audio_samples\Actor_12\03-01-04-02-02-01-12.wav,Actor_12,sad,nervous
0.008979963236993122,-0.750308236568918,1.7704740729938147,-0.11734507933155976,1.3444985371710616,0.8785081635449197,0.5602747756882297,0.27347247111360384,1.1917306828470833,-0.5861129457856091,-0.025464307739244917,0.6026950705975223,-0.432476973294503,0.36352606154493855,-0.18896331070326178,0.9219292280296635,1.2683096885324117,data/raw/audio_samples\Actor_17\03-01-07-02-02-02-17.wav,Actor_17,disgust,nervous
-1.33597290806541,0.48479367872266704,0.3989077748323368,1.7142417791315432,0.851607509691363,0.1924410830509453,1.9569537358651463,1.7202399070746,0.161142521716973,0.3489257176476117,0.19077650969979087,1.0696491152444592,0.10291968333273742,1.337433840245168,-0.720005155957025,0.8999943245987985,1.1767284257363992,data/raw/audio_samples\Actor_09\03-01-07-02-01-02-09.wav,Actor_09,disgust,nervous
0.2087353078911019,0.9085759015164778,-0.04427050182173881,1.8291209883906443,1.3314157794494126,0.36688618022374964,2.1920693666218196,0.2984499176081548,1.6213157041949386,0.8997594303717975,0.9870664728089634,0.1921144005201573,0.9431229223246907,-0.02440124123626595,-0.1762075680612591,-1.5569080686520829,-0.3801530417958124,data/raw/audio_samples\Actor_15\03-01-08-02-01-02-15.wav,Actor_15,surprised,neutral
-0.23908731001344596,0.37905664264269695,1.5730915109529444,0.17298376855423914,0.7711168794157763,1.2780720983668068,1.720273629593629,1.348947014824905,-0.2823363147472501,1.5485499290029208,0.11773781527612383,0.2564210666370863,-0.31696032663610296,0.6659903964887419,-0.5667964628711036,-0.5476724784771216,-0.4717343045918249,data/raw/audio_samples\Actor_11\03-01-06-01-01-01-11.wav,Actor_11,fearful,nervous
-0.3561632179537419,-1.0140478204377605,1.5627192656498605,-0.31405251545074764,1.6698914540150815,1.1151132732771305,1.3181578106429563,0.8767939114573832,1.904011956798057,0.5187221420323981,0.4414790562133651,0.9097734312056099,0.13215389746994025,0.6056523848321724,-0.36694379592602655,0.9511727893283335,2.6420286304725984,data/raw/audio_samples\Actor_17\03-01-07-02-02-01-17.wav,Actor_17,disgust,nervous
-0.46645239657488063,1.1781984098964058,-0.14481963874738887,1.5816352197703591,1.3395905081123318,0.3443540741642361,-0.3075637304258969,-0.7921980104783134,1.156059838543191,-0.24295050877772195,-0.5839605904188361,1.189582185776664,-0.32607347098521683,-0.8246960778896579,-0.5575385316339089,-0.3940945133656465,-0.4717343045918249,data/raw/audio_samples\Actor_09\03-01-03-01-02-02-09.wav,Actor_09,happy,confident
1.9712775533729174,-0.9536579990292532,-0.47910764169466535,1.3055067343926439,-0.2837407569923225,-1.6111378895507347,2.1427399577063904,0.4001847210321798,1.0839027941810744,0.21869877328917453,0.3303252516831956,1.0761982770598617,-0.5293715330750933,1.963256958246748,2.460750574336905,0.7049977922905346,0.8104033745523491,data/raw/audio_samples\Actor_07\03-01-05-02-01-02-07.wav,Actor_07,angry,nervous
-1.5572914336488146,0.6782400365516045,0.6744819447363906,0.5143272174677801,1.5454686783729064,0.8373283581235472,1.219701019684583,1.1676721191926962,-0.2404262277816436,1.5578478639866102,0.22657197836590073,0.1289723966921209,0.08858238962918853,-1.0506232108218807,-0.6505721441361448,1.8078064322085194,2.5504473676765858,data/raw/audio_samples\Actor_23\03-01-02-02-01-02-23.wav,Actor_23,calm,confident
0.7156640247928606,-1.4573999415102596,-0.5291921617128061,-1.7076843437701708,0.2281035392675544,-1.9407319648439774,-0.2765431265135508,-1.0496646182795515,-0.18969670993239493,-0.5786899380573131,-1.8473058257772728,-1.0185480369471143,-2.165054145758891,0.20237180961379805,0.07655332647481135,1.4403089587991993,-0.196990516203788,data/raw/audio_samples\Actor_22\03-01-08-02-02-02-22.wav,Actor_22,surprised,neutral
-0.942507024395283,2.0507457975234367,0.5122182723073336,0.9966299502997681,1.5101380940051634,0.5096152550946085,0.07681834200327685,-0.3807559917814643,0.6199597868499682,1.624574099373242,0.03352058482868406,1.714421898301276,-0.48949522893474395,-1.4350437659263016,-0.6819420379572839,-1.732569139858019,-1.3875469325519494,data/raw/audio_samples\Actor_13\03-01-02-02-01-01-13.wav,Actor_13,calm,confident
-0.4788810810160289,0.19933535702058097,-1.138381953755518,-1.1852776557220914,-0.39343641943049235,-0.6383463771609712,-0.7978048201223468,-0.06402398494013085,-0.37398521611005425,-0.6089685940756568,0.8560232434748626,-1.500363153955095,0.08416687190355167,-0.6850677274585013,-0.5411595037314197,-0.030313374218130046,-0.6548968301838499,data/raw/audio_samples\Actor_24\03-01-03-01-02-01-24.wav,Actor_24,happy,confident
1.926648035412859,-4.205380076321323,-2.1479954208338476,-2.325112432417232,-1.144320090462217,0.4866244174129093,0.4875230797071999,0.14953423877144273,-1.2000626983134306,-0.29162070057327233,1.2332686425396457,4.1520703675377835,5.2274743273414535,2.4913287958997463,4.8882101726606635,1.9602343615203401,-0.196990516203788,data/raw/audio_samples\Actor_18\03-01-05-02-01-02-18.wav,Actor_18,angry,nervous
0.3534835648632302,-0.3602946602578,1.4131727734400699,0.13597694547940117,0.8274670907048169,1.6237700276153837,0.31118828056266606,0.06329068056010807,0.729516422758498,-0.16949400840508624,-1.0806926533136505,0.1018497068773024,-1.0808585455504907,0.4622210776813399,-0.22779698389064018,-0.22351736122836643,-1.295965669755937,data/raw/audio_samples\Actor_17\03-01-08-01-02-01-17.wav,Actor_17,surprised,neutral
0.7034951306627483,-0.966035904586459,-0.5545765910758145,-0.3002187620236957,-1.0611502117394291,1.040127039654311,0.11570784472523163,0.5440430148836877,-0.5381632749470434,-0.08506673121345205,0.42935571767212183,0.6234850072067486,2.2299308848158192,1.837227128697891,-0.1206774118181491,1.3576541511871207,-0.013827990611762946,data/raw/audio_samples\Actor_02\03-01-08-02-01-01-02.wav,Actor_02,surprised,neutral
0.33952744211811947,-0.49025865440509575,1.1819649884877588,0.8278454316124816,0.4201073634453534,0.8634039362020892,0.15202997846197217,-0.024169555948440575,-0.031222892443752908,0.8897464491769431,-1.3242236678212889,1.7641092782232466,-1.1385706561801516,0.6018393248583204,-0.23425135494131452,1.0251304320841488,-2.486522086104099,data/raw/audio_samples\Actor_19\03-01-05-01-02-01-19.wav,Actor_19,angry,nervous
0.34272186825122913,-1.443090839206449,-0.7964723874610239,-1.9243576829363085,-1.3253494520438467,-0.782100075505649,-2.1481344353108147,0.09062917142620469,-0.8527068264328121,-1.3233666276514227,0.07454880589924594,-1.0076118626657191,1.9195132954132093,-0.4085926361664183,-0.15764322511733034,1.2347088280365375,-0.9296406185718875,data/raw/audio_samples\Actor_24\03-01-08-01-02-02-24.wav,Actor_24,surprised,neutral
-0.36931100665674416,1.0436239207195177,0.6259164430506176,1.8282947760746697,0.6925182858540656,0.3254981657888702,1.2453073991616748,0.33409313756432,0.37028870108647616,0.6519553273332814,0.09515548032448955,0.6279282084413441,0.9074387443244937,0.10837526590814224,-0.44938367683795266,-0.08241041927023485,0.35249706057228714,data/raw/audio_samples\Actor_21\03-01-02-02-02-01-21.wav,Actor_21,calm,confident
-1.1066822135904184,0.5874930576373429,1.1678731290826936,0.09004824517096245,0.690692445635682,1.182629197957458,-0.3059005992528839,0.2871043868983636,0.07204507287675839,-0.08817076326594803,-0.00046386168823434184,-0.6821341742883763,0.6372956735921178,-3.2481569981647263,-0.5867867920977886,-0.9820335495151754,0.1693345349802621,data/raw/audio_samples\Actor_18\03-01-02-01-02-01-18.wav,Actor_18,calm,confident
-0.7017615665888713,0.3436992474532737,1.490790310857231,0.6655838255318867,0.1939107926470963,1.156635063052864,0.437119385716284,0.6222096219187625,0.7509243610504118,1.2312385628200764,0.6255706749902501,-0.1885755354727791,0.31118262038956945,-0.2667066676657137,-0.619649349869937,1.0280805223531262,-0.3801530417958124,data/raw/audio_samples\Actor_05\03-01-07-01-02-02-05.wav,Actor_05,disgust,nervous
-0.10653808050705695,0.8078751579649547,0.37706046468512594,1.2440743307013444,-0.35470230600306635,0.09834301844557958,1.1308698996004378,0.5444174290207138,0.23522094659917286,0.6755656810981856,0.9082795367134351,-0.0409747494501646,0.7290310234326581,-0.4433758441008428,-0.45369666827270716,0.6484567593228528,2.092541053696523,data/raw/audio_samples\Actor_05\03-01-05-01-02-02-05.wav,Actor_05,angry,nervous
1.16355393072842,-2.5313783023886973,-2.46352878238037,-2.5182806908186293,-2.37551117197575,-1.378608495750357,-1.3626566360160164,-0.4179159801715346,1.4075942656535694,2.5908570528561756,5.149555468229114,2.623578462278275,2.449566495389819,0.9042820755772929,1.739877858666644,1.183376125752855,-0.013827990611762946,data/raw/audio_samples\Actor_20\03-01-03-02-02-02-20.wav,Actor_20,happy,confident
0.4926539366211567,-1.263316128186808,-0.3886327154074046,-1.0714297891379403,-0.8315467097372217,0.0018100793537793793,-0.6849914825696198,-1.1706909145243751,-0.43834144862116614,-0.896499741091319,-1.0943463091867374,-1.293222040346811,0.12243890066918169,-0.7178330399906488,0.041376796572467574,1.1200586110262343,-0.9296406185718875,data/raw/audio_samples\Actor_04\03-01-06-01-02-02-04.wav,Actor_04,fearful,nervous
-1.5899349053891183,0.6265315502988656,0.9617672281877058,1.6917542665252137,1.836014499999692,-0.10359630522425985,0.5485966649852905,1.1140715501630998,0.24439176682488864,0.6612260643544182,-0.31708166045299707,-0.0056507897014963105,0.11074297989027056,-0.06789253579289717,-0.7559726596998193,0.04897419164759169,0.7188221117563366,data/raw/audio_samples\Actor_09\03-01-04-02-01-02-09.wav,Actor_09,sad,nervous
-0.06295913350074844,0.5934340786189611,-0.15880033989428197,0.5801943687937281,0.9598438744894948,0.5818800644184876,0.05752199900834266,-0.6313322618072803,-1.1305395914945071,0.5275761576451714,-0.42135873932469003,0.20634396983940537,-0.25700982990353693,-0.3665369221804557,-0.4577056694599093,-0.5313379799948703,-1.5707094581439744,data/raw/audio_samples\Actor_23\03-01-06-01-02-02-23.wav,Actor_23,fearful,nervous
0.5460449413322335,-0.8899314258119297,0.3344057252177178,-1.0247925419259345,-0.7701413907606496,-0.21424155141573883,-0.5827884814629845,-1.0527889086635602,0.5419153307706157,-0.6820210451632638,-0.5194746547966413,0.026148318169591518,-0.7091090923560193,1.0657995854199493,0.04527273340620109,1.9722544948325147,0.5356595861643115,data/raw/audio_samples\Actor_16\03-01-05-01-02-01-16.wav,Actor_16,angry,nervous
0.13924871360540342,0.7252631446355968,-0.7116921596704338,0.3474726831541587,0.4915717459595626,-0.6478205170809803,0.11253879949987843,-1.306435821674647,-1.398145349550415,0.47180772306635377,-0.5189686870752048,-0.2396875631390246,-1.1941976981336138,-0.7440064384116712,-0.3136902811706614,-1.1298649163100773,-1.112803144163912,data/raw/audio_samples\Actor_23\03-01-03-01-01-01-23.wav,Actor_23,happy,confident
0.3062505852163374,-0.7838656629690456,-0.03240707909677171,-0.09741438860505838,1.1660498430598434,0.16702894668898022,-0.04207054681325943,0.3885151823870933,-0.9766590698759507,0.6422599070421177,-0.31077670965647747,-0.15964057149688082,0.11910083354351828,-0.1391820157376095,0.18358009113159768,-0.29175022304696774,2.092541053696523,data/raw/audio_samples\Actor_03\03-01-04-02-02-01-03.wav,Actor_03,sad,nervous
-1.1613423290777045,0.24642853119968827,0.8433618954399912,-0.07743073389242808,0.9666293401052952,2.2317159246003864,0.44714393997950325,0.5871028759499781,0.20403965314327666,1.6043469594284,-0.46591740501085926,1.148069176501153,0.07317960625966456,0.31714891020453206,-0.6143475475101169,-0.7147353774991112,0.9935659001443742,data/raw/audio_samples\Actor_19\03-01-03-01-02-02-19.wav,Actor_19,happy,confident
-0.5151622022241489,0.3417619199233465,-0.055497599999206615,0.2858459488422032,-0.09435887479145373,-1.2054741403305198,-1.5320757967976033,0.07993322130280033,0.6156154916501094,-1.0348847978865998,0.2929554737323301,0.5302514161580957,-1.514473332274902,0.6039982065802375,-0.5024858263071024,-0.19421842905947836,0.07775327218424957,data/raw/audio_samples\Actor_16\03-01-04-02-01-01-16.wav,Actor_16,sad,nervous
-0.8329743972880395,0.4622236378337774,-0.28659285746823987,-1.3434213280484353,-0.7240508498476,-2.1638316316709867,-1.4606314349004148,0.25346500905047964,0.31916439068737174,-1.2384501517992594,0.08034357056788535,-1.5418389653589004,-1.0037431419901575,-1.8359411212561652,-0.622332985580368,-0.07852074328911515,-1.2043844069599243,data/raw/audio_samples\Actor_06\03-01-08-01-02-02-06.wav,Actor_06,surprised,neutral
2.1403881733644226,-1.4119971118757995,-1.4686134904043693,-0.7603372762477613,-1.0521180828844439,-1.7150164127816185,-0.3763254435490223,-2.5653066803420055,-0.11275089755002839,-1.9119871819872347,-1.5508955196622896,0.978259508773964,1.7653683291370463,0.9036887390138559,5.3242990775817,0.7486748589742561,-0.4717343045918249,data/raw/audio_samples\Actor_10\03-01-03-02-02-01-10.wav,Actor_10,happy,confident
-0.2979772096414501,-0.2640382967020343,0.859571940378615,-0.9927604534017116,-0.7636669905465747,-0.3552931511580583,-0.35930444017386254,1.059588369658848,-0.8136812863751003,-0.5461433062387079,-0.12841921750561178,-1.039079294637774,-0.046985011023492,0.16694107493444624,-0.5252485983402807,2.219684315935426,-0.2885717789998005,data/raw/audio_samples\Actor_14\03-01-07-02-02-01-14.wav,Actor_14,disgust,nervous
1.2156626596137416,-1.931057911270944,-1.381701105279037,-1.499285156214841,-0.36021849826792895,0.03191282002989356,0.68927036997964,-0.4325049431966988,0.11819164096940425,-1.0055551228454582,-0.4897923802227144,1.6034519777479423,3.3322899486145774,1.4717758925480564,1.4771583811636635,0.34431236282638045,-0.2885717789998005,data/raw/audio_samples\Actor_18\03-01-03-02-01-02-18.wav,Actor_18,happy,confident
0.39635101408075557,-1.4574082618590545,0.3790582097553161,-0.5738689661334919,-0.6190414616275015,0.3777842402670527,-0.1666069963154031,0.7652473341004058,-1.0696961168550903,0.7563696730684544,-0.5377941092481591,-0.09296858187012778,-0.5624836269955825,1.8554139046926503,-0.17861736061386868,1.318979565416203,4.015747572412785,data/raw/audio_samples\Actor_19\03-01-07-02-01-02-19.wav,Actor_19,disgust,nervous
-0.45557835820675596,-0.663784053624613,-0.1540797081378731,-0.8060472414370512,-0.7945579134151192,-0.15346644603148707,-0.49817618036244893,-0.13545773166816286,0.1811872333853917,-0.4697655927439864,-0.4077984910228545,-0.07381598182781623,-0.5731815346907214,1.652632408600382,-0.566179494423781,0.9039924651978206,0.5356595861643115,data/raw/audio_samples\Actor_20\03-01-07-01-01-01-20.wav,Actor_20,disgust,nervous
0.3403676648357943,-0.7494642320648464,-0.3790348125424841,-0.8582026092847731,-1.3155086044329818,0.15077222204171847,-1.5492298889655374,-0.7216483281753193,-0.2224328223693945,0.2967307914603702,-1.079802690079947,-0.16453802484039148,-0.18600887996666818,-0.1793608206409353,-0.2285219439456721,1.482484725733222,-0.013827990611762946,data/raw/audio_samples\Actor_04\03-01-05-01-02-02-04.wav,Actor_04,angry,nervous
0.15494057499395575,-0.24543107737601869,-0.4318848934293075,0.24690448521909544,-0.43936994882117597,-0.854193671054137,-0.6348434339576299,0.0312517834412435,1.297332863850071,-1.6539477430142016,0.3081682526269757,0.2803590037930658,-0.6787587660139998,0.5657335091044698,-0.24770904303342745,-0.012303137757991791,-0.2885717789998005,data/raw/audio_samples\Actor_16\03-01-03-01-01-01-16.wav,Actor_16,happy,confident
0.22773071904566528,-1.2081666668087696,-0.7584510144699486,-0.5255351738017022,-0.856270280185865,-0.3527851259359799,-2.1707871053143153,0.5477530678026679,-0.01063135082612526,-1.1311881945792104,-0.23081139185240093,-1.0642677258659532,-0.4588414089947055,1.129451464446303,-0.3433608051624158,0.4784611461274106,-0.7464780929798625,data/raw/audio_samples\Actor_20\03-01-08-02-02-02-20.wav,Actor_20,surprised,neutral
0.972794118150587,0.029427411903433776,-0.5552509800812548,0.7886215580657779,0.08748782203203871,-1.7624298458471297,0.5320406106588441,-0.11844368268920939,0.5108141566081547,-0.10819837044864358,0.19524307896818474,0.8706975895937872,-1.0589917834862168,0.3590976215439925,0.26227914547609654,-0.5145796419932579,1.2683096885324117,data/raw/audio_samples\Actor_07\03-01-03-02-01-01-07.wav,Actor_07,happy,confident
1.5133285256361146,-0.6729580410116582,-0.12411786796452202,-0.3175291581568333,0.983997013050588,0.7268634695494148,0.9974210968544024,0.17296988137934413,0.46398184306697376,1.128444440739028,-0.7545973005290774,1.0383115069188604,-0.5986455174506232,-0.07937626188059366,1.8739925409540215,-0.8194975301521642,-0.3801530417958124,data/raw/audio_samples\Actor_17\03-01-06-02-02-01-17.wav,Actor_17,fearful,nervous
-0.8898298579262419,-0.2629476011547456,0.12569843924933657,0.056179942456086734,0.5421337644043805,0.0707439176795856,-0.5348163867391865,-0.4689836096227955,-0.0046210159252214065,-0.7970030908735255,0.43314143614051687,-2.142940094383668,0.8488710946657835,-1.9482546351638053,-0.6038535685713166,-0.049659083404461374,-0.013827990611762946,data/raw/audio_samples\Actor_12\03-01-02-01-02-02-12.wav,Actor_12,calm,confident
-0.4881056849544006,-1.2658731027454075,-1.0104733258925886,-0.7017215671814174,-1.2097531379424076,-0.4761168930136488,-1.9590621769717924,-0.8521619433561443,-1.018792986174713,-0.6430868122980339,0.6079137514021762,-1.349622252719688,1.3955848487532294,0.281114276468741,-0.5353081595885482,1.1000679204521424,-0.838059355775875,data/raw/audio_samples\Actor_20\03-01-03-01-02-02-20.wav,Actor_20,happy,confident
-0.06019856888933506,0.46834420318412756,0.3674377332049537,1.2329309408285485,0.9740432792156181,0.8583342356648261,0.19014584273384375,-0.914217677723104,-0.1600447486902416,0.3686264022815452,0.5751132910480811,0.27957348311718394,-0.5977317745836576,0.37459050258432397,-0.46805243663586765,0.20172123541270218,-0.10540925340777546,data/raw/audio_samples\Actor_01\03-01-06-01-02-02-01.wav,Actor_01,fearful,nervous
-0.19535418564912402,-0.14276030878351473,-0.14582245921487233,-0.0575159517624929,-0.20370960425104623,-0.03638150918608656,-0.7951731089294027,-1.1021143388408021,0.7126827283472074,-1.3696365916545004,0.9351429515758427,-1.7800895505936707,0.3513841048719045,-0.327286238944859,-0.4504864713388728,0.31291515819788807,0.444078323368299,data/raw/audio_samples\Actor_12\03-01-05-01-02-02-12.wav,Actor_12,angry,nervous
-1.8275710710494826,-0.4477534957167315,0.8956032406623466,-0.08802016832544336,0.26191107425670274,0.21359592124203997,-1.0098028198583893,-0.16238872583467814,-0.3527549912430275,-0.04172375420160557,-0.6401803778259272,0.08042929708471191,-0.030623782306402503,0.29546870445894846,-0.7773292257541755,0.7841712153428657,-0.838059355775875,data/raw/audio_samples\Actor_20\03-01-02-01-02-01-20.wav,Actor_20,calm,confident
-1.0600068469309518,0.4550538327090815,-1.0267461098665807,-0.5773159742282912,-0.6228916631659362,-1.1895866216283386,-1.0712435004109377,0.3253356467819849,0.8639061282963206,-0.9257428688728516,0.058393635005097574,-1.2101414239278976,-0.9950549128417733,-0.6948022128572418,-0.6681229422637719,-0.7007791933726543,-1.112803144163912,data/raw/audio_samples\Actor_06\03-01-08-01-01-01-06.wav,Actor_06,surprised,neutral
-0.8777183049008177,-0.20342382587606475,1.5092900938249598,0.5746929691600433,1.1372002281219276,1.6778736039651128,2.0381392279516617,1.1820378866860273,0.8992307878579097,1.8652324296694907,0.5049066539218069,0.2713795297895043,0.7626241220852783,0.9967957371131825,-0.5122226043168164,-0.0025143324351089517,3.0879506776414627,data/raw/audio_samples\Actor_11\03-01-07-02-01-02-11.wav,Actor_11,disgust,nervous
-0.9938583240967398,0.6312034991327151,1.3359873634662975,0.08250058613667757,0.6259236198091239,1.0772180198602304,-0.2228585544124182,-0.2693918155801964,0.29086209256628165,-0.2700036991588094,0.2106074794430036,-0.6358151385044389,0.9339082761606742,-3.0311492017147574,-0.5740689077999767,-0.4283972840185496,-0.2885717789998005,data/raw/audio_samples\Actor_18\03-01-02-01-02-02-18.wav,Actor_18,calm,confident
-1.634910225317245,1.4736417340364922,1.4806960182506232,1.459256982633956,0.6861380515225247,0.7680631488313641,0.922124915500729,1.7750003216883723,0.7451150814157896,0.9111260913891618,0.9595530015135952,-0.22779660249446668,0.3403303895946932,-1.155349869701456,-0.7428979979578114,-1.0260038489805712,0.6272408489603241,data/raw/audio_samples\Actor_05\03-01-02-01-01-01-05.wav,Actor_05,calm,confident
-0.8145146573716595,0.9536961312339745,0.7801890667376585,1.435628448573098,0.7505022444319054,-0.2696658297748509,-0.057812365820459864,2.0075063875139323,0.32052856360173426,-0.15353260298476806,1.1247709274952213,0.5973223452733787,-0.5804908735388705,0.23663699615228073,-0.6362560895845836,-0.8714426916011294,0.8104033745523491,data/raw/audio_samples\Actor_07\03-01-01-01-01-01-07.wav,Actor_07,neutral,confident
-0.9778253416466246,-0.5366663486203289,0.7378021819315713,-1.0158975670344943,0.0918590474332373,-0.11372982811467185,-0.9611275567215455,0.7695383436415538,0.02887036279603396,-0.3969493232932059,-0.22244231452007324,0.2044225921686706,-0.2031339170144408,-0.07175427508232529,-0.6717234852815251,1.283294449715322,-0.10540925340777546,data/raw/audio_samples\Actor_20\03-01-07-01-02-01-20.wav,Actor_20,disgust,nervous
-0.2826024796686218,0.9999546430550255,1.7729432422679297,-0.5173596263885135,0.5408023121655023,1.2287489814898818,0.8972899722850629,1.3231760338906866,-0.9892465048212395,1.4644588125506812,-0.2687130505928566,-0.3215242335408403,0.1941833615941909,-0.9910884078723168,-0.46519896607831884,-0.10912859666751812,-0.5633155673878374,data/raw/audio_samples\Actor_11\03-01-07-01-02-01-11.wav,Actor_11,disgust,nervous
-0.638687229101918,0.46399689392431054,-0.3869239224753738,0.030269753500722148,-0.48756592124581166,0.9095432728608376,-0.4549874308972224,0.33894632713807743,0.24906846246341627,0.24527273253120474,-0.1112446385628902,-0.22261767500770407,0.4396463740136181,1.0126541722591609,-0.5662460188883031,-0.6220366517042519,-0.196990516203788,data/raw/audio_samples\Actor_02\03-01-04-01-01-02-02.wav,Actor_02,sad,nervous
-1.2227037473404287,0.5469320871173858,0.4782677881191311,0.6126532086542937,0.03656753557081174,1.4787932471046488,-0.0456848171367422,0.6318274828583595,0.2001040925120525,0.24811499558992525,-1.152086410276106,0.3339442134260597,0.0345874714876845,-0.8888499049530366,-0.6914772849702026,-0.7019923661253673,-0.838059355775875,data/raw/audio_samples\Actor_08\03-01-02-01-01-02-08.wav,Actor_08,calm,confident
0.37539781378041237,0.330376471409237,0.9450988636704405,0.7168633111593651,-0.5378453052734091,-1.0424157389185789,-0.07881607525622125,0.7658120847375381,-0.3443843545747375,-1.063380361557745,0.8377269299958356,-0.28330148361482377,-1.2722117423715207,-1.2781363250403492,-0.1849021181117033,-0.0034838902956610715,-0.4717343045918249,data/raw/audio_samples\Actor_07\03-01-08-02-02-02-07.wav,Actor_07,surprised,neutral
0.8616837329944508,0.5350001230613801,-0.8688076369833794,-0.27548057101779944,-0.7717127369108778,0.11376112215920882,-1.8269343044308743,1.0814249844881125,0.4609003414865561,-1.4873855970143142,1.3005305607850077,-1.2067000366963339,-0.11786997614583118,-0.10736503138154344,0.2757756451800596,0.4463101605122009,0.9935659001443742,data/raw/audio_samples\Actor_10\03-01-05-01-02-02-10.wav,Actor_10,angry,nervous
1.3842052808565122,-0.968183722343794,-1.0603709923246254,-0.759583793419531,-0.6702782329865985,-1.1892238536944308,-0.7294128831990012,0.5608002269411825,-2.5216419251877635,1.081364144590197,-0.3487157314254337,-0.5643368149488321,0.08975770241642128,0.4678596119892955,0.647529400940137,0.2828992627649582,-0.013827990611762946,data/raw/audio_samples\Actor_05\03-01-06-02-01-02-05.wav,Actor_05,fearful,nervous
-1.8735820415418742,-0.3849493134473896,0.48878521692426596,-0.053825998057327525,0.02631254955426411,-0.6640885315739218,0.260190187128914,1.5559217527052969,0.6448840158328152,0.24364529154064857,-0.11183967492323614,-0.3963169182074432,0.3417894423162204,0.9922166667772463,-0.7625902948598158,-0.39373684110611307,2.458866104880573,data/raw/audio_samples\Actor_06\03-01-02-02-01-02-06.wav,Actor_06,calm,confident
-0.5184198205950781,-0.3078500420932601,0.482035895610276,-1.0337866222004546,-0.8486996714772232,-0.291818279784192,-1.03348381621757,1.0120240271105974,-1.0740081750794015,-0.5222005903325312,-0.6663807797212975,-0.8427291299010204,-0.331355008659341,-0.3981890397979197,-0.5914961726525176,0.6383727360616609,-1.479128195347962,data/raw/audio_samples\Actor_14\03-01-08-01-02-01-14.wav,Actor_14,surprised,neutral
-1.5926123839100652,-0.685819986509283,0.3030501964500159,0.521762222944267,-0.5465278509827782,-0.3042274063628953,-1.0436832051107212,0.45216860334772147,-0.25291335589499386,0.5156198725294308,-0.785375034993461,0.022677541545176223,-0.517614055772221,1.0930866379944815,-0.7599701365619239,0.19186063129986902,-0.3801530417958124,data/raw/audio_samples\Actor_20\03-01-02-01-01-01-20.wav,Actor_20,calm,confident
-0.0456175451257866,-0.5625737252021604,-0.525713234564005,-0.7401729896469219,-0.3719538786382124,-0.2959763019566884,-0.9646832296772744,-0.48818557834695026,0.23055611113951593,-0.2953399231888041,-0.6056183712039291,0.10445604800214343,-0.2735992829067163,-0.5551169168116376,-0.20689611382278733,1.3081641758313876,0.1693345349802621,data/raw/audio_samples\Actor_04\03-01-07-01-02-01-04.wav,Actor_04,disgust,nervous
0.05964433990881887,-0.7160627027263494,-0.13696238611862732,-1.4489700807523695,-1.3562971343041872,-0.13045139582950777,-0.8463104189852366,0.5301311267367635,-0.8333631270389216,-0.7937215883167751,-0.6152389894651271,-0.3800604030427195,0.2730164881759552,0.8133702390671524,-0.44675306664108005,2.2527849798605835,-0.10540925340777546,data/raw/audio_samples\Actor_14\03-01-08-02-02-01-14.wav,Actor_14,surprised,neutral
-1.3008315875912946,0.7535064956343531,0.5694481163604784,0.7612576079282666,1.4127734778194931,0.7346315365086463,0.9725745682114517,0.8940630091111705,-0.3959722213267246,1.321098473490493,0.10563448403401315,-0.0850240387351309,0.01146058274055317,-0.5942197251452012,-0.6455468064202097,0.5795093867200559,0.9019846373483617,data/raw/audio_samples\Actor_23\03-01-02-01-01-02-23.wav,Actor_23,calm,confident
1.294615802192797,-1.5073579431533777,-1.5936206389864473,0.2634870630593295,-1.8029270777043118,1.1751362685028834,-0.4421961617016264,-0.17518675986530285,1.6768008541125659,-0.391513620547141,0.802722774115598,-0.5983071410719357,0.5746598263594049,0.1766590277354438,1.6919824231082816,-0.623508406284827,-0.7464780929798625,data/raw/audio_samples\Actor_08\03-01-06-02-01-02-08.wav,Actor_08,fearful,nervous
-0.051580434900037095,1.870798840686638,0.5987283562761654,1.2064931814228301,0.6805297107270053,0.9617262925080012,1.2784486150037786,-1.0134378710966956,0.017606599515985474,0.9724499415338557,0.045813141731265286,-0.23181612458164383,0.8444326820210285,-1.1237569938925704,-0.3126432868730942,-0.9560767749813079,-0.196990516203788,data/raw/audio_samples\Actor_21\03-01-01-01-02-01-21.wav,Actor_21,neutral,confident
-1.68036358282221,-0.972943253796537,0.125236371416968,-0.40105155354758254,-0.7170405862671231,0.11572396913081835,-0.6680623966340739,0.5503506077903172,0.30922152328601926,-0.8203338982054438,0.4684140634594157,-0.817751957990494,0.3367824624452404,1.5427599786733528,-0.697320407179511,2.6083046437190616,-0.5633155673878374,data/raw/audio_samples\Actor_20\03-01-06-01-01-01-20.wav,Actor_20,fearful,nervous
0.00537917590790495,0.5000345141204744,1.562940851912815,-0.13962261139703397,0.5073400520789784,1.1275944076112334,1.9050586335428294,1.1285964716060204,-0.7460747339928366,1.0699705838002325,0.3033217857268601,0.055335920252659376,-0.17277682489157378,-0.10108356271692244,-0.4530798019612052,-0.9065438645443914,-0.3801530417958124,data/raw/audio_samples\Actor_11\03-01-06-01-01-02-11.wav,Actor_11,fearful,nervous
-0.0985612307089648,0.15475872342435076,-0.6059762974489072,0.47769709185228404,-0.7299896602345103,-0.16952797764435193,-0.9566486879816949,-0.6779938751063486,0.698009100555773,-0.5094336539887948,-0.7901767867852744,-1.0373549119768644,0.7022654433778289,0.13707080396259777,-0.39453650282758407,-0.5415279055358717,-1.0212218813679,data/raw/audio_samples\Actor_18\03-01-03-01-01-02-18.wav,Actor_18,happy,confident
-1.1433834461573757,2.0904656829599517,1.2083118233572112,0.5205110053574263,1.2927903935948706,0.8353353271430336,0.09796720439576177,0.7429179455606492,0.24471098227747254,1.1505210117486693,-0.2253398776432405,1.0606322896589786,-0.06315075700109316,-0.8290611429325898,-0.6621969879039096,-1.5921971231354182,-0.3801530417958124,data/raw/audio_samples\Actor_13\03-01-04-01-01-01-13.wav,Actor_13,sad,nervous
-1.0709999558583012,0.8385836677435038,0.7724520663038134,0.16523156118280433,0.1274116259884717,0.4593641053218174,-0.22069734561349766,0.23965002151752623,0.48632541068245916,-0.14268745340285666,-0.19364795423957717,0.04142966499682118,0.17842090448211018,0.16564923611637494,-0.6570085563050201,-0.44412655061090855,-0.3801530417958124,data/raw/audio_samples\Actor_08\03-01-07-01-01-02-08.wav,Actor_08,disgust,nervous
-0.13259522423795522,1.5656166212676426,0.5349165558577954,0.3132433329001404,0.4775008191940861,0.09558857601325153,-0.3192481604528095,0.462529816056083,0.2316276909176958,0.5351486174179751,-0.07797008958748236,1.5173064411527581,-1.2595664979674366,-0.34937700420105605,-0.4641529250484111,-1.052172933827884,-0.10540925340777546,data/raw/audio_samples\Actor_13\03-01-07-02-01-02-13.wav,Actor_13,disgust,nervous
0.7880135785197726,0.043696664115647696,0.7474824550968144,-0.8276364316483064,-0.005035594149880766,0.7965537275357638,0.5924495179517271,0.18352947769762254,-1.6816066526910696,0.9347991941964414,-0.22137650400062028,-0.17007128511168032,-0.054293624966550276,-0.8341095553488919,0.13597798965016564,-0.26284803807905366,-0.5633155673878374,data/raw/audio_samples\Actor_11\03-01-05-01-02-01-11.wav,Actor_11,angry,nervous
0.18950351095802836,0.5046267627711306,0.28513201466639126,-0.4225952530946221,-0.5408419276210026,-0.32803199932637866,0.23832513468610453,-0.42878360197090076,-1.6074060932009246,0.5055700582278875,-0.6121472591196553,-0.9718787878123767,0.21618562050168857,-1.2445193541050332,-0.25576888704902806,0.08101680632016169,-0.2885717789998005,data/raw/audio_samples\Actor_05\03-01-08-02-02-02-05.wav,Actor_05,surprised,neutral
0.6313216960430925,0.057153149624528686,-0.6943829635730294,-0.4942167733738395,-0.7657531375419122,-0.5635544151905149,-0.9364450432599057,0.37629184611545025,0.7406119986083907,-0.492471363546537,0.5336019419138273,-2.0630093076630502,0.14372410762435348,0.4518000302374461,-0.12415643023195583,-0.04024784628688969,-0.2885717789998005,data/raw/audio_samples\Actor_12\03-01-08-02-01-01-12.wav,Actor_12,surprised,neutral
0.5145444884491566,-1.834017537305049,0.13734575261177254,-1.798005142098392,-0.816824691201516,-0.8446247337522219,-0.06570252053797923,-0.10416006277519604,-0.40042950365614416,-1.1308403037688155,0.06728085317459913,-1.0613373943527622,-0.7013593736652033,0.5697945580444643,0.13998811433139502,1.8671483020138107,0.1693345349802621,data/raw/audio_samples\Actor_24\03-01-06-01-02-01-24.wav,Actor_24,fearful,nervous
0.03604642743306481,0.5947729249197818,-0.6772943039993315,1.6774370469683695,1.6678487313737087,0.10176038941968096,0.9012807211216307,-1.2382115305761205,0.057678863445095055,0.8205672500601123,-0.6302225281010371,1.2193388845547821,0.9082938453900506,1.0722900077504867,-0.389149519193335,0.13291033338900948,0.2609157977762746,data/raw/audio_samples\Actor_09\03-01-05-01-02-01-09.wav,Actor_09,angry,nervous
0.5111710176422248,-1.566276084622409,-0.8561598308361398,-0.4069444921971618,-0.6699406855674355,-0.025737517322832627,-1.1805815927675978,-0.8870437055464708,0.23933705952788614,-1.2650410679833057,-0.22662142952080958,-0.76627600602239,0.1913607623968507,2.0168083385298883,-0.16937958417861707,1.812195900125572,1.0851471629403866,data/raw/audio_samples\Actor_20\03-01-08-02-02-01-20.wav,Actor_20,surprised,neutral
-0.7715796275664659,-0.7677111948851462,0.07404779955518867,-0.11092699532256665,0.39942567715587274,1.5085456993250341,-0.02005306461642367,0.5310571031920656,1.5884153886066228,-0.08451632953998316,-0.08069301068388415,0.3576467433898207,0.9114265076377953,1.1764123083347964,-0.48202808951981185,1.0303303280738283,3.1834670728232424,data/raw/audio_samples\Actor_08\03-01-08-02-01-01-08.wav,Actor_08,surprised,neutral
1.3025683697883936,-1.552826459752008,-0.7004732768436007,-1.2299685896147698,-2.247207319053699,0.3195423523225119,0.10634222360724417,-0.36712731719371167,0.36397038005128085,-1.7119985880661435,2.1559595992176233,-1.7488076775915447,0.3077661426965834,1.2627864060033576,1.4681064238314627,0.5256575814369245,1.2683096885324117,data/raw/audio_samples\Actor_24\03-01-05-02-01-01-24.wav,Actor_24,angry,nervous
0.8949842869854152,-1.6120282229352232,-1.0575901874164317,-1.5298945893900404,-0.5069727095337819,-1.9676200852456767,-0.8253792860278371,-1.5821416509235193,-0.14171799654845627,-1.9314605585095546,-0.7665438275773842,-0.6513381485295829,-1.565001633454639,0.44734954677284294,0.3492041507258598,0.20130305404144128,-0.5633155673878374,data/raw/audio_samples\Actor_22\03-01-06-02-01-02-22.wav,Actor_22,fearful,nervous
-1.6894053388502244,-0.8309518305386414,0.3753752224249148,0.46022272723705865,0.02284585002690438,-0.9477364805219809,0.21801712537142046,1.597757950135996,0.15952083151457738,0.24370983731993567,0.37306795365833945,-0.8270804464051891,0.27212570063686525,1.2700327354418028,-0.7533292484800909,0.25529379590201196,0.7188221117563366,data/raw/audio_samples\Actor_06\03-01-02-02-01-01-06.wav,Actor_06,calm,confident
0.8681401658483382,-0.46177766256707475,-0.9619122057271542,-1.1019115978606056,-0.9647248951031739,-0.7498872533415399,-0.4941519199593552,-1.0412223059648025,1.1713044582439804,-1.8295149368881882,-0.3744278829064307,-0.720274842960299,-0.789611856588191,-0.41210856861972567,0.902698181493498,0.3862279853193181,3.0999349444526594,data/raw/audio_samples\Actor_10\03-01-07-02-02-02-10.wav,Actor_10,disgust,nervous
-0.9802863282417082,0.5713270578419558,0.11263630558508377,0.35922447984197414,0.038499953514634117,0.3383770805741645,0.1659637048341019,-1.0170523645866736,0.10205561527157712,-0.6686852307647937,0.4246354413876194,-1.6451629709803337,0.3814512349584477,-0.5427491559835261,-0.6156179979606475,-1.508953424802821,-0.196990516203788,data/raw/audio_samples\Actor_12\03-01-01-01-01-01-12.wav,Actor_12,neutral,confident
1.0908702772997028,-1.0940959985700387,-0.005715678729446241,0.01497447860051546,1.225140781808242,0.9171342478605636,1.34288618707707,1.1631602611934098,0.6473904249101192,1.4417007122604035,-0.08796566391856814,1.2319226478743428,-0.210171174818506,0.21796021232997695,1.601244960035536,-1.0551522092374277,0.35249706057228714,data/raw/audio_samples\Actor_17\03-01-06-02-02-02-17.wav,Actor_17,fearful,nervous
-0.6546368329049103,-0.9512983773052271,0.43096640069186387,-0.6703190686415746,-0.39360915945901864,0.25517222417759483,0.002867314929952265,-0.47683311818148866,0.3278881831073544,0.24285372446961734,-0.4213437941132898,0.694420533884862,0.11197429159576835,1.9933830252447842,-0.5829106355679893,1.4338392988105877,1.1767284257363992,data/raw/audio_samples\Actor_20\03-01-07-02-01-01-20.wav,Actor_20,disgust,nervous
1.2911089255504684,-2.5479271112141655,-1.8404484754844002,-1.9522180330219587,-0.7039302609191875,-0.6223793630164831,0.5687227543674055,-1.5252765259152967,-0.15821323425952702,-0.7336919471423948,-0.6130924232148209,1.8425364101497685,4.146949888147943,1.4474628706119281,2.274391649428633,0.6262924180260491,-0.4717343045918249,data/raw/audio_samples\Actor_18\03-01-03-02-01-01-18.wav,Actor_18,happy,confident
0.058303845308405974,1.38559872250954,0.3716242758884292,1.5287620290462247,0.5443142824366801,0.27801652712673175,1.5076387664725952,-0.8464002127316747,0.36831196255065324,0.2689829134547521,-0.1821998017811085,0.562706332498514,-0.07678295968631449,-1.1581516857800385,-0.2449932515621259,-1.1878853846263475,0.07775327218424957,data/raw/audio_samples\Actor_21\03-01-03-01-01-01-21.wav,Actor_21,happy,confident
-3.0622385669672822,0.5614182522823931,2.247835784667425,1.524844892821803,2.268876598109569,2.054291427822247,0.7871267294132027,3.153531284120712,2.304355196537406,0.9458118429625374,2.5213170468207164,0.8894328356639724,0.7171135535353683,-2.387136781904874,-0.7986717736671464,0.6305152355727519,1.7510788844043597,data/raw/audio_samples\Actor_09\03-01-02-02-01-01-09.wav,Actor_09,calm,confident
-0.0657504165611019,0.6246456045720227,0.9527186242046021,1.0143900229622678,0.9376201449406106,1.1423335344074124,1.6430573312253556,0.6990649971163475,1.1528525118204456,-0.23897371082074131,0.49837463233272267,0.9175989718931922,-0.1041622625136505,0.04861497669491917,-0.38560823197420036,-0.9807815791611857,-0.3801530417958124,data/raw/audio_samples\Actor_17\03-01-07-01-01-01-17.wav,Actor_17,disgust,nervous
0.4664116045266483,0.09517685167513715,-0.03607185573326599,-0.6635541319590743,-1.585415514468562,-2.0944731645213084,-0.30674892062265335,0.390217593173715,-1.2158170533614292,-0.7885159894505415,-0.4952595554995328,-1.5175887812748945,0.33776223208422723,-0.21089307692476383,-0.013184839728614258,-0.20034453423195606,-0.9296406185718875,data/raw/audio_samples\Actor_16\03-01-08-01-01-02-16.wav,Actor_16,surprised,neutral
0.42806269286987747,0.5221111729229299,-0.4555739482663218,-0.0474068793428667,0.5030552650768523,-0.7184540836609012,-0.2788964044623311,-1.081323960052344,-3.011630831609808,1.4329349456791978,-1.5343123613029623,0.5869120597459745,-1.0707770488175703,-0.8008744414975524,-0.11880996047323455,-0.9715898874189655,-0.5633155673878374,data/raw/audio_samples\Actor_01\03-01-03-02-01-02-01.wav,Actor_01,happy,confident
-0.5964236168235572,0.014402029748104811,-2.2719811274870034,0.4007135823338842,-1.4370445495390438,-1.1771082631034009,-0.9390256253770645,0.20609692656927942,1.694155826648208,-1.880288032604015,0.6918168310954653,-1.1793886829652707,-0.5860234700094451,0.014978488109490018,-0.5339414801723208,-0.8970479921912545,-0.2885717789998005,data/raw/audio_samples\Actor_06\03-01-03-01-01-01-06.wav,Actor_06,happy,confident
-1.8100814490062953,0.5585122609875022,1.8185995970122593,2.0876519792024757,1.545971511876372,1.812638672406265,0.22765581788292738,0.9417004462402015,1.303538292384792,0.649261726210659,1.4487163769686766,-0.02671025717037324,-0.16275235402579707,-0.2800448001335637,-0.764798862823092,-0.9655247214595379,-1.295965669755937,data/raw/audio_samples\Actor_09\03-01-06-01-02-02-09.wav,Actor_09,fearful,nervous
2.1382394910002294,-0.6664013142192178,-1.9707968799225066,-1.9690180283485974,-1.0005698871033721,-0.10467387900736193,1.2271070758868028,-0.8664694810687616,0.2985204876417511,-1.1489077735430475,0.19385992375827385,-1.3660278053075752,-0.7520889568251552,0.9233496716406839,3.2496152420004245,0.09200567713220888,-0.3801530417958124,data/raw/audio_samples\Actor_12\03-01-05-02-01-02-12.wav,Actor_12,angry,nervous
0.4730356723447515,-0.8232149279566092,0.9292680512978372,-1.5184008870473293,0.4727953972293848,0.43961154060775454,-1.9260848805636666,0.9368605567507146,-0.6397068459630234,-1.0403121133280115,0.989198937529158,-0.9975851609765004,-1.6303341880339215,-0.11614889241007141,-0.017397942330765033,1.370211489284273,0.6272408489603241,data/raw/audio_samples\Actor_01\03-01-07-02-02-01-01.wav,Actor_01,disgust,nervous
-0.20232405543529533,1.1219373791135758,-0.7690889807252301,1.3835243026878465,1.2991734060592932,-0.4019036056126616,1.796891172015418,-0.4300606335916951,-0.8685810449906742,1.4474159310506693,0.017450143641103085,0.468623961335548,-0.12117179801695412,-0.18604641947260314,-0.3841309394642001,-1.218568812951364,-0.10540925340777546,data/raw/audio_samples\Actor_23\03-01-01-01-01-02-23.wav,Actor_23,neutral,confident
0.46276605602910464,-0.3489048326127458,-1.6270215162171842,0.29088606384455995,-1.936192111778193,0.25674589803903736,-1.1691187220690877,-1.0457888172515533,-0.010243245398398746,-0.503452290219717,-1.2252938409575174,-0.516268433965287,-0.04687059683665921,0.8706341060212089,-0.2371856489782775,-0.2550506331616619,-0.7464780929798625,data/raw/audio_samples\Actor_04\03-01-03-01-01-02-04.wav,Actor_04,happy,confident
-0.4347617818650319,0.07799956457359158,0.12413898313551103,-1.0528769704144378,-1.1394086934516245,0.9504533116183955,0.26700069492030243,0.20482883618160808,0.0611922521773683,-0.4082002239321048,-0.7267280970446145,0.0950263567827754,0.4899364834622666,0.9526633451551907,-0.5779943959311539,0.43897114615107663,0.7188221117563366,data/raw/audio_samples\Actor_14\03-01-08-02-01-01-14.wav,Actor_14,surprised,neutral
-0.2610337401628511,0.0833488189935518,0.11629058482910029,0.44626377444841253,0.10395173843259825,1.455886815015082,-0.9629341173992892,0.3622440512250564,1.0465742690787987,-0.8387888857656783,-0.5057556738866277,0.11921877656848837,0.19947275240679882,0.736906056028936,-0.5134682187402902,-0.008283201705394861,-0.4717343045918249,data/raw/audio_samples\Actor_08\03-01-08-01-01-01-08.wav,Actor_08,surprised,neutral
-0.10899233829903944,-0.43096668112442005,0.4046949416644854,-0.47410289127773286,0.9540021705319223,-0.22642870656574707,0.4731835761381082,1.497607644986783,-0.9619052597050235,0.5497654102695003,0.5939814999149633,-0.5230614416636377,0.18974513017570865,-0.2415913555002321,-0.3836659831632904,1.1924120368266722,2.1841223164925356,data/raw/audio_samples\Actor_03\03-01-07-02-02-01-03.wav,Actor_03,disgust,nervous
1.3839421261439255,-2.55906805825053,-3.274587995853965,-0.5706182448993737,-2.975772786922364,-0.7644698151703584,-1.6833864559965994,0.2328166841032635,0.6009409175678078,-1.4047519266894801,2.4992158512554505,0.5389800840880966,3.5701122197418402,2.499368690029847,1.391787270289394,2.028528656434678,0.1693345349802621,data/raw/audio_samples\Actor_14\03-01-03-02-02-01-14.wav,Actor_14,happy,confident
0.44717688202700906,0.8478169193693338,-0.25009223716133305,2.125760440254977,0.18180736523266067,-0.10041714066355005,1.8195142082193765,-0.4278736079698061,0.1331126291935622,1.2997740856865552,-0.5790214391028594,0.09065034996808082,0.2886490664592658,1.156758264290361,-0.17629649431577885,-0.21612004858802492,0.8104033745523491,data/raw/audio_samples\Actor_21\03-01-07-01-01-02-21.wav,Actor_21,disgust,nervous
0.5232483415388302,-1.5753130781964015,-0.8900211328291182,-1.6475337461461017,-0.9890278989740515,-0.46548409769156485,-0.2376796670661533,0.9883498771091397,0.859260786428531,-0.7728165353567086,1.0898382133412539,-0.24806870476489787,-0.4864157112914693,1.370042552337585,-0.02604387573057593,0.8371476352610977,2.092541053696523,data/raw/audio_samples\Actor_24\03-01-07-02-01-02-24.wav,Actor_24,disgust,nervous
-0.2454518800771698,0.32033337250070393,1.2137555885328266,0.4001428129302531,0.5092192666410931,-0.10992067150413044,-1.5346797412639972,0.400918349209923,0.9655537282216506,-1.8019761337231988,0.8770256044245169,-0.0031161082782629967,-0.06322542222544655,-0.37645326615436714,-0.4307965916512907,0.8794017816945308,-0.10540925340777546,data/raw/audio_samples\Actor_10\03-01-04-02-02-01-10.wav,Actor_10,sad,nervous
1.2027664696353915,-2.4768728287088324,-1.2432602153389933,-1.1740880274487067,-1.0922521701297598,-0.9709360870442455,-2.081149218202893,-0.012228986174312803,-0.44269034910324595,0.6798097940021997,1.2394471616687552,2.1460492778997846,3.092858388185717,1.711937132898025,1.4110205347680869,0.9910751678515466,1.9093785281044982,data/raw/audio_samples\Actor_19\03-01-06-02-01-02-19.wav,Actor_19,fearful,nervous
0.8334221748562824,-0.5940412843444544,0.41401781284648875,0.5550428776225693,1.2336605198483928,0.14298120217308855,1.367118305084602,0.500308984839922,1.0133799626038313,0.21940117966508882,0.8915701274755454,0.21913478081676452,-0.05717512270251873,0.245787329764108,0.7704455033072667,-1.6982883440742071,0.07775327218424957,data/raw/audio_samples\Actor_15\03-01-06-02-01-02-15.wav,Actor_15,fearful,nervous
0.4563540917870161,0.015927718969231924,-0.5837624457408753,-0.9152702453823147,-0.4726792320890882,-0.9948013279390663,-0.8463031421879339,-0.7014480707729802,1.4142061261158145,-2.005517784383578,0.6659751745366495,-1.168886955231761,0.47592902157503614,-0.23035194446806848,-0.07497803258503223,0.631940092563766,-0.013827990611762946,data/raw/audio_samples\Actor_12\03-01-08-02-02-01-12.wav,Actor_12,surprised,neutral
0.16978343696513615,-0.17951581451254336,-0.309031901065338,-0.4891663436513514,-0.7870254634301186,1.5550913071453611,0.5676616824238632,-1.0425283965932466,-0.14659417030181993,0.04701976367518106,0.28341693360793496,-0.5835917859934404,-0.5424175291768799,1.2464466885675325,-0.32477222198371747,0.43269233446706873,1.0851471629403866,data/raw/audio_samples\Actor_18\03-01-05-01-01-02-18.wav,Actor_18,angry,nervous
1.3190957729881156,-0.7974336703459844,-0.005357398160096833,-0.7671727749929783,-0.008018402765976889,-1.2361894251131424,-0.2580037619327698,1.2558137894306325,-1.5794831946315815,0.5828882438400181,-0.9628677403076559,-0.008914241989728641,-0.23844126518493197,0.09636341517032775,0.6546613410250578,-0.7125604487712252,-1.112803144163912,data/raw/audio_samples\Actor_13\03-01-06-02-01-02-13.wav,Actor_13,fearful,nervous
0.28914713795982516,0.04193888095445245,-1.2921086902132972,0.2241019694669367,-1.2228753622471775,-0.16753172765825192,-1.5329057346794501,-0.31029616887135647,-0.016942606222844374,-0.48042026542167393,-0.8043402672085463,-0.13193725672098763,-0.40605551172715687,-0.19760729768309948,-0.24364832707569872,0.2221504030647316,-0.6548968301838499,data/raw/audio_samples\Actor_04\03-01-03-01-02-02-04.wav,Actor_04,happy,confident
2.121052518818266,-1.4478986870706152,-0.814560033671909,0.1244307965032951,-1.001042836445133,-0.9058442485164127,1.1629895871474998,-0.0817157793898087,-1.0490243297719117,1.4413897134349682,-1.6683745233399079,1.2559573917228846,-0.4686833245951133,2.389833800640067,2.1914072484115046,1.7171054030988067,0.35249706057228714,data/raw/audio_samples\Actor_19\03-01-05-02-01-01-19.wav,Actor_19,angry,nervous
-0.651468736870892,1.6074320668322193,0.6811058906715267,0.9795152751727589,0.7815330484280629,0.9207762960941429,1.6506400412568332,0.9432941092789646,0.1862056031130882,-0.03988116061342574,1.3171243706206053,-0.514227654200582,1.0883889829847553,-0.28044250095704387,-0.5546397468172614,-0.6246255400554144,0.9019846373483617,data/raw/audio_samples\Actor_15\03-01-02-02-02-01-15.wav,Actor_15,calm,confident
-1.901532904510763,0.24638619960055635,0.15138432633980387,0.054036873425163036,0.18139726153073193,-1.161460910209316,-0.30958419064540876,0.4388950074803665,0.2680397017719204,-0.29318961276396643,0.07539489770593594,-0.18126759855867144,-0.29138047987918686,-0.06736808505338868,-0.7470545088039992,-1.023431118692702,0.1693345349802621,data/raw/audio_samples\Actor_06\03-01-04-01-01-02-06.wav,Actor_06,sad,nervous
-0.08105493293635291,0.9334706770528675,-0.8957224036062966,1.0676306634656263,0.9303191775354048,-0.6105076704139394,1.3043225125290798,-0.7854742031698076,-1.222117331784087,1.1786022699198566,-0.2681699608947163,0.20063455766326357,-0.17149615923114336,-0.20944647462226668,-0.3485711278721997,-0.5548764763164702,-0.196990516203788,data/raw/audio_samples\Actor_23\03-01-01-01-02-01-23.wav,Actor_23,neutral,confident
0.5336101132012971,-0.036949703303673975,-0.8332289615810404,-0.11184594311608564,-0.4999582060951226,0.9172761406937658,-0.8233075052378741,-0.3568478050030116,0.9580035888214053,-1.170782836519519,0.18032462431740476,-0.48711962834014655,0.35761436208362585,-0.8174593924665626,0.034586398671827764,0.4412215355229245,-0.2885717789998005,data/raw/audio_samples\Actor_08\03-01-06-01-02-01-08.wav,Actor_08,fearful,nervous
-0.5967343119928367,0.3884055033254665,-0.11046632853306179,0.35392665850906335,-0.15071712129559794,0.33083471722401814,-1.1417828585172618,-0.5642848605185704,-0.22953025621870266,-0.5256882504065526,-0.25686583688482234,-1.132660900981172,0.8744725979622875,-1.541030116906115,-0.5272108657720396,-0.5287418612498389,-0.4717343045918249,data/raw/audio_samples\Actor_18\03-01-03-01-02-01-18.wav,Actor_18,happy,confident
1.0223590669070153,-1.2689663748736992,-1.134324118231987,-1.1916224049810598,-1.3463260820162384,0.7226350491243121,-0.18830008654826835,-1.0570214648931666,-0.2412651461785726,-0.5656051350227372,0.8211199677715765,0.6067867058314375,1.9414456613882014,-0.46685351061213237,1.2432448819758393,0.3245716054252326,-0.2885717789998005,data/raw/audio_samples\Actor_08\03-01-06-02-02-01-08.wav,Actor_08,fearful,nervous
0.34625595266261894,-0.8858566444679035,-0.4580569010731685,-0.7335157835876114,-0.4967675076584723,-1.3839819024668563,-1.139025718318178,0.17406048828952367,1.992313101873402,-2.280541150613771,1.019245381105067,-1.2360768867944585,-0.4094232999615435,-0.1908799081182484,0.011879494932549495,1.9131822888758934,1.1767284257363992,data/raw/audio_samples\Actor_12\03-01-07-02-02-01-12.wav,Actor_12,disgust,nervous
0.7495926979254851,-1.2246183319127815,-1.3795771632949294,-1.0891658048983155,-1.018569999862132,-0.8794900165195024,-1.5243754132939535,-0.3520517275558274,-1.7086511409912866,2.5292650634686558,-1.6549664992477375,1.5148503978748327,0.7878839836533595,0.7670619735506743,0.20906495301168482,-0.24633793524190298,0.444078323368299,data/raw/audio_samples\Actor_19\03-01-06-02-01-01-19.wav,Actor_19,fearful,nervous
-1.1675094233982422,0.8558818188591226,0.4487945331043642,0.9778152540892947,-0.15901288252304122,1.2971950267544814,-0.08822459117936184,0.26261300818946237,0.002610412710902606,0.3148187432756755,-0.6596306062561293,-0.14668538281703497,-0.09929718281419651,-0.8464713460722628,-0.687733011318828,-1.0095356235550146,-0.3801530417958124,data/raw/audio_samples\Actor_08\03-01-02-01-01-01-08.wav,Actor_08,calm,confident
1.7830160283638812,-1.50597136432526,0.05276520348244405,-0.5805701067569982,-0.4468456394143805,-0.032148656796770675,0.9612243921238016,-0.211444130771605,-1.5632334878575576,0.7476318945582108,-0.7497227510946372,0.7497893814661312,-1.0486041351699444,1.6880943715199148,1.6006100837743247,2.3497618066679897,0.8104033745523491,data/raw/audio_samples\Actor_01\03-01-05-02-02-01-01.wav,Actor_01,angry,nervous
0.6174928354435907,0.26488248094264005,0.3130297023519212,-0.1528904456023347,-0.07384411582170097,-0.7268925435226861,-0.4176316089541578,0.8024418580034137,0.40156664238295703,-2.302072455654604,-0.14775494633234457,-1.254153576825244,-0.7791253795445382,0.25638793958904194,0.07314137724990351,-0.4865690502849038,-1.295965669755937,data/raw/audio_samples\Actor_10\03-01-08-01-01-01-10.wav,Actor_10,surprised,neutral
0.7998875755400604,-1.7615516784324556,-0.9090225085939364,-1.166836229509098,-1.3971876943110064,0.4774383085144982,-0.2601504171370848,-0.5392310782462317,0.6113050105772437,0.6324458185456262,1.1975232222528418,2.2084150451488442,4.663819299646755,2.0040020046227656,0.4947451077230057,0.8489472646543506,-0.196990516203788,data/raw/audio_samples\Actor_04\03-01-04-02-01-02-04.wav,Actor_04,sad,nervous
-1.779487044088622,0.3543399517647243,0.9566835235740773,1.4315850782816144,1.8629272733514277,0.45405321262685067,0.13170799003668013,0.3739066604144725,0.3656728204076898,0.5636010290144557,-1.3239428424780428,0.35016263919983875,0.2022865923342917,0.8012660813252738,-0.740441001633421,0.6088596251112813,1.1767284257363992,data/raw/audio_samples\Actor_09\03-01-04-02-02-01-09.wav,Actor_09,sad,nervous
0.7397075010565738,-2.119572126902402,-1.8857698264861789,-1.2804638978359,-1.8924698735840357,-0.04392135331446966,-1.062309125280472,-0.4677635783631604,-0.7245939313041373,-0.912605310907559,0.21727810581523507,-1.0871883780858962,1.4195765492736967,1.2688708612115431,0.7070160265133573,0.24331757883017935,-0.7464780929798625,data/raw/audio_samples\Actor_02\03-01-06-02-01-02-02.wav,Actor_02,fearful,nervous
0.7226341871356885,-0.7079151836327376,-1.6473439203640723,-0.00015032857388432686,-1.4213570742643304,-0.48037792336490914,-1.508437695243576,0.34732001548860725,0.4969565469746595,-1.6847955201975588,0.41460286560572823,-2.2397487544367034,0.9089565596649446,-0.09379360558998914,0.15824332619146497,0.010914043933539539,-0.4717343045918249,data/raw/audio_samples\Actor_02\03-01-03-02-02-01-02.wav,Actor_02,happy,confident
2.3290478679830535,-1.6515513394212908,-0.8056277567717518,-1.3338856764652012,-0.89559017789055,-0.06937370392013696,-0.7774031699160561,-0.14141527529802644,-1.7309321272374116,-0.2092131228086528,-0.4273651474709004,-0.587035140715739,-1.270372174886076,1.1930620119782993,3.2586993380708593,0.6412701632456673,0.7188221117563366,data/raw/audio_samples\Actor_01\03-01-05-02-01-01-01.wav,Actor_01,angry,nervous
-1.0295642789180393,0.8121941488446628,0.7177050951860506,-0.0007679183999298115,0.20176492477548072,-1.1254972467532591,-0.08545328037500438,1.5857650182653917,0.3941043187752012,-0.9022689911412706,0.18574226344998535,-0.014017175146858348,-0.7395960633076564,-0.1458019434171322,-0.6443108268091513,-0.6082860040593127,-0.10540925340777546,data/raw/audio_samples\Actor_16\03-01-02-01-01-01-16.wav,Actor_16,calm,confident
-0.20926818023568833,1.954688100541528,0.20257303512409375,1.4919342746863942,0.8730226230615817,1.770268488049503,1.84716570285421,-0.919300992284365,1.2112048126655226,0.1957474611040252,0.07999308125537047,1.260269701025039,0.20809465273937394,-1.8735846982195115,-0.46991971775441443,-1.7025734435471838,-1.0212218813679,data/raw/audio_samples\Actor_17\03-01-01-01-01-02-17.wav,Actor_17,neutral,confident
0.4549270004162579,-0.0558392306045901,0.9114967616950935,1.3227050913243548,-1.1625120909961333,-0.9031135987340708,2.1000632051355965,0.33283711784136477,-0.880301425157245,0.7454834074604717,-0.3778868556642934,0.46337833514432347,-0.41952944346755144,0.9924903731176553,-0.21552250523557895,-0.23094883887373535,1.2683096885324117,data/raw/audio_samples\Actor_07\03-01-07-02-01-01-07.wav,Actor_07,disgust,nervous
1.3366614597620117,-0.051867066895700795,-0.5723348017262455,1.7877389779146433,0.017913664034256465,-0.5497126911691109,1.8811365932729949,-1.9131402893359324,-0.060208160226833785,0.948544374018012,-1.3760141284625884,0.5940622131257614,-0.29729413479249706,1.8831813210793769,1.2274722514632346,0.4402504238837496,0.9935659001443742,data/raw/audio_samples\Actor_21\03-01-05-01-01-01-21.wav,Actor_21,angry,nervous
-0.3253031715919011,-0.5818547468095311,0.03940120132320054,-0.28546234233035017,0.708054733277235,-1.0696117642024532,-0.2220747667450443,-1.5304948530967153,-0.3991475949611827,-0.34948568781630673,-1.189968664346921,0.37375691106011993,-0.8502906413019905,-0.15577201833370785,-0.4634410043331499,0.6164271667949299,0.444078323368299,data/raw/audio_samples\Actor_22\03-01-04-02-02-02-22.wav,Actor_22,sad,nervous
0.279715696465257,0.1264382997209681,-1.3849797604356973,-0.5651128519492745,-1.1058738770823349,0.04409782917617754,-0.07856253631861973,-2.3088546789694013,0.6655396528851909,0.030553235871006876,-0.14292667884288565,-0.5126296828193854,-0.5973365804916512,0.9297964662827332,-0.12999206248108278,-0.2973727585181416,0.2609157977762746,data/raw/audio_samples\Actor_18\03-01-05-01-01-01-18.wav,Actor_18,angry,nervous
0.026509372985474195,0.71404848222833,0.7042007588636725,0.32431668614659004,1.3345203728629362,-0.18874824013029132,0.5447617928067345,0.3226763005203727,-0.18352411769077057,0.8914531156292285,-0.846029211254076,1.6507098755169074,-0.8979576212707866,-0.3009897645184178,-0.4511752072228446,0.03828789419646467,-1.2043844069599243,data/raw/audio_samples\Actor_13\03-01-06-01-02-01-13.wav,Actor_13,fearful,nervous
-1.6352314525261609,0.13525786944355708,0.04531369789336611,-0.28011230070586535,0.15229145572657768,-1.4237117091544598,-0.940392131312657,-0.24626151608344587,0.3463059053445204,-0.6203414145198758,0.26818643740622616,-0.6389995222587652,-0.8046704308570954,-1.8982945025014677,-0.7063066145771631,-0.6017509939698064,-0.3801530417958124,data/raw/audio_samples\Actor_06\03-01-04-01-02-02-06.wav,Actor_06,sad,nervous
-0.923677492864996,1.5199533793130053,0.3590413253703674,1.753402018291982,0.8511831135642711,0.8783177290405201,0.5071353889008067,-1.2366597795676217,-0.7584456575876771,0.7414769044661779,0.6751826902811195,0.37123298935184273,-0.4201678432175245,-0.8514775085165553,-0.6720682958120673,-0.9016738613733417,-0.838059355775875,data/raw/audio_samples\Actor_01\03-01-04-01-02-01-01.wav,Actor_01,sad,nervous
-0.992735784205473,0.48787950632835275,0.7956508016304428,0.9869356654345143,2.091338075893015,1.44818934458054,1.9344571579511567,1.3378824623660044,1.9618931625063414,0.9945433783191582,2.1605433799222,0.6264911485973161,1.1078513594558759,-0.6881570270422785,-0.46757934351457886,-1.9231667934997831,0.8104033745523491,data/raw/audio_samples\Actor_15\03-01-06-01-01-01-15.wav,Actor_15,fearful,nervous
-1.7296114001629144,1.0927892996616484,1.548057694498693,1.694089338089491,1.878547184434461,1.4217185752509522,0.30433583543945386,1.424954146412651,1.7144159220037913,-0.15404775366766585,1.5519659537244328,0.6078556143427313,0.29081580777569593,-1.0066005769433481,-0.7439212371657572,-1.181043332792953,-0.10540925340777546,data/raw/audio_samples\Actor_09\03-01-02-01-02-02-09.wav,Actor_09,calm,confident
-1.0347858301245363,1.1706639691350493,1.2513422553732307,0.7177319463995162,1.2627302820496902,-0.27049344077633286,-0.19748953257366259,1.9125168084458783,0.2896648453609185,0.2064362299984548,0.892364332882979,0.765395026102138,0.13082623379612232,-1.4549079117337187,-0.6965157896956842,0.2098972591469066,-0.3801530417958124,data/raw/audio_samples\Actor_07\03-01-07-01-02-01-07.wav,Actor_07,disgust,nervous
0.6531584174462831,-0.440956646577491,0.5271258019283386,-0.970100080313181,-0.2534056658545229,-0.5464819292145093,-1.722367876158168,0.2258174868145689,-1.0207602618018625,-0.6837573387816007,-0.7887297528492173,-1.1645368332170463,-1.9049415263592913,0.2559433964052904,0.17163285564592534,-0.056257927636409806,0.2609157977762746,data/raw/audio_samples\Actor_01\03-01-07-02-01-02-01.wav,Actor_01,disgust,nervous
-0.5356493597705728,1.0583051031825945,0.7229742271096313,-0.6443185612159692,0.31821221944500394,0.2075798330623832,-1.1387162629381449,0.6437189876157248,1.4949446249799507,-1.5439111681707864,0.40192956739013647,-0.1177750124753221,-0.2363825347270325,-0.3187535815542567,-0.49691530460313055,-0.28677657767576986,0.444078323368299,data/raw/audio_samples\Actor_10\03-01-04-01-02-02-10.wav,Actor_10,sad,nervous
1.5152689076608286,-1.849102329670194,-2.2741141976384833,-1.6385147359367187,-1.8088626056203712,-0.8428405649167836,0.5754558983137856,-1.192118356172848,1.5571692663405563,-1.0135718058770278,1.1314294711461392,1.108740881234417,2.8067385904781683,1.1745335622968547,2.7976097631502026,1.5159647706054167,2.2757035792885483,data/raw/audio_samples\Actor_06\03-01-05-02-02-01-06.wav,Actor_06,angry,nervous
-0.6190470230762699,0.5614337252117308,1.0964064018653616,-0.2391771213191901,-0.5190003665794103,1.7186375978387844,0.018423001121934658,-1.1758135705113775,-0.6380613092307708,-0.7542935984732698,-0.28207973430187966,-0.6939723201035211,0.12910947731481232,0.1824867684397895,-0.5422544678194228,-1.1638507378045864,-0.4717343045918249,data/raw/audio_samples\Actor_18\03-01-08-01-01-02-18.wav,Actor_18,surprised,neutral
1.006958299391752,-0.9460968455691342,-0.8485372633905113,-1.1850158105696664,-1.8376613636303516,-0.48330824479811585,-1.0755777906780624,-0.4589242752977497,-0.6870935597803519,-1.5550879201743462,0.07427147580705311,-0.7018549487644561,1.0839295556434614,1.2976114046709653,0.19176743469665328,0.7213818051997103,-0.013827990611762946,data/raw/audio_samples\Actor_20\03-01-08-02-01-01-20.wav,Actor_20,surprised,neutral
0.12091214004144019,-1.0293309874346999,-0.42144683403947186,-0.1367748432735011,-0.271171492256303,-0.44195829860321434,-0.5050550517495501,0.2672747436089733,0.688630348683473,-0.3854688049950353,-0.08209219583828077,0.4964030533253973,0.05848771314919461,-0.051955111568814195,-0.13757782606246155,1.6493265886477166,0.07775327218424957,data/raw/audio_samples\Actor_04\03-01-07-01-02-02-04.wav,Actor_04,disgust,nervous
1.7918272497465166,-3.940858087723698,-2.1093776133866884,-2.555035110428435,-1.2688846620066683,-0.13224340224376518,0.397882894659787,-0.2594619056046062,-0.1393925182849883,-0.9046515934384578,-1.0004308417995373,2.4222346830883454,3.9017461501159953,2.492182980116459,3.883039540385323,3.3976889387241784,0.1693345349802621,data/raw/audio_samples\Actor_18\03-01-05-02-02-01-18.wav,Actor_18,angry,nervous
-0.19727511265617578,1.152384016861633,0.39445190557055165,0.5644552052478694,0.9585956636598499,-0.371214446092769,-0.7005843187267794,2.0458297420987206,-1.346212654406368,0.7518833919369738,0.32363618484851064,0.05461375892684769,0.19420426302430924,-0.966176079268011,-0.5104389043448416,-0.9071320154524473,-0.6548968301838499,data/raw/audio_samples\Actor_03\03-01-01-01-01-02-03.wav,Actor_03,neutral,confident
-0.4085422691897362,-0.4458801034985967,-1.9049241903361511,0.20754655264523028,-1.322392492885701,-1.6066428514890214,-0.8003769764742075,-1.296206380389436,1.5204410681645233,-1.3888126443046238,0.2668913866280376,-1.2021076673848932,-1.228706563346578,0.17795270350881984,-0.45973405281290763,0.27297644403586874,-0.6548968301838499,data/raw/audio_samples\Actor_06\03-01-03-01-02-02-06.wav,Actor_06,happy,confident
1.4262058847006147,0.10619182571132658,-0.32671233972976,0.9846219346705084,0.8427033971995612,-0.6167560868228735,1.3491326473301615,0.2688866244102245,-0.18880315900939132,0.48747903714529967,1.0589578209429173,0.1965611755172204,-0.06318059892733148,0.8950022366164802,0.5652057505921199,0.4651297255448172,-0.7464780929798625,data/raw/audio_samples\Actor_15\03-01-05-02-02-01-15.wav,Actor_15,angry,nervous
-0.05082066526291961,0.41692152821104494,0.33878049071240307,0.49675985869864336,0.9436118509775863,-0.7256515935430119,-0.8250535536012055,1.198485732077466,-2.125148322868884,1.0884964683958138,-0.26595891328877214,-0.17663667872564512,0.2935486999680484,-0.5874854469979574,-0.48798206313980813,0.4164558580560296,-0.4717343045918249,data/raw/audio_samples\Actor_03\03-01-01-01-02-01-03.wav,Actor_03,neutral,confident
1.8930348846343474,-1.5066167022554744,-1.6800220293022974,-1.4025385135866189,-1.5284556184113796,-2.3761923226438166,-1.0098625661941383,-1.3508627972854461,0.24870685317997537,-1.5391126574680791,-0.05592867486781741,2.1735785312297304,0.932659415711103,1.4365669702217543,2.584693345973291,1.567382925203493,-0.7464780929798625,data/raw/audio_samples\Actor_16\03-01-06-02-02-02-16.wav,Actor_16,fearful,nervous
0.2114361909445746,-0.41124307534957355,1.2881722427793363,0.05296524190606359,1.4488063399872957,0.593072033667503,0.8881754006740208,1.0975940869369412,1.4544016286588812,-0.6565169534850667,0.6438675308358198,0.8614484771334254,0.1015194083323234,-0.028309822885965414,-0.05106926259879536,-0.7775950454582484,0.444078323368299,data/raw/audio_samples\Actor_17\03-01-07-02-01-01-17.wav,Actor_17,disgust,nervous
-1.073564800066468,0.7181508520973078,0.3241119821540328,0.6584398309681961,1.0200804286887342,0.5589648500419407,1.1385720065560805,0.4843440778025401,-0.3067226089150411,1.4346398172938706,-0.09865908320132558,-0.008178953811670492,0.023523849174232104,-0.19070310117016542,-0.5678169869684836,1.7687642485152677,1.2683096885324117,data/raw/audio_samples\Actor_23\03-01-02-01-02-01-23.wav,Actor_23,calm,confident
-1.2428152621398143,0.16945625464295458,0.8547285404761579,-0.22977106659578805,0.9489969495628429,-0.1589916591853494,1.14246873151171,-0.2631009874856725,0.24193204143037356,-0.01700065429726839,-0.4217300796176262,-0.2300480267359696,0.07261949625949896,-0.6459070550328377,-0.6891910852719078,-1.2763679275216744,-0.4717343045918249,data/raw/audio_samples\Actor_22\03-01-02-01-01-02-22.wav,Actor_22,calm,confident
1.2255139199104907,0.7357759783234628,-0.7591958729275005,1.3441638480194038,-0.1344227992223326,-0.837919125245513,1.5325405413266473,-1.9518763935947618,-0.07804549073202903,0.18302398072280326,-1.4107118472461722,0.6395917394537725,-0.7883565626059389,0.7829213271743051,0.6815271472909908,-0.6084447114472006,0.07775327218424957,data/raw/audio_samples\Actor_21\03-01-03-02-01-01-21.wav,Actor_21,happy,confident
-1.0356798832670204,1.5931438383859118,0.9297487577069584,1.6072780667005016,0.4108866292860628,1.2784401846577702,0.3083870965904341,0.04177941485110713,0.8898105253595622,0.3888833232356628,1.3710556574663,0.23028879321295678,-0.151871649430259,-0.7017587625963614,-0.6818017033396996,-0.29677514311271486,-0.4717343045918249,data/raw/audio_samples\Actor_05\03-01-01-01-02-02-05.wav,Actor_05,neutral,confident
0.06398471046572106,0.7979173061388114,-0.008454037659360357,0.7382064395183963,0.6697259366150803,-0.18695632702054368,-0.3420406215623895,-2.1115605583085886,-0.9902490684521611,0.12329804506546407,-0.6039281160049234,0.858146996938334,-1.6434245241637626,-1.2821950777862128,-0.36045701377493,-0.9865223341782756,-0.2885717789998005,data/raw/audio_samples\Actor_01\03-01-06-01-01-02-01.wav,Actor_01,fearful,nervous
-0.37524434820868086,-0.7470978956733718,-0.18725986628155597,-0.8223053057331533,-0.35704804173485893,0.05824475224897357,-2.0289037285157145,-0.030071216871285337,-0.3156163551747987,-0.9661464602691971,-0.39887752560180406,-0.761254477794414,-0.8623005063939797,0.9221680501408982,-0.5881931683029785,1.0365072458895954,-1.5707094581439744,data/raw/audio_samples\Actor_20\03-01-08-01-02-01-20.wav,Actor_20,surprised,neutral
0.5992715292023167,0.8429067458120936,-0.5975663342857735,0.8109530888228489,-0.3477422368726837,-0.4106169405601697,-1.082949186345761,-1.1869525587360272,0.7223249906830337,-1.2211560158250736,0.24234990319809188,0.027993609284565197,-0.8799887946973115,-1.5240162368734436,0.2462654744267386,-1.5270430725430382,-0.6548968301838499,data/raw/audio_samples\Actor_10\03-01-04-02-01-01-10.wav,Actor_10,sad,nervous
0.5809138915590804,-0.9265713224840189,-0.6605667547268684,-0.4672841822454568,-1.2680506408713135,-0.28704491436989465,-0.6246520878404448,-0.861983664410946,0.5758256009158151,-0.8685706243721094,1.9518124106858779,-0.6213834709962722,-0.03602649994820701,-0.3144408697375104,0.16197244118479007,1.1490299958814048,-0.196990516203788,data/raw/audio_samples\Actor_24\03-01-05-01-02-01-24.wav,Actor_24,angry,nervous
1.5630513087087634,-0.9255613489171437,-1.8382113442248804,-2.101311071953062,-1.2237323606784885,-1.2816369321582224,-1.1804900583173157,-1.7220929611965126,0.1927944371642281,-1.5412488674966884,0.9069794841104633,1.5408167257522962,3.940236677357747,-0.6178438888420453,2.0396699154466673,-0.24582593140793366,-0.838059355775875,data/raw/audio_samples\Actor_12\03-01-06-02-02-01-12.wav,Actor_12,fearful,nervous
-0.15870444305372333,0.17184901179112866,0.7668034536421618,0.2006351728045016,0.7971627385388393,1.1380836072928122,0.12489709925596001,0.13897598363813277,-0.4725560459093033,0.45096919115659784,-0.6035875098160763,-0.16549822180307516,-0.06852858623477986,0.9909620263040964,-0.5111760866530789,1.2979051480305883,-1.0212218813679,data/raw/audio_samples\Actor_23\03-01-07-01-02-02-23.wav,Actor_23,disgust,nervous
-0.35788696177426416,0.16097679742373586,-0.11042671228666748,0.06166802025687459,-0.5419715079025532,-0.4862777541254175,-0.8449682328722087,-0.7742873793479498,0.10203807734750235,-0.8164099767343198,-0.6958659944513587,-1.4178810236240833,0.4747636158240444,-1.3931653181272483,-0.46976736515526596,-0.2711788155941354,-0.4717343045918249,data/raw/audio_samples\Actor_18\03-01-03-01-02-02-18.wav,Actor_18,happy,confident
1.9172916347007016,-1.209322611407134,-1.0776504305963972,-1.2313692574726043,-1.5438925317444778,-0.499211811875974,-0.5701220667895306,-0.795701409146738,-0.45741942953950665,-0.8337133508991381,-0.2491544693800028,-0.975189336910074,-0.2679407945853711,-0.018303927340946977,3.3639286484651554,0.6535561679995858,1.0851471629403866,data/raw/audio_samples\Actor_10\03-01-05-02-02-02-10.wav,Actor_10,angry,nervous
-0.07260150834470498,1.187372981167577,0.7537824994229658,0.2628577681276804,1.545530087931741,0.18373259993794416,-0.1499228320574949,1.2068534409783447,-0.10466805947752644,0.9026838931945765,0.11849507949570122,1.1854507011698576,-0.38357837957642127,-1.0468661779848238,-0.5056280007843783,-1.3789835075878722,-1.0212218813679,data/raw/audio_samples\Actor_13\03-01-08-02-01-02-13.wav,Actor_13,surprised,neutral
0.4094686694481309,-1.20178349957277,-0.5288472995494935,-1.3917024959068276,-1.6793841752121892,-0.026237256277053318,-0.8945783729677916,-0.3499127610619746,-0.3066916967467079,-0.4758979279968204,-0.8247474712719564,-0.2617276402869591,0.661274960112905,1.0960390844080543,-0.14838685996271894,1.9988495107940585,0.2609157977762746,data/raw/audio_samples\Actor_14\03-01-05-01-02-02-14.wav,Actor_14,angry,nervous
-1.6745124496907702,-0.08829063449912256,0.7664719186032123,0.5863800967561262,1.5164531747095553,1.1421757798075525,0.5651228461438624,1.6150478920395015,-0.16096201997098664,1.0039429941773743,0.747266036171207,0.20557634103239342,0.9237670200643301,0.6036850057007763,-0.6567805040401271,0.4781742756168083,3.008353681656647,data/raw/audio_samples\Actor_19\03-01-04-02-01-02-19.wav,Actor_19,sad,nervous
0.13557478711217225,-0.15883989372826007,-0.5351665472577536,-0.011728165404939324,-0.4414604724443145,-0.1610550884184694,-1.4407650122852087,-0.8337139441150876,0.07718683893355648,-1.2163319785429874,0.42134363805082203,-1.976344292029785,0.20799467624559978,-1.068365902871715,-0.31568713860034986,-0.17052375372309128,-0.7464780929798625,data/raw/audio_samples\Actor_12\03-01-08-01-02-01-12.wav,Actor_12,surprised,neutral
-0.5987210642476171,0.583431851599245,1.06443708371336,0.3279353745126662,0.8248442597253646,1.3798263782345752,-0.4158734964268771,0.2022946671837181,0.08943991777238376,0.8386396732062954,-0.09985831589029502,0.3152815339477428,-1.0850402813843416,-0.6041663788816412,-0.6004804309582589,0.5468657186836122,0.07775327218424957,data/raw/audio_samples\Actor_01\03-01-07-01-02-02-01.wav,Actor_01,disgust,nervous
1.061786634956567,-1.7242103909540603,-1.9770511350790785,-1.6191513871519867,-1.203745122128392,-1.5495201511389312,0.171415749465864,-2.498494209953603,0.046113674980768724,0.09420278911162029,-1.5332862038040793,-0.05018752481601735,-0.9679823656853649,0.7650482112978331,0.8610966275662824,0.8809334339458944,-0.5633155673878374,data/raw/audio_samples\Actor_18\03-01-06-02-02-02-18.wav,Actor_18,fearful,nervous
-1.3419112230805084,0.09621003463601906,0.9248928008692603,-0.23464698677423595,-0.7426857104071442,0.1320212812398213,-0.45066673675137403,1.0009422627779352,0.3049471905242861,-0.013362934403039834,-0.6274767070839414,-0.3872469703721222,0.17615219318290617,0.07547264096696403,-0.7313643104099842,-0.4763152747261986,-1.112803144163912,data/raw/audio_samples\Actor_14\03-01-01-01-01-02-14.wav,Actor_14,neutral,confident
1.178206338316172,-0.33498634878920086,1.1926641134644325,0.7693146007290367,0.5866031750259638,1.3088557082924597,2.0645706382597875,1.7605152166742026,0.9734328614134424,0.17136562725495832,-0.1362771445028722,-0.38078843609869295,-0.5472673858694269,-0.584161017135171,0.39091260681203105,-1.2301015498045598,-1.2043844069599243,data/raw/audio_samples\Actor_17\03-01-08-02-01-01-17.wav,Actor_17,surprised,neutral
1.46961953719596,-1.6201436284019075,-1.1867811402317738,-1.4750872108012782,-1.0862616608269486,0.6598211468975144,-0.6689534213143306,-1.178904107740347,-0.9294141735166082,-0.5378640641049535,1.7345880868502515,3.559873855642526,5.543846105933701,1.345575685394683,1.5822496039284297,0.3261830958253264,-1.2043844069599243,data/raw/audio_samples\Actor_04\03-01-06-02-01-02-04.wav,Actor_04,fearful,nervous
-1.6511845670090322,-1.2536255493193218,-0.5300195388034006,-0.2313893782818483,-0.8091639513140946,-0.873694686809914,-0.4132318275113084,-0.06656173043127003,2.122606061902263,-0.04334092378284015,1.0152247275292374,0.6579515406415855,0.9386066578936207,2.495131752619422,-0.753985539218367,2.310098693989168,2.092541053696523,data/raw/audio_samples\Actor_06\03-01-04-02-01-02-06.wav,Actor_06,sad,nervous
1.1806006219935572,-0.5361628945327219,-0.5042038948137408,0.01909803856574732,0.4198899681362936,-2.369553893384128,0.1596828712884883,0.15288384823015147,-0.18970756073434047,-0.3634403394320096,-1.0168558701801784,0.8157579009290534,-1.683606013347343,-0.044983866187256465,0.7299553232899064,0.9775182157177442,0.7188221117563366,data/raw/audio_samples\Actor_07\03-01-03-02-02-02-07.wav,Actor_07,happy,confident
1.1690601395617617,-0.5338943587323454,-1.4020070787246557,0.0632301021676734,-0.43408435013358593,-0.4095792078027308,1.5632541314159498,-0.44601782881550844,1.7988248662840296,-0.13392977023845437,1.8230231361775477,-1.067695832535057,0.1543076011326596,0.21407045947215125,0.9531442889464312,-1.0631914958688577,0.1693345349802621,data/raw/audio_samples\Actor_12\03-01-03-02-01-02-12.wav,Actor_12,happy,confident
-0.13080858073627002,0.09269008918268389,0.8758763677153124,0.5927957880087253,-0.5396979865294794,-0.3642037318391778,0.7132973014527005,1.1424609712173925,-0.39927338856048156,-0.12334073733631304,1.1762738133429649,-0.6488497646227036,0.9302712611959987,1.1008170051557304,-0.5156939965893473,0.7445357702981364,0.7188221117563366,data/raw/audio_samples\Actor_05\03-01-07-02-01-02-05.wav,Actor_05,disgust,nervous
-0.13116023383746958,-0.9412872460525903,-0.2519422428426081,-0.9143979563384806,0.6357668608883174,0.9069617236850762,-0.9437260534453175,0.4427712555700207,-0.2182426464087971,1.0651919169741142,-0.3064162031786658,-0.005887503430530835,-0.17191261720581352,0.5323776154418426,-0.30587117128435215,-0.3594328198509035,2.1841223164925356,data/raw/audio_samples\Actor_19\03-01-03-02-01-02-19.wav,Actor_19,happy,confident
0.5797070953507208,-0.9508800243289786,-0.9088333729659894,0.35569044331697586,-1.0800096480130192,0.08524278536315841,0.2207013061028106,0.7546177726329398,1.19413993939534,-1.3549354699246692,2.860210502388663,-0.35722047942699015,0.4599641951251044,0.7350410871557801,0.05594340731474015,-0.08576139355162846,-0.196990516203788,data/raw/audio_samples\Actor_24\03-01-03-02-01-02-24.wav,Actor_24,happy,confident
-0.4929515934138592,0.7715432601693083,0.9468612674704678,0.321952966174675,1.1903074308691828,-0.3245578992103493,-0.047886622804825536,2.390698859572157,-0.9968675529504778,1.8233725469195687,-0.3698926138759552,0.3238440228836907,-0.12855000284873014,-0.2930187562122454,-0.6245651469182162,-0.8395825087026675,0.5356595861643115,data/raw/audio_samples\Actor_03\03-01-02-01-01-01-03.wav,Actor_03,calm,confident
-1.134957229334789,1.677375254338613,1.8627586584625664,0.4303593167040856,1.5878177154020512,0.7115137580414324,0.1999093897674928,1.0984519982550942,-0.6241947413770648,0.8344604555525956,0.11639334887959576,1.0835301312832146,0.004392395652613435,-1.156159048513202,-0.6587842896829835,-1.353088702809315,-1.112803144163912,data/raw/audio_samples\Actor_13\03-01-04-02-02-02-13.wav,Actor_13,sad,nervous
0.14620395555874613,-0.35054394132534017,-0.2799686376880826,-0.2880991598766516,-0.012629590463334896,-0.455540076260455,-0.16338318361561333,0.37848781297046225,1.833494219419983,-0.9995199101494047,0.7004056874035052,-0.6301102761506214,-0.21828358768975709,1.0799597553866787,-0.32957352477703883,0.037124040018619485,0.7188221117563366,data/raw/audio_samples\Actor_12\03-01-07-02-01-01-12.wav,Actor_12,disgust,nervous
-1.4439854107851053,0.24639408203625676,0.22886914020337654,-1.0939684549958304,-0.0566517644314891,-2.1122577505157256,-0.5804315651155527,0.9041577730724664,0.4806654557467037,-0.833392566884941,0.3415181302888766,-0.8866049110968087,-0.9466111970681746,-1.826534073140498,-0.6853034214396476,-0.1783642716395608,1.0851471629403866,data/raw/audio_samples\Actor_06\03-01-02-01-02-02-06.wav,Actor_06,calm,confident
0.6911840539975419,-1.1755133849776873,-0.20852265423110344,-0.2064079991564919,-0.8526446543614764,-2.05323779626438,-0.7462847122294544,-0.16873096601965937,0.9846906315179977,-2.0233649962443105,-0.34681937694018294,-0.4930608355184858,-0.9861929481066251,0.019289822209757737,0.2340324629148646,1.7038425763872505,0.07775327218424957,data/raw/audio_samples\Actor_16\03-01-03-02-02-01-16.wav,Actor_16,happy,confident
0.6414485447103323,-0.2714545009278843,-0.7867738921916644,-2.1827273890333587,-1.1564460848637523,-0.9156979511820846,-1.6637590187243894,0.05933843198890823,-0.3874249436965304,-1.7550509875160583,-0.021630137859697564,-1.314691668149815,1.092779110154477,0.13026258836433732,-0.10806193570318368,0.2332094224116554,-1.0212218813679,data/raw/audio_samples\Actor_24\03-01-08-01-01-02-24.wav,Actor_24,surprised,neutral
-0.08416773576227898,-0.6489831749157148,-0.3132314057464817,-1.1012341244556156,-0.4522160352656176,-0.835669180297403,-0.7279724603223858,-1.1624868860723545,1.1408399485770682,-1.790325073563748,0.7673944035686943,0.40061253706421696,-1.1141324141237456,0.5281278193442842,-0.3980321353348845,1.8208257919995068,1.3598909513284243,data/raw/audio_samples\Actor_24\03-01-04-02-02-01-24.wav,Actor_24,sad,nervous
-0.9412563446884378,-0.2152433922378237,0.05435907278726189,-1.1095433267141426,-0.8378387960494552,-0.12373794974397992,-1.5127202819509178,-0.5544036802635006,-1.0068308602345648,-1.1433857666476535,0.8173514845066511,-1.6158023526807714,0.5669994522210312,-1.006636397571791,-0.5939421553309138,-0.025277864813291466,-0.838059355775875,data/raw/audio_samples\Actor_24\03-01-04-01-02-01-24.wav,Actor_24,sad,nervous
-1.9443784119790455,0.8716977801209981,0.9773532202588409,1.6436280458106125,1.8960085616648241,0.5433164707982487,0.24812640616892845,0.5165433582905486,0.19143531113449141,0.9877322563735317,-0.4991489262405423,0.861168663060481,0.5267600914477013,0.33508999342728013,-0.7671797722167513,-0.006067881692533887,2.3672848420845605,data/raw/audio_samples\Actor_09\03-01-04-02-01-01-09.wav,Actor_09,sad,nervous
1.4149357246194916,-0.14994091576454086,-0.11537207952377396,0.49853360254668266,-0.5049422277732902,0.28223491731703637,-0.5899109340650623,2.106775398361358,-1.1026247679405652,0.15028061191026942,0.8714384456158524,-1.2432421191462053,0.47705334937088195,0.30710260164280895,0.5700787186862697,-0.17253153129101648,-0.3801530417958124,data/raw/audio_samples\Actor_03\03-01-08-02-01-02-03.wav,Actor_03,surprised,neutral
0.3826204525178619,-1.8253626958914957,-0.5784346995725574,-1.4972685799273462,-1.2008932020374736,-1.4807506220547946,-1.1442810979280997,-0.3916017075596791,-0.04249889441901904,-0.28172988039471875,0.26906193753212304,-0.9594090774713507,-0.7131224085737718,-0.01448260106822353,0.002477892640962126,1.6698255780184414,1.726216002512473,data/raw/audio_samples\Actor_24\03-01-07-02-02-02-24.wav,Actor_24,disgust,nervous
0.05503657256780988,-0.4708042192123157,0.6920278113933315,-0.2286105150755564,-0.4559741908506096,-1.3932660744050145,0.24137775115461355,-0.2158543940095312,0.9159117509232111,-1.1530199839258772,0.08814918932524501,0.1532835422468639,-0.5640276748390072,-0.4734082263783362,-0.13993076300823806,1.5397971721021344,1.0851471629403866,data/raw/audio_samples\Actor_16\03-01-07-02-02-02-16.wav,Actor_16,disgust,nervous
0.8263276759344115,0.8862782425723474,-0.8377150907176636,1.055160522506846,0.5405944223449481,-0.2031984961642844,2.087812094518731,0.08177690357276562,0.26317942570512814,-0.3088476165550933,0.981107130026074,0.012963947561180425,0.34436098271711013,0.9650329429386069,-0.015502097227707514,0.3696746912843839,-0.013827990611762946,data/raw/audio_samples\Actor_15\03-01-05-01-02-01-15.wav,Actor_15,angry,nervous
-0.469865069973793,1.87191435130928,0.5102494635277125,1.2831489479843294,1.2114878069700847,1.9119203623552987,1.1438701852238222,-1.2319933500007212,2.084727268660627,-0.38269941424268505,0.21660376341374923,1.0481245821531362,0.49537623167246,-1.9898173562698533,-0.5029180991454014,-1.9110620487694077,-0.10540925340777546,data/raw/audio_samples\Actor_17\03-01-01-01-01-01-17.wav,Actor_17,neutral,confident
-0.15088586640683666,1.718898465898148,-0.43277991024012813,1.2900594871268658,0.37624397900460926,0.5307606228779636,1.8189970529373825,0.37027573740863096,-0.050209146234018905,0.08573319162878189,0.7947825881926872,-0.06432505245932654,0.8315621733599754,-0.4981859980065685,-0.4992309960196404,-1.1017505568362154,-1.0212218813679,data/raw/audio_samples\Actor_15\03-01-01-01-01-02-15.wav,Actor_15,neutral,confident
0.9857982615352124,0.3873813705685369,-0.9746334023400642,1.048440498508554,0.6754042350706085,-0.6527962599769253,1.9303015082704482,-0.3088255595534489,0.6953379106954355,0.587042907355458,1.343321262199185,0.22512640494518385,0.6299277080447495,0.4862521269781879,0.14063245517865405,-0.32495500799936866,0.2609157977762746,data/raw/audio_samples\Actor_15\03-01-03-02-02-01-15.wav,Actor_15,happy,confident
-1.0680062235916,1.715089497802464,0.3969573136691334,1.2378933882517345,1.2609856487924604,-0.3040902487335629,-0.12335811752509583,1.9320312592970057,0.9105853319751653,-0.27710409954581,1.7885168727835545,0.6564925386645576,-0.2651073822204264,-0.38392737805060245,-0.6804088090628365,-1.175049131093965,-0.4717343045918249,data/raw/audio_samples\Actor_07\03-01-02-01-01-01-07.wav,Actor_07,calm,confident
0.18539952617963634,-1.9574770622891775,-0.9893020021801082,-0.9217733045778443,-1.11655148122093,0.4679867482858485,0.4121622689037979,-1.5909259654052235,0.29652835610781936,-0.3157350523369884,-0.6102270405065235,-0.46355794304516107,-0.6748167321301768,1.9659664673212665,0.2705173526798399,2.5937237173524617,2.3672848420845605,data/raw/audio_samples\Actor_18\03-01-07-02-01-01-18.wav,Actor_18,disgust,nervous
-0.16185030478184206,0.08278858217469552,0.5238706061618241,-0.32274436472505585,0.03232658323150647,-0.847069125298651,0.7829874764632587,-0.5469069033515104,-0.5652327453261583,0.6212819817756811,-1.0220960951903304,0.2300835900777223,-0.8317922715596789,0.5853402515498075,-0.40984376849599635,-0.5158883595183198,-0.196990516203788,data/raw/audio_samples\Actor_22\03-01-05-01-01-01-22.wav,Actor_22,angry,nervous
-1.2743563803981548,1.832261904489313,0.6883724595896488,1.8066642582719794,1.2336958357941372,0.3426309264781741,0.27311971547326247,0.5557135594175004,0.32570540550668187,-0.44779000366681737,0.4693377739446682,0.6143343691947674,0.6476504897486522,-0.6514436383213793,-0.7145623465854678,-0.9435156841257748,-0.6548968301838499,data/raw/audio_samples\Actor_09\03-01-08-01-02-02-09.wav,Actor_09,surprised,neutral
-0.6492140027186917,-0.2342187505052556,-0.7279218586944303,-0.06521959264603659,-0.5879500344978172,0.34330262564386393,-0.8447407372091644,-0.2989090614275432,-0.3360463964843997,0.6167296810088421,-1.21354111955382,0.19549857681019725,0.13534468804465416,1.3470746409233658,-0.5993404590186191,-0.11408790421686109,0.1693345349802621,data/raw/audio_samples\Actor_04\03-01-02-01-01-02-04.wav,Actor_04,calm,confident
2.1314836264083405,-0.5901124740319175,-0.3602474010208646,-1.4555952351930903,0.0023104388447149895,-0.05063078730607827,-1.2312510813547304,0.3171632479421369,-2.4290636400211123,0.14984435051316697,-0.7418806129900657,-0.5091672680305931,0.8191139521186978,-0.5705762734176572,2.097437663248757,0.6551154934652312,-0.5633155673878374,data/raw/audio_samples\Actor_03\03-01-06-02-02-02-03.wav,Actor_03,fearful,nervous
-1.5527322307127964,1.663833813689405,0.298961781565789,1.7205159744114316,1.3644385731064748,0.3345529019375534,0.23774222492322006,1.38326044988485,-0.04441305158548164,-0.19542378618321443,0.5556942788255615,0.34517746343739303,0.8226563518668332,-0.11820995626201022,-0.7581281893825595,-0.8877923866140931,-0.5633155673878374,data/raw/audio_samples\Actor_09\03-01-07-01-01-01-09.wav,Actor_09,disgust,nervous
-1.2328601442299825,-1.020660016222167,0.7575028323681277,-0.9214100421223098,0.10743184138259898,-0.763485639201516,-0.7807637098072714,0.792079974702568,-0.3885824466854651,-0.7950512799921452,-0.30464808824930084,-0.38304951334161363,-0.2760365346395336,-0.01637833894273409,-0.6945232304817818,3.108328343036216,1.0851471629403866,data/raw/audio_samples\Actor_20\03-01-07-01-02-02-20.wav,Actor_20,disgust,nervous
0.6523234607484266,-1.6478516306426765,-0.9156156013233553,-1.6180061622064956,-1.3365566281463799,-0.38000485056533057,-0.5775987845234536,0.10001500736625955,-0.0457198161872253,-1.074419999363497,0.7040118222833007,-1.2738971004129453,0.04355587645366666,1.5858149963451038,-0.0007015273655805544,1.5418816870475291,0.7188221117563366,data/raw/audio_samples\Actor_24\03-01-06-01-01-02-24.wav,Actor_24,fearful,nervous
0.7592947543273822,-0.8352941767833878,-0.8118020491821452,-0.9118351849022129,-1.7011559837482009,0.20980859788678005,-0.4150044936331945,-0.19468557752914165,-0.873863619128533,-0.6146584686192536,0.3473913573173672,-0.44263626141180784,1.6365451434054712,0.414592959778393,0.08051626440689665,1.7854975274556346,0.07775327218424957,data/raw/audio_samples\Actor_02\03-01-08-02-02-01-02.wav,Actor_02,surprised,neutral
1.2537371531266481,-1.350336028754051,0.37293941660254426,-0.5772661143585653,-1.5013640187830817,0.36169210477498986,-1.4287881699035248,-0.03705342581704622,-1.5490333209300842,-0.7860041740396402,-0.5697356417873858,-1.3087987874626503,-0.04876876081694434,0.500547313159817,0.592970215898751,1.54667050996902,-0.838059355775875,data/raw/audio_samples\Actor_20\03-01-05-02-02-02-20.wav,Actor_20,angry,nervous
-0.09347425556449086,0.7583445595020375,-0.29579249839072175,0.13360824598742274,-0.20199259845681122,0.16507869582618692,-1.1088204986930732,0.243527834322977,1.2876981087551254,-1.4525080238329795,0.4787642249835616,0.004655849028837799,-0.5110529397953026,0.9671913654216978,-0.36097477429512,-0.40871146379013223,0.07775327218424957,data/raw/audio_samples\Actor_10\03-01-07-01-01-01-10.wav,Actor_10,disgust,nervous
-1.0570163327874729,1.4775050033558903,0.8178730341371431,0.9218614865113903,1.7225025890809509,0.6760094793391294,-0.04049358823988439,1.5559301351113497,1.2503327098520522,0.43030396648755487,1.3673071664347698,1.483937183449146,0.12878604882679606,-1.2259126042037232,-0.6903816910446388,-0.13304554810575356,-0.10540925340777546,data/raw/audio_samples\Actor_07\03-01-02-01-02-01-07.wav,Actor_07,calm,confident
0.6638168415585142,-1.0402834858694119,-0.9797141402992969,-1.059086625940777,-1.2987699178682819,-0.8983078566548903,-0.030973239431880295,-1.1148551489794396,0.7695450311355941,-0.6544578094151543,1.4042023585949919,-1.0761384582463935,0.05191282397555086,-0.02370962756402445,0.4029896909710335,1.4260114932468528,1.2683096885324117,data/raw/audio_samples\Actor_24\03-01-05-01-02-02-24.wav,Actor_24,angry,nervous
1.5122675689210563,-0.5814549321542817,-0.6041547716498327,1.1743183682131537,-0.5332778838540625,-0.8712277155721255,1.022303913736534,0.3056088276735093,1.38628906300682,-0.01255714538064025,0.380944200592155,1.3037183522791123,-1.183892205727633,1.019728287137785,1.301046811232576,0.0005155358791170862,0.8104033745523491,data/raw/audio_samples\Actor_07\03-01-05-01-01-02-07.wav,Actor_07,angry,nervous
1.07148137744205,-2.990799352520643,-2.281286746432674,-1.7477584218658817,-2.223085261388475,-1.5999977043046305,-2.2020589502282726,-1.4476500811262658,-0.05235899291250788,-0.18203351508206897,1.6264115356606903,3.852203874960267,5.7667848673714905,0.9523942312030436,1.5729290974784451,1.743598777053198,0.07775327218424957,data/raw/audio_samples\Actor_04\03-01-04-02-02-01-04.wav,Actor_04,sad,nervous
-0.30360365926064276,1.2690677125350556,0.3853186720657008,0.7117817432692078,0.9074736591071165,0.545642085703766,1.3921205188908987,0.8805555999976488,-0.014959685253354806,0.14520902758577603,1.6119003832177783,-0.4723946202602335,0.9664387394611144,0.027254860411189706,-0.5660200604077336,0.15186636955208896,-0.3801530417958124,data/raw/audio_samples\Actor_15\03-01-02-01-02-02-15.wav,Actor_15,calm,confident
0.28498698230337133,-0.11082710205076961,0.6509032494429033,0.08483520501731297,1.1128148462000351,0.3938864526461685,0.41063969481552776,0.34378554603508016,-0.971906923312267,0.4849061402765984,-1.005970935244881,-0.1798928144077073,-0.1950531583321551,-0.36977042275565647,-0.18242328174432876,1.7796754722262689,0.1693345349802621,data/raw/audio_samples\Actor_23\03-01-07-02-02-01-23.wav,Actor_23,disgust,nervous
0.25135291372391483,-1.165015878248128,0.26100065447936865,-0.7991997829516819,-1.204722477824234,0.5104203330569859,-0.5550799692913906,1.0049621294246278,-0.8499926118810395,-0.8045134967474101,-0.754535832320899,-0.5495657552889069,0.4599725315336487,1.233817161608493,-0.3347292048227706,1.1759990550747397,-0.838059355775875,data/raw/audio_samples\Actor_14\03-01-05-01-01-01-14.wav,Actor_14,angry,nervous
-0.34526840806300063,1.078113664097768,1.6051169559240743,0.030901117843306656,0.37255530238596046,1.7863141578957102,-0.9622275020822578,0.47605700764788944,-0.4050446273022366,0.4429610777623912,-1.2109510179974428,0.48284205618734644,-0.07098770593783654,-0.6720832088868173,-0.5554019864468335,-0.3716049864697931,-0.838059355775875,data/raw/audio_samples\Actor_19\03-01-08-02-02-02-19.wav,Actor_19,surprised,neutral
-0.07632692480949282,-0.47247967471175095,0.7223470763703409,0.9227486171117769,0.3120292069037519,-0.7314995469960992,0.7688415740013537,1.4676117078711128,-0.34268216656255984,0.3298721925785078,-0.21181892078427972,-0.6286717944871171,-0.22143752892235483,1.0545578781936547,-0.5246664582078024,0.8023905351007767,1.0851471629403866,data/raw/audio_samples\Actor_03\03-01-07-02-01-01-03.wav,Actor_03,disgust,nervous
1.4827019394862184,-0.5520991359245447,1.2569022221194912,-0.13046663205136153,0.327403274597018,0.9212458510394594,1.9883398791577902,1.0595785343024124,0.7110326494187914,0.3820747159619931,-0.33795650500215596,0.04525237652642962,-1.2998369088421562,-1.941112552938905,0.9722397381577826,-1.062331970068138,-1.3875469325519494,data/raw/audio_samples\Actor_17\03-01-08-02-02-01-17.wav,Actor_17,surprised,neutral
-1.6031333063937074,0.8475156351603397,1.867948112895199,1.3340230877448287,1.9850948205570418,1.3615410036102027,2.1652778027208734,1.9503576437969126,0.9803165596988466,2.12338661669459,1.0222312595802787,-0.02809266534793486,0.830888917756886,0.35014935301568867,-0.7541357384539632,-0.7790447463849894,0.5356595861643115,data/raw/audio_samples\Actor_11\03-01-02-02-01-01-11.wav,Actor_11,calm,confident
1.21327832286268,-1.5405813878334575,-1.5848816966712282,-0.09196627630296121,-1.8542134964350279,0.8598295337380787,-0.8638147548970326,-0.1218970104521451,0.18567782515334177,-0.6896231036126332,-1.0978152855941663,-0.4835938234592414,1.6456211967774386,1.595122848874314,0.7877357359337579,0.5088114014962938,-0.7464780929798625,data/raw/audio_samples\Actor_04\03-01-03-02-01-02-04.wav,Actor_04,happy,confident
-0.7618214002865069,1.804563317380075,-0.03664875591117383,0.45136267365515415,1.4289264313955412,0.2993201860108776,-0.6972090337462926,-0.762483163378948,-0.05764055767344153,1.3031082823964526,-0.5946261682190657,2.0390340137234637,-0.7747052707533262,-1.2344227588918422,-0.6335605550510459,-0.9932157605206795,-1.662290720939987,data/raw/audio_samples\Actor_13\03-01-01-01-02-01-13.wav,Actor_13,neutral,confident
-0.426308357273384,1.3693124425842058,0.4771304641054218,0.8241657602929017,0.76733837934999,0.9937620693648599,1.1605449662431033,1.185867696246149,0.1691425908816113,0.1455843898577884,1.3410085660636872,-0.5633946328231892,1.0164758494819757,-0.43147604763661856,-0.5756740232895305,-1.1165464137706842,-0.6548968301838499,data/raw/audio_samples\Actor_15\03-01-02-01-01-02-15.wav,Actor_15,calm,confident
-0.4770338782864333,1.7874137647745125,0.5755362388708806,0.09973845588343717,0.7180038340413686,0.2684578533208891,0.20416689067360663,0.41517536895539536,-0.18099108629706528,1.4193506725747713,-0.14708373760421684,1.5259624166406534,-0.2912945786259259,-1.576456259197205,-0.5800675658415109,-0.5156008895327114,-0.5633155673878374,data/raw/audio_samples\Actor_13\03-01-07-02-02-02-13.wav,Actor_13,disgust,nervous
0.8895096742709834,0.40770199786217504,-1.269844177176351,0.2030115679183962,-0.08917516946985903,-0.4848516879983994,-1.0719053059761574,-1.3896914433070988,0.6579479397728403,-1.1227739046850267,-0.1452724744032286,-0.9134959596196435,-0.6613133209160893,0.2170233651245502,0.5146572349563401,-1.1726494753890981,-0.6548968301838499,data/raw/audio_samples\Actor_10\03-01-03-01-01-01-10.wav,Actor_10,happy,confident
-1.4136174447196186,0.6415137250288737,2.326998629538985,1.2874579789046503,1.959051286517498,1.1567047965108384,0.5689787827356633,0.03207415335773262,-0.44060270527777035,0.15470923032225975,-0.21878085825291715,1.2765539455123067,-0.01444535048971218,-0.5745248088452352,-0.6627072754865547,-1.116319529265464,1.4514722141244367,data/raw/audio_samples\Actor_19\03-01-02-02-02-02-19.wav,Actor_19,calm,confident
-0.5469683768133435,-0.3306872099697753,-0.15938828515470987,-0.7972389352539875,-0.7366361166290175,-0.14733372721464286,-1.3031037098795373,-0.5611413464833471,-0.8677901981698063,0.24820057040841512,-0.9970238157038801,0.10543770291065388,-0.5033072080824861,-0.3137933429925831,-0.5207644272701031,-0.11217269847940765,-0.196990516203788,data/raw/audio_samples\Actor_04\03-01-02-01-02-01-04.wav,Actor_04,calm,confident
-1.5385379668492363,0.6060214526063543,1.9587718264577423,0.9729968894024887,1.7651072827200107,1.668157058928773,1.6464056633316222,1.408119704454056,0.3265055890641076,2.3140848728282353,0.666067678163663,-0.03969975396990773,0.15991957471067783,0.013805132908575655,-0.7281838605339165,-0.7047999343187126,0.8104033745523491,data/raw/audio_samples\Actor_11\03-01-02-02-02-02-11.wav,Actor_11,calm,confident
0.08256439861129561,0.16147251504667381,0.2891506903518964,0.28671005724593307,1.183571296345258,0.309974814588243,0.2660018587431653,0.24840114167126123,1.1861434030499398,-0.022869093341378672,0.4266961931982726,-0.2015218704443182,0.24931239375026665,-0.16003972474548755,-0.3984157574772767,-0.31628749505632847,-0.013827990611762946,data/raw/audio_samples\Actor_15\03-01-06-01-02-02-15.wav,Actor_15,fearful,nervous
-0.9588609414976578,-0.15077441035434527,0.482578565160539,-0.198106039836239,0.29576285421752824,0.4638414155266781,-0.09106445707409795,0.03359975125934672,-0.4044782406751026,-1.0908046597809484,0.5214354551009608,-2.2762007012172853,0.43622282849599675,-1.7879603079347048,-0.6108230105655702,-0.06275222281793623,0.35249706057228714,data/raw/audio_samples\Actor_12\03-01-02-02-02-02-12.wav,Actor_12,calm,confident
-0.7720714153061635,0.5092829467335792,0.03838523629470145,1.080106495304479,-0.8287012178183863,1.4269592096500772,-0.9342983880555907,0.4409074555255287,-0.14348049483191258,0.3802915020596546,-0.5815389840684065,0.025058297560451633,0.6082211198011659,-0.8389513102934085,-0.6168752047997661,-1.0560704571030157,-0.7464780929798625,data/raw/audio_samples\Actor_08\03-01-01-01-01-01-08.wav,Actor_08,neutral,confident
1.2835340485985063,-1.258762123946402,-0.34216176300680134,-1.3001298333008484,-0.24675674760687755,-0.06412859090454394,-1.409286736121452,1.2119351349411023,-2.5066059941662524,1.8354385355490694,-1.0012087159477392,-0.4556588366493217,0.02924141726047828,-0.46319888803331577,1.4594221554536313,-0.3577014665284886,2.000959790900511,data/raw/audio_samples\Actor_03\03-01-03-02-01-02-03.wav,Actor_03,happy,confident
0.554472620938103,-1.910416512635608,-1.933207269248125,-1.399663713782742,-1.7956955208806396,0.30863776096352635,-1.0938643822999052,-0.040075339081796564,-0.22270068577091054,-0.8949243864782102,-0.4546189457181896,-1.3755409919150026,1.3943826238645003,1.6735929871053266,0.3433218083614185,0.9046995318632427,-0.3801530417958124,data/raw/audio_samples\Actor_02\03-01-06-02-01-01-02.wav,Actor_02,fearful,nervous
-1.0749061723368507,0.8928162850727572,1.1050146060033958,0.3054275558115325,1.4704239749705312,1.3150654441505705,0.518586769919365,0.5975611010377243,-0.715900672536141,1.2189927637498779,1.3276767143392985,0.4581338963644995,-0.24105176923445273,-0.40676716183231476,-0.6832631647974977,-0.06651710000800692,1.4514722141244367,data/raw/audio_samples\Actor_01\03-01-02-02-02-01-01.wav,Actor_01,calm,confident
0.5414520943807096,1.0671690480987563,-0.1346539638719325,1.7388010307606157,0.29784756513186844,0.22200704288246803,0.8356841275832083,-1.5450800160978022,0.028321135576627746,0.10551057755599252,-0.6102887497664986,0.6358604317027162,-0.021907402676991837,-0.4613426446978575,0.007447821674190169,-0.0730636507978886,-0.2885717789998005,data/raw/audio_samples\Actor_21\03-01-03-01-02-01-21.wav,Actor_21,happy,confident
1.7828817448585146,-2.507838521198487,-1.7325482428107637,-2.342878066621621,-2.227633124752335,-1.1854390495609342,-0.541872773681542,-0.11449724591953951,2.325523975584113,2.8250883374629017,5.769472953986667,2.0911891188995977,1.8373573247126886,0.7956073405089659,4.212694204590485,0.9290097693962068,-0.3801530417958124,data/raw/audio_samples\Actor_20\03-01-06-02-02-02-20.wav,Actor_20,fearful,nervous
-1.078755632824025,0.7302743301466277,0.8190800688240512,0.3839536818441196,0.10402073870527562,0.929520608138888,0.19043997854060804,-0.020700357496711515,0.6179236843337339,0.2792154859091356,-0.26063648961591873,0.22049038193306406,0.2711553547640589,0.8851818735572423,-0.6393064439590879,-0.13551014531954705,0.35249706057228714,data/raw/audio_samples\Actor_08\03-01-07-01-01-01-08.wav,Actor_08,disgust,nervous
-0.919844122993933,0.2740830350574164,0.9048297044238529,-0.2400127106534659,0.3590912908038452,-2.1224697424988372,0.09485369262350861,0.6164203970024396,0.41322204390997014,-0.897594223570982,0.3115700961090021,0.11034207321377917,-1.056753518200827,-1.0081624481912188,-0.6055402224910293,0.8755011067833275,0.444078323368299,data/raw/audio_samples\Actor_16\03-01-02-02-02-02-16.wav,Actor_16,calm,confident
0.46395793184797895,0.09428759615130378,-0.9127409588545778,-1.7707772557298858,-0.6934452284038425,-2.216425890944873,-0.23030386702113972,-1.8665184645242616,-0.4037514892889827,-0.901335083001416,-1.4606879110131252,-0.7126595471029592,-1.8481193575461143,-0.5923625633320906,-0.15504523029252124,-0.5122108997274234,-0.4717343045918249,data/raw/audio_samples\Actor_22\03-01-08-01-01-02-22.wav,Actor_22,surprised,neutral
1.7805589912836612,-1.1272105488606274,-1.2754187489904065,-0.9958872686560702,-0.5392592295924151,-0.7195188747261676,0.21284849284513438,-0.5708249254863984,-2.017919436321904,-0.02304340341199581,-1.2160661371250672,-0.5259677943834979,-1.4234501412773246,0.6472810067097787,2.792001553328408,0.7750385560678337,-1.295965669755937,data/raw/audio_samples\Actor_23\03-01-05-02-02-02-23.wav,Actor_23,angry,nervous
0.09815386517004776,0.0495001803856029,0.4738082675903972,-0.24870145581137096,-0.03390492528315462,0.5512108720636816,-0.661490108207018,1.094867122599836,1.3551143620439663,-1.7418719792480595,0.34130540207822024,-0.4538370631970378,0.030738104637969988,0.7901460723879195,-0.35306340171748285,-0.30071108633233723,-1.2043844069599243,data/raw/audio_samples\Actor_10\03-01-06-01-01-02-10.wav,Actor_10,fearful,nervous
-1.7782741041904744,-0.6121510343951542,0.6517670707417302,0.259971457225475,0.4101096410817415,1.6246353802910594,-1.1404029479550588,0.6017955572793693,0.4733571882921514,0.27492732446130014,-0.2344363287723452,0.3617826087377162,0.36674037349810157,1.516040545287991,-0.778234736406176,1.3128272494781503,-0.6548968301838499,data/raw/audio_samples\Actor_20\03-01-04-01-02-01-20.wav,Actor_20,sad,nervous
0.21510865465452292,-1.341482447781125,-0.9801493713195919,-0.6121616290101568,-1.368824137228002,0.7595464531381539,-0.888490757540033,0.6115229483247232,-1.2225778600061943,-0.03737250563616181,-0.16874838836551811,-0.813726348978856,0.6213522922511225,1.5286457325892424,-0.21574454850968988,0.41143697030728854,-0.3801530417958124,data/raw/audio_samples\Actor_02\03-01-06-01-01-01-02.wav,Actor_02,fearful,nervous
1.7773236072186316,-1.888871188387774,-2.5721550694867723,-2.0512944443489363,-3.144920698180847,0.5695097058635854,-1.42518232534534,0.19757235490979877,0.8368914797014539,1.00065245855429,2.470994591621794,0.8780936639444068,1.8746795465830852,1.7696956000678878,2.79686975508426,1.639870069981712,0.9019846373483617,data/raw/audio_samples\Actor_14\03-01-05-02-02-01-14.wav,Actor_14,angry,nervous
-0.09596771594845402,1.0536442481471384,-0.32466562204161925,0.5364194725854406,1.2601636014098252,-0.01198629867588611,0.961892134023663,0.13533488997961376,0.47690880717546535,0.022667346169970078,0.3414219506219623,0.2565362878132449,0.0818118968985413,0.38358515423407297,-0.4591180035879709,-1.1399874949617446,0.444078323368299,data/raw/audio_samples\Actor_15\03-01-07-01-01-01-15.wav,Actor_15,disgust,nervous
1.0439193222697454,-0.7024287164431774,0.21340565954858234,-1.1261617635657424,0.23254944088060997,-0.42082986558837887,-1.0856262817745144,1.6413052481142583,-2.5431426630707348,1.6458685542239793,-0.899998298034653,-0.7873617271957598,0.001248965543832415,-0.5685804214790373,0.7705573079856138,-0.5742376810690272,1.4514722141244367,data/raw/audio_samples\Actor_03\03-01-03-02-01-01-03.wav,Actor_03,happy,confident
0.5159677765833793,-0.6026490501003523,-1.4609653640900995,-0.11231595807479754,-0.7910433445211845,-0.6523943041489225,-0.2086052234429645,-1.5544028163443397,1.222770663533456,-1.1812057035454164,0.6124801763773853,-1.3502068434042749,-0.16085781457096598,0.5307711980278315,0.10657560623291258,0.016185802177954955,0.1693345349802621,data/raw/audio_samples\Actor_12\03-01-03-02-02-01-12.wav,Actor_12,happy,confident
-0.735747580826184,0.037199785446117885,0.13711640740655207,-0.2743596616507998,0.6161822037111164,-0.9547443956402796,0.4147847883527805,-1.2246434328427764,0.6671067105615118,-0.3160102531737229,-0.33041242744430016,-0.1595335891881743,0.061035392090845214,0.6878391428835371,-0.5980695319342587,-0.5594041285898038,-0.196990516203788,data/raw/audio_samples\Actor_22\03-01-04-01-01-01-22.wav,Actor_22,sad,nervous
0.2420970062232899,-1.5655990709783612,-1.3772173494659303,-0.9732967543538836,-1.3146800540823784,-0.03946298392508816,-1.401917255400412,0.35483288662021895,-0.5846688027087016,-0.6240958881259787,-0.2840745584461142,-0.7748415999046538,0.4897849178895298,0.6726893132463693,-0.13124819689408443,1.5027691330102382,-0.10540925340777546,data/raw/audio_samples\Actor_02\03-01-06-01-02-02-02.wav,Actor_02,fearful,nervous
-0.5544013637868683,1.7959481071015713,1.3043004365821567,1.5904765193156611,0.8536025339281845,1.5694855804735042,1.2927570006896678,0.05611779981799893,0.2757368316868931,1.0209081791514012,1.0089007035092978,0.7051723635070161,1.026377849142879,-0.9566381480868796,-0.4897944632773879,-1.0795675923927766,0.07775327218424957,data/raw/audio_samples\Actor_21\03-01-02-01-02-01-21.wav,Actor_21,calm,confident
-0.958346041782091,1.1714320687027466,0.0728959161145211,1.2223090425114835,1.3972313715533466,1.0142832766302428,0.8772925673184073,0.4957744384615859,-0.5494127807780239,0.997186009852181,-0.33203096973376456,-0.28564814670470967,0.5885140916374443,0.5585560654899531,-0.6004341464088638,-0.4407326306168823,0.5356595861643115,data/raw/audio_samples\Actor_23\03-01-04-01-01-02-23.wav,Actor_23,sad,nervous
1.5459459598339835,-0.08806408745825102,0.04825187240705242,-1.063895063922002,0.19282361094736922,-0.8416203285382738,-0.5287502187140044,-0.8640598187421097,0.7361897290410627,-1.7515793727205036,-1.6100836188949021,-0.8621610521435927,-0.9421315252420012,-0.7749439804155842,1.539516248927227,-0.5049674945442141,-0.6548968301838499,data/raw/audio_samples\Actor_10\03-01-08-02-02-02-10.wav,Actor_10,surprised,neutral
1.8996646573072538,-1.2505633690207374,-0.17069342916320793,-0.5506255203466279,-0.955856616251494,-0.042770348882194366,0.7765670433062316,-0.4364480270039476,-1.4596787333181833,-0.2554817497051915,0.19558247989804786,-0.6638945514311124,-0.5571819127964308,0.2504899353442892,1.710212713828111,0.3255139511628795,-1.662290720939987,data/raw/audio_samples\Actor_11\03-01-06-02-02-01-11.wav,Actor_11,fearful,nervous
-0.8715289762743805,-0.32033990743161833,0.22802574317904434,-0.28322789587280844,-1.0328293267774857,-0.11405751355291364,-1.3096758068119272,0.26584638161757196,-0.13916301120662858,0.18186835600777038,-0.6857984661589347,-0.17834470661982152,0.3593336557327537,0.05613501247377344,-0.6628465036327487,0.6337580135523014,-0.838059355775875,data/raw/audio_samples\Actor_20\03-01-01-01-02-01-20.wav,Actor_20,neutral,confident
-0.7995500918313452,0.4313901768522734,-0.011833011375438586,-0.11676370419688448,-0.39020701519172574,0.0828090305308409,-1.1367994013328644,-0.0640291261491766,-0.10856084776154665,-0.057098412961624635,-0.09334039583132227,-0.35897966208027215,0.2988627979625014,1.0414557944824663,-0.6366202037852301,-0.07736802647182335,0.1693345349802621,data/raw/audio_samples\Actor_02\03-01-04-02-01-02-02.wav,Actor_02,sad,nervous
2.017992122624365,-1.1550419696085208,-2.1485246719780737,-1.5281928222410994,-2.7528352993701497,0.514129233971801,-0.4425697677947235,0.3289969699804447,0.19617761627315486,-0.12812283809513367,1.588427964506542,0.5694779667916555,2.7907069519423673,1.3994361334078487,2.719851720166701,1.6196949857561538,1.1767284257363992,data/raw/audio_samples\Actor_14\03-01-05-02-01-01-14.wav,Actor_14,angry,nervous
0.43793326190596016,-0.2734975114846098,0.7157381006296948,-0.7051774430254205,0.5955678764588878,0.22576562844872497,0.6251993186968087,-0.38440714432724665,-1.1203706236619173,0.9685515010589334,-0.1348434889415364,-0.6321075251828182,-0.3093218808767263,-1.260871011750339,-0.11848251303220436,-0.5923405794409168,-1.937034509328024,data/raw/audio_samples\Actor_11\03-01-08-01-02-02-11.wav,Actor_11,surprised,neutral
-0.3926426925750177,-0.47912704951474633,-0.16646206717793613,-0.38538882886815173,0.48791801397851353,-1.225382523575865,0.053878430000982976,-1.1826799904881953,-0.17213582253257967,-0.7400212017218674,-0.6710680319096414,0.11028243365087956,-0.7358528950537455,0.1266616967281849,-0.44279792507663834,-0.6830465194832677,-0.3801530417958124,data/raw/audio_samples\Actor_22\03-01-04-02-01-02-22.wav,Actor_22,sad,nervous
-0.10626834326969756,1.359581429740997,0.28504041350681364,1.140425167897961,0.566567656800436,0.17277333213624516,0.4999688925255805,-0.7814054950371805,-0.7657151902027262,0.556673024204619,-1.099989572801102,1.127427923781599,-1.3913436115353037,-0.32211245432900726,-0.45324669189216066,-1.1207728605133542,-0.838059355775875,data/raw/audio_samples\Actor_01\03-01-03-01-01-01-01.wav,Actor_01,happy,confident
0.6378969068995481,0.15306108032812915,1.046685194318834,-0.4122682781704032,0.013613763989254585,0.5436692551496133,1.4343772159437076,0.26374563889532004,-1.348185481606606,0.8287568908613677,-0.44440654529590223,-0.6908640536469985,-0.5030614652567016,-0.4025233358394969,-0.01813583958974698,-0.4872777249250039,-1.479128195347962,data/raw/audio_samples\Actor_11\03-01-08-01-02-01-11.wav,Actor_11,surprised,neutral
1.4828477789795196,-1.971912210578679,-1.6131651407098972,-0.7389877128088754,-1.898637636312793,-0.3088851674896125,-1.639108293377283,-0.04171672595235368,-0.7175441905145432,-1.0168703261533645,-1.7989074460202301,-0.6110953389756627,0.3387723269195129,1.7240311873857275,1.1049674160006218,1.8547949441852831,-0.013827990611762946,data/raw/audio_samples\Actor_04\03-01-03-02-02-02-04.wav,Actor_04,happy,confident
1.176064823590065,-0.07252109202526066,-0.20743466796203958,0.5268722452347866,0.018056725055506248,-1.7544651862858551,0.7696249786793958,0.5627403627634623,0.24198528606317607,-0.4253808274056237,-0.02482491784829186,0.24182655852856952,-0.772932394536236,0.39085949724091584,0.44837558132527683,-0.16976306338037048,0.9935659001443742,data/raw/audio_samples\Actor_07\03-01-03-02-01-02-07.wav,Actor_07,happy,confident
0.21235949975271584,0.07099091146765997,0.7404790854746537,0.04840710564438925,-1.099363096149663,1.4602901930590297,0.6536994698170768,-0.5289057422357762,-0.6475391062138528,-0.9663551704444061,-0.6724454018764296,-0.43001087336638827,-0.16910228098625954,-0.7161058427653498,-0.09157884842208062,-0.09947011849033306,-0.6548968301838499,data/raw/audio_samples\Actor_08\03-01-05-01-02-02-08.wav,Actor_08,angry,nervous
0.5296875135499798,0.05774929531713136,-0.7099167311165877,-1.8613605459014493,-0.2598499767524649,-1.5361852572144887,-1.0614665487506783,-2.018661146160483,-0.2357645466248778,-0.4977575534705244,-2.4131659997966284,-0.23237440007765253,-1.6316692215761628,-0.33710430580996587,-0.15711382111358532,0.5048403400461593,-0.7464780929798625,data/raw/audio_samples\Actor_22\03-01-08-01-02-01-22.wav,Actor_22,surprised,neutral
-0.5578292501319224,-0.7023122315600488,0.13524216644090448,-1.4051668594819033,-0.6905667750068798,-0.07102220799839894,-0.6167690184255623,0.17571305170148455,-0.9823221791145974,-0.8057103286548691,-0.463896306220776,-1.6266068280511037,0.15972040703697787,-0.1709402175239233,-0.6017434595391549,0.21753866164226462,-1.112803144163912,data/raw/audio_samples\Actor_24\03-01-08-01-01-01-24.wav,Actor_24,surprised,neutral
0.22054552756025694,0.47155498199276824,0.9686256824477321,0.6718789735974963,1.8193597899809264,1.2373548150633285,0.7187757723483517,1.1700385283041157,1.635726756970798,0.21210896526732548,1.0604869330157773,0.8686708589426106,0.7043786323306754,-0.12113852225662113,-0.32382586551477216,-0.7386981319352941,-0.5633155673878374,data/raw/audio_samples\Actor_15\03-01-06-01-02-01-15.wav,Actor_15,fearful,nervous
0.6957929915651772,0.28694395875782064,-1.0702496776179073,0.2914874217285806,0.5024408959492672,-2.3306582290136886,0.27216856146792506,-0.8224947083231589,-0.690999596136515,1.0704406223318348,-0.4332172824671729,0.02645656863206284,0.35207252307314346,-0.5262110473747872,0.6116817706055218,-0.5682917423115326,0.444078323368299,data/raw/audio_samples\Actor_09\03-01-03-02-01-01-09.wav,Actor_09,happy,confident
-0.22022325679768343,0.7152416494397242,0.582042203242734,-0.17420369684098544,0.13047943692264308,0.1090079105190175,-0.28547577819202385,0.8974090420766301,1.5785179904814461,-1.66682164788105,0.7931028187468412,-0.5058827881851322,-0.15441679120409174,0.1326731329630064,-0.4066117485418147,0.24048110636579745,0.5356595861643115,data/raw/audio_samples\Actor_10\03-01-07-01-02-01-10.wav,Actor_10,disgust,nervous
-0.35656636102649814,0.010265210715695474,-0.34533590064705283,-0.37082974690822795,0.1712899183176634,-0.09073502499130828,-1.4140871244052853,-0.058293995693247946,1.2437227735145706,-0.7427975211171919,0.832291272241446,-1.5231264069162513,0.30395422927656074,-1.4634543462891065,-0.523591853193384,0.48685601367103226,-0.2885717789998005,data/raw/audio_samples\Actor_12\03-01-07-01-02-01-12.wav,Actor_12,disgust,nervous
0.5346577585884815,-0.6296602596223067,-0.5160359166429485,-0.2260802398578843,-0.40836687486522727,-0.7810731660713411,-0.6644563605812231,-0.29055236141994717,1.2067031808374535,-1.1841033349703616,-0.18338818713922297,0.10151517196829542,-0.8891476080671463,1.0867881774932915,0.07792031229850072,0.3847878870580798,0.1693345349802621,data/raw/audio_samples\Actor_16\03-01-03-02-01-01-16.wav,Actor_16,happy,confident
0.5155666814072192,0.11693266615037895,-0.38756408085316935,-0.5549229108304368,-0.16290849157491272,-0.2563449315268711,-2.1263136181358195,1.2299248401018974,-2.036587357864396,0.21039716500967845,-0.04780776036027242,-0.45318440962984263,-0.4116591488966308,-0.2652761387221332,-0.26309114021310864,-0.8079610590074887,-0.9296406185718875,data/raw/audio_samples\Actor_03\03-01-08-01-01-01-03.wav,Actor_03,surprised,neutral
0.29716523824649393,-0.2393055490105979,0.3818434874655221,0.3530959193566675,0.7724525031280276,-0.7907117085375297,-0.19509776419704397,0.6511926290870093,-0.6172903508646947,0.830997851031786,-0.46351170807901704,-0.42311912222678316,-0.6499732681280082,0.21032261141161815,-0.35271225876606,1.1159110579560947,0.1693345349802621,data/raw/audio_samples\Actor_03\03-01-07-01-02-02-03.wav,Actor_03,disgust,nervous
1.9107333921303271,-0.8006618197073724,-2.064553930070029,-0.3997060807595418,-1.5664258735178878,-1.9029305757638857,-0.8342734472784719,-2.796363791398628,0.9248330027041795,-2.3420334647865726,-1.1755364111702418,-0.35956290011497904,-1.6311417323050836,0.45355937418057835,3.859700824459453,-0.6205447816065249,0.2609157977762746,data/raw/audio_samples\Actor_10\03-01-03-02-01-01-10.wav,Actor_10,happy,confident
0.5181789197937505,0.22801399363523864,1.2248696115369744,0.15811278756488945,0.6986655673324099,1.579959314932592,1.1022726606845774,-0.0950621345417022,0.789990465443304,0.0939453353253113,-0.504037577205094,0.3643973731822657,-0.5001230624711046,-0.947450616130131,-0.1336690201153251,-0.8590436769223783,-1.2043844069599243,data/raw/audio_samples\Actor_17\03-01-08-01-02-02-17.wav,Actor_17,surprised,neutral
0.18164163592596902,-0.7092388489462834,-0.10721788761040257,-0.946237945325712,0.4955256188690368,-1.7135431345726668,-0.6198120601607782,-1.5969407329270744,0.34126797893889876,-0.3983064864301936,-0.8558077184421635,0.013981386207430635,-0.615635480516475,-0.8062792232429774,-0.26519309540225444,0.36233029049070054,-0.4717343045918249,data/raw/audio_samples\Actor_22\03-01-06-01-02-02-22.wav,Actor_22,fearful,nervous
1.9458616938332252,-1.5085981130369115,-2.7387203907898647,-2.818109622287209,-2.918275112724116,-0.8703120251134396,-0.8208873956507079,-0.020147118697225082,0.7669672086408346,0.14263704238062402,3.3274560247685336,0.9479477624143239,3.422835910427372,0.35008276338589117,3.3457400291601544,0.17596655318931878,0.07775327218424957,data/raw/audio_samples\Actor_20\03-01-06-02-01-02-20.wav,Actor_20,fearful,nervous
1.2429306953461916,-2.2802397043059344,-2.4914624350453454,-1.9337967835655858,-1.7455658995856125,-2.031783357292478,-1.8131719657846912,-1.2116341621796205,1.0787827297281674,1.1569916957334159,4.98131288456447,3.700116349285038,3.542380733857886,0.8858776203789195,1.906540639557,-0.09470889685369291,0.07775327218424957,data/raw/audio_samples\Actor_24\03-01-06-02-01-01-24.wav,Actor_24,fearful,nervous
0.5962950577783532,-1.3695107834504974,-0.378445315493603,-1.4035820787199065,-0.7712384198729292,-0.0736961286388128,-0.8181752566981019,0.7166031141217235,-0.13547197213552603,-1.2203279822120723,1.266954305354458,-1.1894573168007754,0.44918684991376423,0.7941065480249784,0.20662921796062803,0.39884918880384573,0.2609157977762746,data/raw/audio_samples\Actor_24\03-01-06-01-01-01-24.wav,Actor_24,fearful,nervous
2.0513032086549656,-1.0824561225480431,-2.403086074436898,-2.382780448278782,-2.412689530989489,-0.7091268050392385,-0.8911140429676789,0.5111593947655264,0.14893726210997546,0.7125186563493943,1.9487213733643218,0.11683989581781959,2.5822933554441616,0.5387752715294896,3.5081561388086366,0.1989776271935731,-0.196990516203788,data/raw/audio_samples\Actor_20\03-01-06-02-01-01-20.wav,Actor_20,fearful,nervous
-0.7885391369479448,0.3438060982483239,-0.21693325636595315,0.5946063932390522,-0.11529830342753593,0.11871913719830125,-0.7242655065806258,-1.0717465581926287,1.459350619494487,-1.5032339561545252,-0.1580110976557471,-0.2722657665990633,0.39454688705895474,-2.0861348930030714,-0.5578838358209174,-0.36796492902376304,-0.4717343045918249,data/raw/audio_samples\Actor_08\03-01-04-02-02-01-08.wav,Actor_08,sad,nervous
-1.2983945906420498,1.4138733113090352,0.9517922521388589,0.42947658360193686,0.04204543234241438,0.9681483952618349,-0.6931039625942051,-0.38707051414376414,0.8410017887128475,0.464010842116509,-0.26581825956535227,-0.8974216832842337,1.354195199520489,-1.4284929536901205,-0.6566905223821272,-1.7637646640212874,-0.4717343045918249,data/raw/audio_samples\Actor_18\03-01-01-01-01-02-18.wav,Actor_18,neutral,confident
-1.4314031340992568,-0.0651168574239928,0.3331068326415248,-0.4466314287752161,-0.29878213258789255,-1.247898394650682,-1.4660752452615446,-1.8087858163722785,0.4909718250132318,-1.705300899857633,1.1954507794300449,-0.8787168718363528,0.20095917029550406,0.015527278506786557,-0.6662853826690367,0.45499578301298105,-0.013827990611762946,data/raw/audio_samples\Actor_20\03-01-04-02-02-01-20.wav,Actor_20,sad,nervous
1.325565370891549,-2.56651582871194,-2.2980376638136093,-1.3187272413631006,-1.2477466438841094,-1.1628235292697042,-0.00451940031101543,-1.394683557290505,0.6408164160825677,-0.35760046584577593,-1.0768975338251812,1.5189907976740311,2.269484485373243,2.008525507060733,1.3693911998976522,1.3148367650806734,-0.3801530417958124,data/raw/audio_samples\Actor_18\03-01-03-02-02-01-18.wav,Actor_18,happy,confident
0.18781604416292105,1.0344324168086936,-0.3155584494546153,1.7351539526632689,1.3826297273783748,-1.3424615822371513,1.461549830292886,-1.8849749579367852,-0.6167303990154587,1.2278977717438393,-1.6520107221156484,0.15231006472172012,-0.3497533414991208,-0.0923685875123229,-0.16108949197797934,0.04611285845146505,1.2683096885324117,data/raw/audio_samples\Actor_21\03-01-04-02-02-02-21.wav,Actor_21,sad,nervous
-0.20803154324835849,0.7103913240053947,0.669446277103557,0.7553000325215007,0.4150819005726936,0.1511993700873537,-2.180583206441161,-0.5133265376422383,0.27002552470006985,-2.425817532955424,0.7691656521714174,-0.6464660266292832,-0.2796689132320657,-0.8248494636576053,-0.25343954347782355,-0.6548570999611721,-0.4717343045918249,data/raw/audio_samples\Actor_10\03-01-04-02-02-02-10.wav,Actor_10,sad,nervous
0.020296639826511212,-0.10479908233438373,0.177426714006983,0.21045058287857046,-0.023969980174565402,-1.6177177235783005,-0.6288657364680761,0.07560186444718474,0.6941869055704566,-1.1986539714369961,-0.07775736137682597,0.2959966508955565,-0.6256417079374663,-1.0132223415781756,-0.28806273554911477,0.8357896327448748,-0.013827990611762946,data/raw/audio_samples\Actor_16\03-01-03-01-02-01-16.wav,Actor_16,happy,confident
-0.052273794176112734,-0.023575545456553004,0.8278022039010966,-0.12307954637184848,0.2664942241822097,-0.05394710949612047,-0.6011863314856933,-0.16458089266561288,0.9349737710689223,-1.1894794756978755,-0.5172335962419984,1.0138702917813194,-0.6321741901632977,0.996746139319954,-0.309051340286913,-0.10670312327450643,-0.7464780929798625,data/raw/audio_samples\Actor_16\03-01-06-01-01-02-16.wav,Actor_16,fearful,nervous
-1.17931174403767,1.1565295941559317,1.1282931899741115,1.6621834189632385,0.6654680248430456,1.8078050789309243,1.3836237090719279,0.5154900810286578,0.48278691369917237,0.19239861699976987,0.24068471738595099,0.2246918969132132,0.3766794867894354,-0.41241350320031556,-0.659074338391016,0.2891015814317259,2.7336098932686106,data/raw/audio_samples\Actor_21\03-01-04-01-01-02-21.wav,Actor_21,sad,nervous
-1.2158947837153722,2.1101834498935386,1.2464030040082636,0.45272822619617786,1.6003284085488256,0.6065420325220632,0.2615153302166803,0.9849783616292795,0.20552003057614895,1.0373614042649526,-0.2151049388779544,1.1886989668889805,0.09350522010087703,-1.68364397894633,-0.6832488657826056,-1.9973677486848243,-0.3801530417958124,data/raw/audio_samples\Actor_13\03-01-04-01-01-02-13.wav,Actor_13,sad,nervous
-0.3269956118501701,-0.6965960059669243,-2.968305849375576,0.48135037818243703,-1.8887467310214527,-1.3458671968430242,-0.9723725064903044,-0.5142895084495869,2.079491062775268,-2.1542536260067955,1.3025978963228606,-1.6107114704043926,-1.4200121580666447,1.2165984610593412,-0.4168581502513396,-0.0988641448274877,-0.013827990611762946,data/raw/audio_samples\Actor_06\03-01-03-01-01-02-06.wav,Actor_06,happy,confident
0.5139251460071936,-0.2673433727970171,-1.0238039189592507,-0.4544228579507867,-1.4317718071956196,-0.17642784614036017,-0.8166191710433058,-0.03309804781425333,-0.9811401987352274,-1.033009202077937,-0.5047592862846467,-0.7482397725198394,1.4079887299664526,0.17267604939590162,-0.2331214604026464,1.1954461317719747,-0.5633155673878374,data/raw/audio_samples\Actor_02\03-01-08-01-02-02-02.wav,Actor_02,surprised,neutral
0.866127961164436,0.15952788896517214,-0.38977419273726815,0.8830332584679061,0.5849157114693866,-0.5122688449703809,1.4433418472313795,-0.8249770181689354,-1.0956979187916103,0.9658170688050989,-1.4653561201095238,0.26415613349290895,-0.38588635656804415,1.1203580764489232,0.46330143779407784,-0.31253478672999435,0.07775327218424957,data/raw/audio_samples\Actor_21\03-01-06-02-01-02-21.wav,Actor_21,fearful,nervous
-1.103594278080301,0.5642722778900736,0.8741049027828923,0.03338667438404574,0.4423398804422444,1.1340268671656493,-0.28242373620751243,-0.053107856951072306,0.2033600901284083,-0.483494881130314,-0.1238617717098327,-0.9885677820342508,0.8414490028716347,-2.9829959442140628,-0.6014692589059611,-0.48830321881597283,-0.10540925340777546,data/raw/audio_samples\Actor_18\03-01-02-02-02-02-18.wav,Actor_18,calm,confident
-0.48295727291204654,-0.5982380974708059,-0.5162374665785213,-0.3093420188089515,-0.5045100357779276,-0.4877639083567146,0.1280738042679477,0.1373240908186561,0.8746252696391841,-0.7551371911441784,0.4648579468274515,-0.43584042544552576,-0.6866274899572237,1.4923727539026588,-0.5453634822002583,0.18071956582313764,0.2609157977762746,data/raw/audio_samples\Actor_06\03-01-05-01-01-01-06.wav,Actor_06,angry,nervous
-1.7522740090076077,-0.3683389778321488,0.9630060117817544,-1.5414800571739198,0.6795217870213645,-1.2096916907802366,-1.021093728346955,1.3018008425732763,0.49346460750204607,-0.25859088707356326,0.43413179744757835,-0.7597069233632974,-0.1949549336923504,-2.0116943458524594,-0.7354994833809727,1.3205560256348694,0.2609157977762746,data/raw/audio_samples\Actor_06\03-01-07-01-02-01-06.wav,Actor_06,disgust,nervous
1.2464987163297436,-0.5785908345454284,0.015888867806507386,0.1516985837014003,1.0440312507912386,0.8994539063296647,1.4717690867576205,1.0589793599177566,0.903861304502111,1.1657039780530654,-0.17756124205571372,1.0998971333495162,-0.13167518951272578,-0.05324786886453785,1.7816070142791354,-1.4943643230331902,-0.196990516203788,data/raw/audio_samples\Actor_17\03-01-06-02-01-02-17.wav,Actor_17,fearful,nervous
-0.9706304957915494,0.008668287631201536,0.7860015756444735,-0.9776584744166934,0.7096686147789056,-0.24370002445202968,-0.09416054283175766,-0.39615100697266814,-0.03709153605878652,-0.008877792850995814,-0.830643357169344,-0.28243099193283133,-0.10056709571577992,-1.207428241449593,-0.64840618383272,0.1084487679035751,-0.2885717789998005,data/raw/audio_samples\Actor_22\03-01-02-01-02-01-22.wav,Actor_22,calm,confident
-1.6559637725507923,-0.3376094482250652,1.2052495514081032,0.08508055955134612,-0.15117940260709342,0.6509343588663811,0.037938988498612776,1.1161758693786008,-0.5820555258494455,0.5060732661182901,-0.7598929674524885,-0.19096222470230176,-0.17840994153474063,0.7383476067043451,-0.7481890590338256,-0.31081234478497505,-0.3801530417958124,data/raw/audio_samples\Actor_14\03-01-02-01-01-02-14.wav,Actor_14,calm,confident
1.1609870386236572,-0.29664384600581956,-0.6348497862264996,-1.1454338965965858,-1.2768944379612308,-2.552173585265144,-0.6279046247401139,-0.7826847619662556,-0.2660266762182943,-1.843292968885616,0.5147217407200553,-0.6038667780158884,-0.5060427582601715,-0.42833209863252475,0.5697524287845404,1.4160457733388794,-0.4717343045918249,data/raw/audio_samples\Actor_16\03-01-08-02-02-01-16.wav,Actor_16,surprised,neutral
0.7511426630920035,-0.20530276499339617,-0.9944396999037419,-0.2727767562924631,-0.6321360584692767,-0.39285549408417064,-1.6566890356607578,0.23637417723208234,1.0392858737324606,-2.892755314493966,0.8897765815816203,-1.9678230896572257,-0.17077644929348448,-0.2757109633308127,0.5402048082303114,0.10510146918199759,1.4514722141244367,data/raw/audio_samples\Actor_10\03-01-07-02-02-01-10.wav,Actor_10,disgust,nervous
0.3807972394341052,0.33894584678385314,-0.6524886917293792,-0.7873397302043063,0.37759526283821143,-0.4428838793399338,0.5973847184803271,0.03676874780897062,-1.8512940169577332,2.095719329746726,-0.6392626936355941,0.3338280853596405,0.8960724288290601,0.19877367341060273,-0.166901701078902,-0.3442266682488829,0.8104033745523491,data/raw/audio_samples\Actor_05\03-01-03-02-01-02-05.wav,Actor_05,happy,confident
0.40617652939172616,0.7442277010466986,-0.049513995005213474,1.1093836158518051,1.0236916937031502,0.3716481624878575,2.0073366766216494,0.58449125352016,0.3408016467994719,0.13155157828712957,1.4564709982052804,0.05147923876583234,0.8335969517454994,-0.21510383772209604,-0.15375491442487263,-1.7061626721655745,-0.2885717789998005,data/raw/audio_samples\Actor_15\03-01-07-02-01-01-15.wav,Actor_15,disgust,nervous
1.9556667301782356,-1.2216543901183894,0.012802543136374175,-1.409546056366754,-0.5595238369294089,0.2773919467384656,0.8129738176852832,0.7768920608235759,-1.8257613229471843,0.33221759900288556,-0.09368666673739355,-0.41147870923048907,-0.5499726108508135,-0.7915597003859492,1.791211594491644,0.17849000065673867,-1.3875469325519494,data/raw/audio_samples\Actor_11\03-01-06-02-02-02-11.wav,Actor_11,fearful,nervous
2.316971714313074,-1.8010400538130287,-3.3154033183142495,-2.9571489455412094,-2.6363899194752896,-1.7885523094418212,-0.8058148505006958,0.39892490128514724,1.4856985746302813,1.8029470897639792,0.9389887522045846,-0.7324574226222104,2.056062942463937,0.9991093823195256,4.762323279723323,1.2284605662685342,-0.013827990611762946,data/raw/audio_samples\Actor_20\03-01-06-02-02-01-20.wav,Actor_20,fearful,nervous
0.9586665572047252,-1.0794377335589056,-0.9548055623013888,-1.0638388018121947,-1.2187558613293539,-0.48855214485508214,0.26832200811475143,-0.4207094449299919,0.45457596418980983,-0.7571198770310935,1.3300774697093067,-0.3055405232633182,-0.2989036657291248,0.971746096099846,0.5085538706759944,0.2042598881791285,-0.196990516203788,data/raw/audio_samples\Actor_24\03-01-05-01-01-02-24.wav,Actor_24,angry,nervous
0.27911566276262784,-0.5720974591806542,-0.3061555242447599,-0.4740048529346664,-1.0280155832747062,0.4728052730828648,-1.2339423473887574,-0.44186909664643037,-0.5453576089811676,0.05634121957844128,-1.3122802744463402,0.1453651913322745,-0.6743382947702424,0.8822882097134218,-0.1614167351473682,-0.13151680258310525,-0.2885717789998005,data/raw/audio_samples\Actor_04\03-01-05-01-01-01-04.wav,Actor_04,angry,nervous
-0.30299338607503357,1.4062010738939528,1.1456854295741825,0.9624436696608436,1.0610359542644765,1.2377230821317795,1.4163594349590687,-0.5712004572775649,0.9143655747320295,-0.16521660458713197,-0.13282419803992893,1.4112079046906985,-0.3221632121078743,-1.6265913618523207,-0.42851977993717805,-1.7133126434609394,-0.9296406185718875,data/raw/audio_samples\Actor_17\03-01-02-01-01-02-17.wav,Actor_17,calm,confident
0.2706715999839902,0.34602777734759244,-0.02469049152721207,-0.7035019032349952,0.6425893397822017,-0.8370196697715236,-0.3557638952967367,-0.009217131796825857,0.529945255987182,-1.7058442513329874,-0.08268229063679278,-0.6202573284869226,-0.8529700113351382,-0.3908572919378031,-0.018786921401169457,-1.2194454823320788,-0.5633155673878374,data/raw/audio_samples\Actor_10\03-01-01-01-01-01-10.wav,Actor_10,neutral,confident
-1.8981053107223655,0.16056399134668387,0.39309098709706625,-0.06059620527080415,0.6815110669341969,-0.7972762406254966,-0.6659207202910712,0.8079717871591693,0.5856308145389981,0.20945335012592198,0.06989626516963802,-0.4150367932562625,-0.3881507184367033,-0.12526478310993444,-0.749272694557054,-0.934658930173913,-0.10540925340777546,data/raw/audio_samples\Actor_06\03-01-04-01-01-01-06.wav,Actor_06,sad,nervous
0.8538259537555833,-0.6314316180894304,-1.048878812166676,-1.4792502835815586,-1.3768259805446748,0.16456206875570148,-1.0579078118802956,0.14718962391576063,-0.9632308239519984,-1.050814234305124,-0.4964034668011418,-1.2068034529280836,0.45247091161016234,0.2442194884114968,0.11841124131187909,1.5874223543509751,0.1693345349802621,data/raw/audio_samples\Actor_02\03-01-08-02-02-02-02.wav,Actor_02,surprised,neutral
1.0796042130117716,-2.125314116382585,-2.5713014032741466,-1.6011385230099047,-2.9360371095765703,-0.6672487553191524,-1.805372005054793,-0.2624751011670616,0.3271772032356903,-1.6388588603880883,1.8038560532141357,1.316725925399773,4.5464554739994565,1.1675545098552518,0.9003660802551358,1.6533218746297667,-0.838059355775875,data/raw/audio_samples\Actor_14\03-01-06-02-02-02-14.wav,Actor_14,fearful,nervous
0.5481337958601575,-1.2027781461813387,0.07456491023681017,-0.3543702666841067,-0.539905602810796,0.9372249481179603,-0.4166816039168155,-0.2258350454830945,-0.25621452312875087,0.23178217843964147,-0.27978202857499385,-0.10073168546892183,0.250327562921188,1.0894040018472673,0.4097548953692443,-0.517632344097678,0.444078323368299,data/raw/audio_samples\Actor_04\03-01-07-02-01-01-04.wav,Actor_04,disgust,nervous
-1.430400834993841,1.1601423771852941,1.630883764218294,0.6784797477906337,1.5276262609846063,2.489945485784327,-0.26208585372495385,0.9863511762099041,-0.08642268835033265,0.6755391972720798,-0.4629860946361431,0.24717093968931445,0.043300709861701654,0.14140326304887021,-0.7397859450363112,-1.0229090549167548,0.07775327218424957,data/raw/audio_samples\Actor_19\03-01-04-01-01-02-19.wav,Actor_19,sad,nervous
-0.15980123795921178,-0.1528708463085959,0.058700337907692086,-0.4656389682172359,-0.1973615791647293,0.4493173556254728,0.36238859236356863,-0.18780641629512349,-0.299427084844169,0.6448936118695542,-1.118910692537377,0.5797990465965629,0.6336042756434422,1.4603670223890288,-0.4254846437999519,0.42192400005770364,0.35249706057228714,data/raw/audio_samples\Actor_04\03-01-07-01-01-01-04.wav,Actor_04,disgust,nervous
-1.5011351834198192,-0.28562828808550417,0.18814400403672688,-0.5290758227413302,-0.034256286433814946,-0.5877943669964913,-1.285239938479918,-0.2812324670741745,-0.6237079693549032,-0.9668434574413859,0.09833290458371584,-1.5142929883577083,-0.03294021652408482,0.2583847100053142,-0.7177401494415168,-0.28918648831954613,-0.2885717789998005,data/raw/audio_samples\Actor_24\03-01-02-01-01-01-24.wav,Actor_24,calm,confident
1.6085228047264364,-1.757556451300591,-2.120328493219481,-1.0585909373526472,-2.6536294563839826,1.1399814793364444,-1.3388013795109013,-0.08746812171949914,-0.8337923645763486,-0.9531274185653075,-0.25904602986077896,-1.9451821900261417,-0.14398685675752215,1.6185146377251063,2.2511640572756395,1.5071810846247884,0.6272408489603241,data/raw/audio_samples\Actor_02\03-01-05-02-02-02-02.wav,Actor_02,angry,nervous
0.3802963824380539,0.36649758703541274,-0.5865790330651671,0.2329646744816022,0.5974014783531375,-0.8673615499061269,-0.028105606810594163,-1.3047966701123705,-1.0284017498138354,0.3343503447100076,-0.857536300876857,0.11315186517741897,-1.3275367405371452,-0.7713908496173555,-0.21457434436713532,-0.17628449422813283,-1.2043844069599243,data/raw/audio_samples\Actor_23\03-01-03-01-02-01-23.wav,Actor_23,happy,confident
-0.4432187171365587,0.5841193751575601,-0.3856586671959465,1.1414297375689337,-0.292695474243075,0.21691942787933294,-0.6740759036261439,0.06368878896491023,-0.08263840808576783,-0.7341186056834451,-0.26914863118963406,-0.6657484195760083,0.4543611016344486,-1.3328893037122143,-0.5179406441910922,-0.986281657040599,-0.5633155673878374,data/raw/audio_samples\Actor_08\03-01-03-01-02-01-08.wav,Actor_08,happy,confident
1.0606673131885225,-0.9066007337238923,-2.078071468004469,0.16534201599148346,-2.1514401378230406,0.08589787632611276,-1.1438896828310774,0.25799128478817696,-0.7089740757314172,-0.912861549142469,0.6024359698462995,-2.0187523251373882,1.1737052302863236,0.9131279338473565,0.6076038277393753,-0.334903005978932,-0.4717343045918249,data/raw/audio_samples\Actor_02\03-01-03-02-01-02-02.wav,Actor_02,happy,confident
-0.8055507214142934,-0.06570074154995037,0.27915667066386973,-0.2429134427631277,0.287939221714133,0.1900260824250875,-0.5851974843595307,-0.37821578745121626,1.090972659423114,-1.105558657996636,0.25779891285357975,-1.4944448188565482,0.3501513433562251,-1.8834725693861993,-0.597590804320197,-0.5252272140053372,-0.013827990611762946,data/raw/audio_samples\Actor_12\03-01-01-01-02-02-12.wav,Actor_12,neutral,confident
0.16778410477412312,-0.48453775773896357,0.9036645815748057,-0.8892804326077545,-0.44170857253279167,0.9809073204475908,0.41964511446702846,-1.5801350146798872,-1.2194500532593346,-1.639797509178399,-0.5988469851806446,-0.7290935053383306,-0.13424485724213092,-0.3888931274781903,-0.2686571679409715,0.6594373892646741,0.5356595861643115,data/raw/audio_samples\Actor_18\03-01-08-02-02-01-18.wav,Actor_18,surprised,neutral
-0.6353415511773606,-0.8195020087996451,0.9582823506147989,-0.8095446146288554,-0.3074585236644163,1.0270856350652873,-0.12443163662191921,1.765911474394769,0.035206726443766594,0.5038312423403976,-0.006726989998012986,-0.3105683228680115,-0.18747234252749778,1.3830729947918878,-0.6793154621253273,1.3104609223247399,-0.4717343045918249,data/raw/audio_samples\Actor_14\03-01-06-01-01-02-14.wav,Actor_14,fearful,nervous
-0.20592455020772693,-0.4458710532946443,-0.9424144402206488,-0.3752404053062063,-1.571403193484735,-0.14946480221733155,-2.6706027368092085,0.4827318617050468,-0.7643792798422683,-0.9934629390833088,-0.19316681485320875,0.31074769748566333,1.1425051207371868,0.3348011322056069,-0.5140620704468706,0.1895482431143511,-1.479128195347962,data/raw/audio_samples\Actor_20\03-01-08-01-02-02-20.wav,Actor_20,surprised,neutral
2.13360188288025,-1.687443864412154,-2.1172621592358922,-2.3219362746458816,-1.8178026885219136,-0.33288943210396066,0.27777763172569414,0.5934064453017023,-0.28791627656168606,0.5638817302212707,0.03172438736499444,0.6546656005490948,1.2835859248654984,1.5257750306867313,3.885551264486949,2.0693096208324677,0.9935659001443742,data/raw/audio_samples\Actor_20\03-01-05-02-02-01-20.wav,Actor_20,angry,nervous
-1.0971059565508472,1.2283198990947921,1.2453299422928528,1.4358255599646985,1.2993698115059198,0.6427690013046343,0.4772070705625384,1.3334252576541823,-0.6858409230162203,-0.5684711621113082,0.36406418694509585,-0.5372782837771948,0.6437424961997186,-1.191564065818287,-0.6793988900681682,-0.39885978710580683,-0.7464780929798625,data/raw/audio_samples\Actor_09\03-01-08-02-02-01-09.wav,Actor_09,surprised,neutral
-0.5638930719526902,1.355535404690174,0.7940221996487746,0.23437543071774694,0.7719948035987614,-0.002840310716667502,0.1691312181021282,1.128075756542019,-0.16663282570868762,1.0985096642114622,-0.019622176392538663,1.5612314711010027,-0.6865093304274217,-0.2410361357593689,-0.6368113169283184,0.5023482963810244,-1.2043844069599243,data/raw/audio_samples\Actor_13\03-01-07-01-02-02-13.wav,Actor_13,disgust,nervous
-1.522084580483627,0.5012522044651588,2.292802597648477,1.4929860527943317,1.6642365773567704,1.7715274924518138,2.143075749587188,1.3251204726814068,-0.041620231805661614,1.771970768020177,1.3655001969689118,0.2156269907729002,0.5375757358113392,0.5463522529227913,-0.7170384508196397,-1.2253403281679196,0.7188221117563366,data/raw/audio_samples\Actor_11\03-01-04-01-01-02-11.wav,Actor_11,sad,nervous
-0.7885973557226026,0.6460487530351862,1.1400421454802343,0.7986137087675518,0.8802757894850219,1.4718335937440181,-0.5646292337939399,0.1891740781681807,0.11661259694209691,0.35539245109031165,0.07022433666505258,0.40926749806470203,-0.6903611136274389,-0.9780588838956662,-0.6225591142873053,0.2772500244242403,0.6272408489603241,data/raw/audio_samples\Actor_01\03-01-07-01-02-01-01.wav,Actor_01,disgust,nervous
-0.26783919310802895,1.1180078389458814,0.9726999886082647,0.8554650833387034,1.5047694077741611,1.6362877606434358,1.7887175573187561,1.2319878061142047,1.081632642390317,0.36045795765780997,0.9967531392624784,1.0816004532609422,0.601067333503753,-0.2566768917017334,-0.5677924913941624,-1.041936522359768,-1.295965669755937,data/raw/audio_samples\Actor_17\03-01-05-01-01-01-17.wav,Actor_17,angry,nervous
1.1001811854517631,-0.9110051176570216,-0.5887186754971544,-0.5362887222222618,-0.9530243909856808,-0.8779538510709793,-0.48089072285373347,-1.092220417328532,0.3765108789695493,-1.2444642139009705,-1.1818408798631679,0.15472445253174405,-1.4943990188651703,-0.06620621082312905,1.155381929439698,0.2707592480279588,0.35249706057228714,data/raw/audio_samples\Actor_10\03-01-06-02-02-01-10.wav,Actor_10,fearful,nervous
1.2167995347811804,-0.5171402416510875,-1.3624850350176303,0.05937375488948028,-0.9506121852191585,-1.3171874432451065,-0.618854969820799,-1.1596406680384714,0.9357784968225114,-1.7822584313696792,-1.4212342402791158,-0.03674857935174458,-1.9652321243969622,0.1898685733319607,1.0478173856418727,-0.7724347881034894,-0.5633155673878374,data/raw/audio_samples\Actor_10\03-01-06-02-01-02-10.wav,Actor_10,fearful,nervous
0.6215693198962648,0.8400617704083654,-0.01831072406927589,0.7175696269792676,0.5456592064830088,0.9854364379814902,0.8467088584862257,-1.472209413206902,0.7669843680485624,-0.278483993493959,-0.7791751827803365,1.49928047549248,-0.8405879074790181,0.018808539919911063,0.028187793779232813,-0.47820365776855367,-1.0212218813679,data/raw/audio_samples\Actor_17\03-01-03-01-02-01-17.wav,Actor_17,happy,confident
0.12784485513222685,0.9435093968304559,-0.21182403852452,2.1379484946356198,0.2590115583384471,0.37356622329478706,2.2812496951817893,-0.6163941436286624,0.7411111354978854,1.171517489368333,-0.09023167133417764,0.5690328950252511,0.5382587776331547,1.3983247754484698,-0.35083993894702736,-0.10423134012697323,0.7188221117563366,data/raw/audio_samples\Actor_21\03-01-07-02-01-02-21.wav,Actor_21,disgust,nervous
-0.9854736503193864,-0.36802878939023387,0.1055508395076214,0.05540456004621392,-0.9027008303712156,0.022806113269279678,-1.1706820845211867,0.19422900431427612,-0.3601122134784504,0.5819124599544679,-0.7641084812745382,-0.3897072560519446,-0.10800667584524448,0.3737611172642256,-0.6923460182154476,-0.1716336777308928,-0.838059355775875,data/raw/audio_samples\Actor_20\03-01-01-01-01-01-20.wav,Actor_20,neutral,confident
-0.3891630237017503,1.2077587115412594,0.5921528580893559,1.4784424914164236,0.5288226612560677,-0.4346210185654984,0.8380288840193578,1.181947691996899,0.03217001596440321,-0.8511268540207062,0.551962013593102,-0.5350643648278246,0.128950723099925,-0.3096353946602627,-0.5812961235829348,-1.1785401030883838,-1.112803144163912,data/raw/audio_samples\Actor_09\03-01-08-02-01-01-09.wav,Actor_09,surprised,neutral
0.18330394284861112,0.6835615564755817,1.2693165982066115,-0.044977843588301834,0.41792876018771685,1.1194829217408035,0.743315526536591,0.8616640038282766,-0.7634382882037819,0.5622617040942485,-0.028037776721644488,-0.46083653445437506,0.15267952470745863,-0.6430060433677982,-0.2885844112757633,-0.7941671934832771,-1.295965669755937,data/raw/audio_samples\Actor_11\03-01-06-01-02-02-11.wav,Actor_11,fearful,nervous
-0.39078963871229067,0.677614112768578,0.28070006120312063,0.7380694703821068,1.6872077870647226,0.9897292851705753,2.1498207662028515,0.9901712062962974,1.7438873822058774,0.7775553512633733,1.706008940627066,0.5255216975241208,0.7070945496621515,-1.080478326912465,-0.23693643757587152,-2.234072943228667,-0.013827990611762946,data/raw/audio_samples\Actor_15\03-01-04-02-01-02-15.wav,Actor_15,sad,nervous
1.3090052013462907,-1.558909656518297,-0.7594129407476057,-1.0219832842465282,-0.688051444947793,-1.1459193646292876,0.03948607390411332,-1.9532488728791442,-0.43330491010881667,-0.6610972727116528,-1.0623833230375974,0.008610935794449185,-1.327467632918488,0.6873900073115238,1.593055301391879,1.0090577020743987,0.9935659001443742,data/raw/audio_samples\Actor_22\03-01-05-02-02-01-22.wav,Actor_22,angry,nervous
-0.966011318740934,-0.1745787822855092,-0.8363933320822039,-0.09664928858077104,-0.6715356928617137,-1.4198718553602105,-0.9822124598956324,-0.4164623591965607,0.8376452950063799,-0.9574670586148908,0.5209651630454474,-1.1937958798074229,-0.4372236518291248,-0.6730838902890843,-0.6529514831915615,-0.13742385667955262,-0.5633155673878374,data/raw/audio_samples\Actor_06\03-01-01-01-02-02-06.wav,Actor_06,neutral,confident
1.9437514826693711,-1.033627060862464,-0.6318274500096438,-0.813976189436191,-0.03315474392411536,0.11005721303566535,-1.6009717476814982,0.8832859172971749,-2.093939397719662,0.23881912704361405,-0.5553164054077325,-0.1741348912881348,0.7468211609012486,0.43249960008917687,2.1935796092263575,0.23431283714101578,1.0851471629403866,data/raw/audio_samples\Actor_03\03-01-06-02-01-02-03.wav,Actor_03,fearful,nervous
0.5909085046175496,0.6123998027983147,-0.5535546927385236,0.3951592833831623,0.8313846854729082,-0.7745969000495977,0.20004669144291598,-1.6119242278637915,-0.8742903332236472,0.2455521877978357,-0.4373351703115277,1.0699270847948397,-0.0030708647098175723,-0.9952431415328539,0.36005887338322495,-0.20222267147126505,-0.196990516203788,data/raw/audio_samples\Actor_09\03-01-03-02-02-02-09.wav,Actor_09,happy,confident
-1.5937931425759897,0.6696966440205934,1.3740127072101795,2.1537502578622756,1.7547140226188707,1.2792188822278987,0.6437705671394558,2.0755058485114453,1.3728134394534426,0.6874088439618565,1.413386695702628,0.13833626919800024,0.2731449776033012,-0.06727669652697695,-0.7641025986780058,-1.1804532337789089,-1.295965669755937,data/raw/audio_samples\Actor_09\03-01-06-01-01-02-09.wav,Actor_09,fearful,nervous
-0.6154359962642018,0.1968380846138605,0.6827586822967305,0.2181777633115048,0.4116396828070965,-1.4981545256494317,-1.186012764480781,0.45230238654832455,0.9909065007952886,-1.488970919148895,-0.1315062473410464,0.44224660850400555,-1.0121621897148212,-0.8556005546980853,-0.546892574593969,0.7189940111069676,-0.7464780929798625,data/raw/audio_samples\Actor_16\03-01-04-01-02-01-16.wav,Actor_16,sad,nervous
-1.2383233472348079,0.6125183312758841,0.896322005865697,0.5305987369767808,1.085221763668257,1.3972342356078131,1.1388234390523575,1.6529098789951424,0.8393189681204215,0.39257853871106424,1.7173385709302065,-0.5931305499804207,0.9483468300440956,-0.32559118843739326,-0.652454234948687,-0.6317014479030987,2.092541053696523,data/raw/audio_samples\Actor_15\03-01-02-02-02-02-15.wav,Actor_15,calm,confident
0.5150760638941478,-1.5591078851790594,-1.836215561710675,-1.0874824684405182,-2.225538908349489,-0.3346248959853096,-0.8671963592014929,-0.7031969759718415,-0.3647427301226517,-1.2103351772711421,1.556006919680575,0.1423390676139313,2.676918479020457,1.5630739489110224,0.06807203601790147,1.1682759171814159,1.726216002512473,data/raw/audio_samples\Actor_20\03-01-03-02-01-02-20.wav,Actor_20,happy,confident
0.20875139850721336,-0.6518931074284557,0.055103383554771464,-1.041794951509696,-1.0721322650494411,-1.264472261326584,-1.7164460951110458,1.2230579171807163,-1.3138333567124147,-0.6350958989561232,-0.4109538590426756,-1.3255880007438299,-1.3054467077049021,-0.9510505892886311,-0.27680614248273316,1.0403663413213986,-1.0212218813679,data/raw/audio_samples\Actor_14\03-01-03-01-02-01-14.wav,Actor_14,happy,confident
-0.10681279120757804,-1.1267389164578854,0.2858895156357533,-1.023233014444259,-1.1522190830255632,0.44087507027878825,-2.0998513532496568,1.3218023251867497,-0.9901223916480527,0.7422861578100646,0.16352259092660323,-0.6044950224011546,0.35391136565349735,1.5917557098006923,-0.5144614215056441,1.653135565957029,0.07775327218424957,data/raw/audio_samples\Actor_14\03-01-07-02-01-02-14.wav,Actor_14,disgust,nervous
-0.6004673349306954,-1.367010299681084,-0.02706947450769214,-0.8051162530670153,-0.324242617742553,-0.11360218754533392,0.08775038948801693,0.5427761539155707,-0.11786806004427554,-0.08578329876316476,0.36552315294509335,-0.40126085351956425,6.894087350939924e-05,1.640510340544282,-0.4188322313930213,2.323515572396009,0.8104033745523491,data/raw/audio_samples\Actor_20\03-01-07-02-01-02-20.wav,Actor_20,disgust,nervous
-1.4639483068029524,0.013171493952649247,0.2826032384593373,-0.7188022748679941,-0.24098835216497422,-0.14214879560783855,-0.47885360259829163,-0.3315966450094824,-0.011628110539727166,-0.5704888558785145,0.3030125162715942,-1.132201983767272,0.2764275290807601,-0.4709407361652196,-0.7111232292322649,-0.3973760938167464,-0.2885717789998005,data/raw/audio_samples\Actor_24\03-01-02-01-01-02-24.wav,Actor_24,calm,confident
-0.4230384515228787,0.9435178631502823,1.000954547702306,1.0562783924265344,0.43312085590318866,1.0809410564082726,0.43055514006519435,-0.7049183868788497,-0.47208769501602604,0.6719525761197869,0.050353593375371535,0.18766012446466765,-1.0641758214256272,-0.0861532492386732,-0.5472716176470684,-0.34093207291995725,-0.5633155673878374,data/raw/audio_samples\Actor_01\03-01-08-01-02-01-01.wav,Actor_01,surprised,neutral
-0.18391990128366398,-0.17471365951860537,0.4915730505213361,0.27059626565166794,0.028674560870692194,0.4406712932294944,-0.4127969431251354,0.5619158693041065,-0.7944988349450051,0.6755262972328578,-1.150710727671895,0.9972633788135392,-0.9405285184511907,0.8190794961543412,-0.4961650148645754,-0.4136472635534497,0.444078323368299,data/raw/audio_samples\Actor_19\03-01-06-01-01-01-19.wav,Actor_19,fearful,nervous
0.22131582923701104,-0.22095640646825548,-0.7920559975231225,-0.7398469311177702,-0.29602991754906904,-0.283620172339523,-0.004957157117176372,-1.2499777463043495,-0.8497448098459112,0.4488871035540293,-1.494072138556067,0.2882107674430982,-0.8357196865241706,0.4407443147357583,-0.19637353685420264,-0.5653292044042899,-0.9296406185718875,data/raw/audio_samples\Actor_18\03-01-06-01-01-02-18.wav,Actor_18,fearful,nervous
1.1608741117542205,0.39721339536553635,-0.8731818547880223,-0.19229112444583504,-0.07987825463290484,-0.38949317277082174,0.4603752639172505,-1.116254451963191,-1.9772715752012182,0.6889204125153027,-1.3396558038510022,0.23716345177680306,-0.44446400387613183,0.07869144589972675,0.449202064386043,-0.6763873442020605,-1.3875469325519494,data/raw/audio_samples\Actor_23\03-01-05-01-01-01-23.wav,Actor_23,angry,nervous
1.0090963034379803,1.0801820736139727,-1.1716230880572454,1.7795353156138238,0.7604432757885305,-0.5809687688902441,2.1969500839258775,-0.4619365767368928,0.6169879288380468,0.9828294627565843,1.1117578667720713,0.18821637098585606,0.664334180413637,0.5716237062891774,0.09748715236746326,-1.0067473525834918,-0.9296406185718875,data/raw/audio_samples\Actor_15\03-01-03-02-01-02-15.wav,Actor_15,happy,confident
-0.0169086678597197,0.8374141478392108,0.9339217992603803,1.0723164565143806,-0.17074279210857324,-0.791034355532245,0.44382591190410925,1.541559114643559,-0.14205096476164555,-0.36474985295415635,0.7496660081228758,-0.12273308912709978,-0.0886718864456537,-0.24983652938563972,-0.44849751241264857,-0.8662831754621931,-0.2885717789998005,data/raw/audio_samples\Actor_07\03-01-08-01-01-02-07.wav,Actor_07,surprised,neutral
-0.8998592852268432,1.7180386965226755,0.22913746268327528,1.0419221127382836,1.019598828668585,1.0713378180359607,-0.3606092848270474,-0.766987533095494,0.44786726662880644,0.7492193439077397,-0.38511117801372347,2.644050449310548,-0.612924577111877,-1.0311951122799308,-0.6753976852486097,-0.776410030295351,-1.7538719837359988,data/raw/audio_samples\Actor_13\03-01-02-01-02-02-13.wav,Actor_13,calm,confident
-0.5096533603808981,0.500189535355916,-0.31139381437283253,-0.6757365197105542,-0.5765821540932109,0.49311388602278244,0.5837039565618014,-1.8688481028144626,0.44978697536835743,-0.08218854861089099,-0.7852354660031267,-0.2947153892402703,-0.5235262608753496,-0.5406573231302326,-0.47047091073323316,-0.7099707610520344,-0.3801530417958124,data/raw/audio_samples\Actor_18\03-01-04-01-01-02-18.wav,Actor_18,sad,nervous
-1.491682677845978,-0.48108028788710583,1.327614460662694,-0.5245791706186206,-0.40019612106935404,0.37412912940210846,-0.831524924339352,1.474894006953565,-0.44532835569716855,0.321777714257402,-0.15696794600519126,-0.34924820696944925,-0.17236121263950957,-0.6117341754984192,-0.7196729251550605,0.9994682544493754,0.35249706057228714,data/raw/audio_samples\Actor_14\03-01-02-02-02-02-14.wav,Actor_14,calm,confident
0.48314204204603123,-1.5096393244045254,-0.8015657222912298,-1.132446984925771,-0.7762056188879862,-1.098245238763535,-0.39496074695740024,-0.5092848767398084,0.012199114983637306,-1.0667984920917435,1.147109739869161,-1.8736690664781626,0.4152346514017842,-0.23268304074980675,0.019420523024479976,1.001501860978923,0.35249706057228714,data/raw/audio_samples\Actor_24\03-01-03-02-02-01-24.wav,Actor_24,happy,confident
2.0393974692374397,-0.8386682971762651,-0.9741454105123594,-1.2947716757053511,-1.2208848172153712,-0.7014610931272027,-0.2660689427748872,-1.0747997657733095,-0.47807733768996397,-0.6882977879222995,-0.5489916883638772,-0.959942882301345,0.23793603529888746,0.35445839092182546,3.635191583094553,0.989145620135645,0.1693345349802621,data/raw/audio_samples\Actor_10\03-01-05-02-02-01-10.wav,Actor_10,angry,nervous
-0.13718456050960018,-0.014244201297562199,1.7178384127585586,0.21794301450851578,0.5405307560874034,1.1417492149151032,0.6420910631725115,0.38398443603283455,-0.7281315450826146,1.0909886982347987,-1.1144386996035556,0.37588173956965343,0.16987270283376735,0.18730693915947527,-0.35538028471856703,-0.15258749737410346,0.8104033745523491,data/raw/audio_samples\Actor_19\03-01-03-02-02-02-19.wav,Actor_19,happy,confident
-1.380649820203833,0.9309663980366355,1.5611515485445633,0.12505905672947645,1.6763689999303886,2.1264601335010838,-0.0037237399743580766,0.576250454246921,-0.312756790345802,1.390878325935347,-0.30106895117074434,1.090372695154449,-0.5143588694619401,-0.5420570830724585,-0.6788534337179432,-0.5942013958731831,0.35249706057228714,data/raw/audio_samples\Actor_19\03-01-03-01-02-01-19.wav,Actor_19,happy,confident
0.7388327566534235,0.3606108672775086,-0.39145450578709845,-0.5493457675230603,-0.13393070213394184,-0.3405904131206819,-1.1777972603259617,-0.16664117630798314,0.3163745990383272,-1.4488638007387664,0.8491853271556673,-0.1843908056479615,-0.8483012600977784,-0.20470942613012122,0.20747463019348952,0.3021637986136173,1.0851471629403866,data/raw/audio_samples\Actor_10\03-01-05-01-02-01-10.wav,Actor_10,angry,nervous
-0.4521779721874196,1.1206583809356658,0.9004283962865504,1.3633744484094636,0.16779948926144436,-0.24303746912829532,0.19554484334316202,0.6465838704737522,0.30124807643778223,0.29494909699728045,0.21976805035005115,-0.6594330202535381,-0.28651334628197556,-0.7227060231753464,-0.6276621433174877,-0.4941143508647955,-1.479128195347962,data/raw/audio_samples\Actor_05\03-01-06-01-02-01-05.wav,Actor_05,fearful,nervous
0.8175108959753011,-1.0202533409284376,-1.5742289427848042,-1.6803697361496512,-1.0910967403902587,-1.726635623380779,0.3947866174074614,-1.761063772824821,0.9165246950610184,-0.38979799130258713,0.3225501259781283,-0.19889846748576107,-0.4489799209568458,-0.29137559969213905,0.9527616200716985,0.12049832112245727,0.35249706057228714,data/raw/audio_samples\Actor_12\03-01-04-02-02-02-12.wav,Actor_12,sad,nervous
-0.20369760893790087,0.9416847589368385,1.038668769271524,0.035526897974933205,0.98203594187163,0.16951644491891368,0.6937038544836812,1.1298747326463692,-0.3706830394993721,1.1872613110882297,-0.7309219162049543,0.96594725917581,0.30544632558847734,-1.471525009420562,-0.5279330341146401,-1.4668708273165654,-1.112803144163912,data/raw/audio_samples\Actor_13\03-01-06-02-01-01-13.wav,Actor_13,fearful,nervous
-0.3140110697615351,-0.060425056529860806,0.8160507552642604,-0.3024624238268093,-0.032078777333128694,-0.35718107460833864,-0.7238909430141994,0.13124718172660027,1.8174865423067967,-1.108632058153877,-0.22204530221078023,0.5817943281380248,-0.8962070962939963,1.1735939596584708,-0.5033354261086108,0.8337293222912017,1.543053476920448,data/raw/audio_samples\Actor_16\03-01-07-02-01-01-16.wav,Actor_16,disgust,nervous
0.7093690832134009,-0.4957509604359156,0.5442535072379701,-0.12443313513090168,-0.6235715449409196,0.042225860797064446,0.04530540530499908,-0.30452750879121654,1.5865867524772963,-0.6135227789471643,0.584592291378672,0.35618953982229273,-0.3998570899306736,1.3361617486966229,0.09451200400223699,0.3896660509805328,0.7188221117563366,data/raw/audio_samples\Actor_16\03-01-05-01-01-01-16.wav,Actor_16,angry,nervous
-0.12059923109187697,-0.6009925708350107,-1.063383652684067,-0.7583572521434591,-1.5229268433415888,-0.053252177507502906,-1.8990351100426386,-0.5558801013829382,-1.0217709004481854,-1.5924607772675556,-0.7856009005270418,-1.466048271017054,-0.3408430497579185,0.5000150553602632,-0.49553742429190434,-0.3766661196284024,-1.295965669755937,data/raw/audio_samples\Actor_20\03-01-08-02-01-02-20.wav,Actor_20,surprised,neutral
-0.28996642327119554,0.8316310675136641,-0.3725358312186702,0.0909231533130116,0.00706031093552164,-0.0811392159905852,-1.4551416658194778,0.8447683144227891,1.4508061018793226,-2.13461639315589,0.9412418633490665,-0.11157034599077172,-0.1232958907505416,0.7038165208854986,-0.3695241552991353,-0.5522690020808102,1.4514722141244367,data/raw/audio_samples\Actor_10\03-01-07-01-01-02-10.wav,Actor_10,disgust,nervous
-1.0773387809362467,-0.551695380051445,0.7910129167112607,-0.9994650053198069,0.7372075536378468,-0.3287687317353642,0.0352569142085471,0.13846432157266833,-0.38181949511473395,-0.5464101197707892,0.36113082763010707,-0.9909708260305067,-0.025411593885965807,-1.2473620424391465,-0.6411264872605802,1.023156689296596,-0.013827990611762946,data/raw/audio_samples\Actor_24\03-01-02-01-02-02-24.wav,Actor_24,calm,confident
0.7322154176384215,0.5356549491086414,-0.34579440849414633,1.5055595349617004,0.0824670093264177,1.3230207674293382,1.673920957385361,-1.1648169714242118,1.7385652215667347,-0.8063127559282154,0.23280618046006604,1.3826510063563153,-0.4999090946518006,1.6329099379708447,-0.0482078254472352,0.7291066520669367,-0.838059355775875,data/raw/audio_samples\Actor_17\03-01-05-01-02-01-17.wav,Actor_17,angry,nervous
0.3733311935583878,0.44837215471368613,0.7186688356869729,1.4022767872320732,0.6274602948609901,0.42735282089876814,1.010703358373269,0.64179975192587,-0.6064339973460666,1.77051544910772,-1.3296673405479216,1.2365170461606039,-0.19530711674896875,0.9977872337389259,-0.18474435231405992,-0.486850435803767,-0.2885717789998005,data/raw/audio_samples\Actor_19\03-01-05-01-01-02-19.wav,Actor_19,angry,nervous
0.07619865832094548,1.2972982180830408,0.2600167293183452,1.6200473668776363,0.4454639036897367,0.2329971011723845,1.4089207289163193,-0.6793509307635938,0.0981933606395432,0.4706769259886455,-1.042449544703059,0.06730785543777272,-0.04141242395540776,-0.38247067249392913,-0.2391034873280501,-0.7694974418451176,-0.10540925340777546,data/raw/audio_samples\Actor_21\03-01-06-01-01-02-21.wav,Actor_21,fearful,nervous
1.0783280808758045,-0.9261097620824493,-0.6272629099152955,-0.7101272759339003,-0.7549373960883434,-1.0958456333817859,0.3102311902226869,-1.377400824256205,0.31500033235471303,-0.7398662189184944,-0.8190952887411109,-0.6242052216145347,-0.6769768284832745,1.0166036261643911,0.6606409166907657,-0.05303999853026661,0.2609157977762746,data/raw/audio_samples\Actor_22\03-01-05-02-01-01-22.wav,Actor_22,angry,nervous
-0.8332751455309956,1.5811149495649972,0.6944591215932713,1.7026305730491542,0.755124065967124,0.06136513496854089,0.8481906442106673,1.7303072326267495,-0.18198481787989168,-0.35190816019938126,0.9329966263773334,-0.3229847265069406,0.7340973549079481,0.1990046705401761,-0.6612612876055862,-1.1809022595592749,-1.2043844069599243,data/raw/audio_samples\Actor_09\03-01-08-02-01-02-09.wav,Actor_09,surprised,neutral
-0.041155470999750456,-1.0267481760035266,-0.18635654283842687,-0.9596315770817054,0.04766228704670323,-1.781485239264341,-0.1119944410635024,-0.29258626842460456,0.33279261941462274,-0.6621772901296675,-0.9352938252742458,0.06488240049236535,-1.487613423945131,-0.15573527922761268,-0.28957632032072217,1.3666963321040095,1.2683096885324117,data/raw/audio_samples\Actor_22\03-01-07-02-02-01-22.wav,Actor_22,disgust,nervous
0.2536184724724084,0.1367891055638808,0.5738342692439603,-0.8319903833364718,0.9659684522111206,-0.7270046955434055,-1.8642876369432826,1.291200004817218,-2.9341147212647223,1.1168124039589715,-0.9289570556405515,-0.3281636539937032,-0.6632999233174532,-1.8734489931463725,-0.28238929498319304,0.42818750816871165,-0.4717343045918249,data/raw/audio_samples\Actor_03\03-01-03-01-02-02-03.wav,Actor_03,happy,confident
1.041254423685031,0.6006663593451345,-1.2393772755023094,1.6655485398206313,0.5467932317771699,-0.8101795078878357,1.4687838285378287,-0.8640893248114155,0.5221577868374069,0.9237720993616879,0.9380793240382912,-0.3486304148787118,0.3041413151987472,1.0545165466992976,0.036311132230009244,0.2771425129679292,-1.0212218813679,data/raw/audio_samples\Actor_15\03-01-03-02-02-02-15.wav,Actor_15,happy,confident
-1.3485358760119248,1.3216415150624634,1.0493469336938699,1.3174692229813239,0.9729881357990915,0.3913321483872541,0.010088004295617452,2.1704457129262678,0.8751830134763964,0.5928700176520022,0.997745368720965,1.2915806559995893,0.22860040549565264,-1.2684252608217446,-0.709309203432873,-0.9250900577351179,2.1841223164925356,data/raw/audio_samples\Actor_07\03-01-02-02-02-02-07.wav,Actor_07,calm,confident
-0.5930355181837969,0.08868435213655201,0.4509095294844472,-0.16338371709594374,0.13191941585402775,-1.1574385527939959,-0.8910767015078359,0.33283711784136477,0.8416062793189065,-1.0800766893539009,-0.3232742811122182,1.0403935732469543,-1.1017834142667726,0.510021410144108,-0.562130524085428,0.7121375724947895,0.2609157977762746,data/raw/audio_samples\Actor_16\03-01-04-02-01-02-16.wav,Actor_16,sad,nervous
-0.23928975921979379,1.696102461852513,0.3850685602797091,1.2830816921289276,0.8123371909734879,2.0287698452703453,1.5287009775287776,-1.4427031203701308,1.5508340461276215,-0.38116696859396104,0.34322513858775844,1.3755571570277916,-0.14875105383183848,0.018711181288758875,-0.43590256559763546,-1.036498797098783,-0.7464780929798625,data/raw/audio_samples\Actor_17\03-01-01-01-02-02-17.wav,Actor_17,neutral,confident
0.04712115966759786,-0.5221393115665047,-0.07915461496874532,-1.0245910330360959,-0.04872719594943007,-1.0801286753234276,0.5126199876257653,-1.0586378163109793,-0.4575257926329961,0.18560532567372762,-1.2082360516103348,0.4517861333565435,-1.0293112694481057,-0.19581902169391727,-0.289658539656352,0.9776167237516059,0.2609157977762746,data/raw/audio_samples\Actor_22\03-01-05-01-02-01-22.wav,Actor_22,angry,nervous
-0.7199202657056388,-0.30394356534854106,1.207629698229923,-0.6361419063445845,-0.14723332556589,0.0625556072084404,-1.1492848535470785,1.668638094826946,-0.9642157234867297,-0.10208062181259762,0.021357593266870884,-0.3354430008080703,-0.7137719235351374,-0.48051219178066273,-0.6402716615095814,1.1215398799798562,-0.9296406185718875,data/raw/audio_samples\Actor_14\03-01-06-01-02-01-14.wav,Actor_14,fearful,nervous
1.961192832864224,-0.8459226195281934,-1.5827750982051274,-0.6303220680195724,-0.9404162836779262,-1.6641193625400834,-0.8598029416472199,-2.400104433606311,0.5981245666884197,-2.0269041956976497,-1.2034306840415696,-0.0422483307964558,-0.42224916655075423,0.7330080368722388,4.070262942879646,-0.5272348310970241,-0.838059355775875,data/raw/audio_samples\Actor_10\03-01-03-02-01-02-10.wav,Actor_10,happy,confident
-0.35385874916992427,0.8022246193360003,0.549872898353822,0.2958166940746136,0.4889797565291465,0.011856269223065432,-1.353238162370251,-0.345026377160248,1.0631766900021105,-1.9704870517259687,0.12972797269964734,-0.092184659780468,-0.11725694807403647,-0.49403264206250996,-0.3772564156926115,-0.6001982755725395,-0.4717343045918249,data/raw/audio_samples\Actor_10\03-01-04-01-02-01-10.wav,Actor_10,sad,nervous
0.5044907789460598,-1.6905793221685461,-0.9489266573871521,-1.4862723769073334,-0.6434875265196288,-0.06017826457075088,0.16953508035243153,-1.3168127933063878,0.666701256467884,-0.10675891448194334,-0.8560333429239475,-0.2966102057860848,-0.8973244166739643,1.39556842401368,0.43824929134084595,3.116991470533055,2.092541053696523,data/raw/audio_samples\Actor_18\03-01-07-02-02-02-18.wav,Actor_18,disgust,nervous
0.734440018454995,-0.9885787948634916,-0.6597959722739801,-1.0495898081471284,-1.4955786639084487,0.08345684374203476,-1.6794359210398626,-0.9380547816982288,-0.8359867500116606,-0.001879681114221403,-1.5495410496161952,-1.25673701512825,-0.7011251085033566,0.0443367077901371,0.12691139285033717,1.6513425101491876,-0.7464780929798625,data/raw/audio_samples\Actor_04\03-01-05-01-02-01-04.wav,Actor_04,angry,nervous
-0.9047481995148179,-0.7669766686546916,0.08473286715410952,-0.06689891962014645,-1.008142273817058,-0.1913067430921445,-1.3471003753400363,0.4857638338570605,-0.12277401041693162,0.13688322983343978,-0.4730169830554568,-0.2578732029692515,0.21648107973495107,0.5269112956937081,-0.6555641174839982,0.659887597894184,-0.4717343045918249,data/raw/audio_samples\Actor_20\03-01-01-01-02-02-20.wav,Actor_20,neutral,confident
0.6584411129940038,0.45726704548852365,0.0540199613693936,1.2600413881264685,0.18932449702035728,-0.9441399648891595,1.5037403659386395,1.362645431031017,-0.06873827844930012,1.2108834253129193,0.4012546223591587,0.5145294311434369,0.581096681522007,0.9497545264301059,-0.11703735926043793,-0.03259082523432328,0.444078323368299,data/raw/audio_samples\Actor_05\03-01-05-01-01-02-05.wav,Actor_05,angry,nervous
-0.25238635050789593,0.5876521660616664,0.810898344075844,1.0090500373815474,0.5217612458381649,0.8376582362177681,0.5177302142789635,-1.2268360467353672,-1.2228748691664244,0.9818390466710686,-0.2549997344000672,1.0571687681566482,-0.979300792138237,-0.27591165069785756,-0.5299655029004648,-0.29104756982537844,-0.10540925340777546,data/raw/audio_samples\Actor_01\03-01-03-01-02-02-01.wav,Actor_01,happy,confident
-0.16656982876566154,-0.9567506872734189,-0.4723827382283954,-0.4524272344490131,-1.007057006891994,-0.07398761192727162,-1.5420124550091918,0.022422539263096185,-0.09186121122312968,0.06286648182100324,0.06970740108686263,-0.8137520493265797,-0.2849268914907386,0.47200286467917785,-0.4725731723298409,0.7131910611902532,-0.6548968301838499,data/raw/audio_samples\Actor_20\03-01-05-01-02-01-20.wav,Actor_20,angry,nervous
-0.898651611348514,-0.2923400361133864,0.27727143025653894,-0.5312179540704238,-1.1229654292635018,0.3299143615398447,-0.4530485474053678,1.1259962492484341,-0.4091983395214124,-0.2718791734123323,-0.6588756320286213,-0.1379234087658007,-0.5407227010745669,0.9334621105933784,-0.6704914719448356,0.4447285311406239,-0.196990516203788,data/raw/audio_samples\Actor_14\03-01-08-01-01-01-14.wav,Actor_14,surprised,neutral
1.6020200016424821,-1.9411939207410203,-0.7989333413845041,-1.1817040740474987,-1.7083552629418397,1.3838948630669028,-1.6558407142909883,0.03852570011764268,-0.23245404265456301,0.32290301096502966,0.39272970504021415,1.1721903669738565,1.9606301537989643,1.997242009101255,1.4483005178516128,1.2969377163934148,0.1693345349802621,data/raw/audio_samples\Actor_04\03-01-05-02-01-02-04.wav,Actor_04,angry,nervous
0.27387802094001934,1.6040268546096348,-0.042558240186106655,0.892502236217564,0.9182949739226508,1.4302654199638754,1.5167673650679119,-0.4514715339588902,1.0963639939246594,0.07566350306186491,-0.3994635225197708,1.0082195661647526,-0.04573297911414856,-1.2869959604751984,-0.22085719532965098,-1.6582940823264272,-1.2043844069599243,data/raw/audio_samples\Actor_17\03-01-04-01-01-02-17.wav,Actor_17,sad,nervous
-0.5168795097982265,-1.699618213365948,-0.11408546433269627,-2.089952851357531,-0.5019669414862273,-1.047069394646867,-0.6452871700444215,-0.35520574753997025,0.4283066773681207,-0.6784626399978202,-0.9395768335993934,-0.04992763158676308,-0.24495586641852338,1.1285789106765427,-0.3053765955954516,3.2479565798878163,2.8251911560646232,data/raw/audio_samples\Actor_20\03-01-07-02-02-01-20.wav,Actor_20,disgust,nervous
2.243398103535065,-0.9072679673088303,-0.3405447994385325,-0.5209488094814867,-1.0913412844686474,1.355207312710889,-0.6302870098781053,1.2270084333879987,-0.16601975539876462,-0.4616598097948698,0.632696708469544,-0.2373208562372776,-0.15890431616874903,1.0058298833019839,2.854379848256103,0.14179396698815847,2.000959790900511,data/raw/audio_samples\Actor_03\03-01-05-02-01-01-03.wav,Actor_03,angry,nervous
0.24745225582184033,-0.11863713611957799,0.0754199456745416,-0.6058160309693593,-0.43762367432852084,1.348941477516291,-1.2062587295237257,-1.2266281630652571,-0.4453229302961958,-0.9610540292382109,-1.1753136793100192,-1.057132005875229,0.8948760635898151,-1.20231966874706,-0.07832686187277331,0.41724586816462755,-0.10540925340777546,data/raw/audio_samples\Actor_08\03-01-08-02-02-02-08.wav,Actor_08,surprised,neutral
1.5539507487927784,-0.3876442306307467,0.45434486963404724,0.20254924858160048,1.1296318761119957,1.39821108717264,1.800805227238308,1.4016934166777186,0.6200334082794475,1.0501953098935777,-0.09616841551111918,0.4556511766789936,-0.02935266122966774,-1.020221600528131,3.0614156934227976,-2.148835945804301,-0.5633155673878374,data/raw/audio_samples\Actor_17\03-01-06-02-01-01-17.wav,Actor_17,fearful,nervous
-2.2674194721658476,-0.7394722230173346,0.9063446022444179,0.09823845630070156,-0.04427725963262034,0.5877620740176338,-0.6663582856025663,0.4911993212379542,-0.04963682951744951,-0.05215555553028576,-1.1967844039008126,0.19793783493279118,-0.13387455155824232,0.711167097537489,-0.7922004374310948,0.9050771102239697,-0.10540925340777546,data/raw/audio_samples\Actor_20\03-01-02-02-02-02-20.wav,Actor_20,calm,confident
2.2733569291163356,-2.606130742730435,-0.7237771230175183,-2.5265182397235164,-0.8294065387424638,-0.1778083796666203,-0.38018042266749386,0.795896204764884,-1.0630465940163247,1.4107022067035695,-0.34932824404104607,-0.386647377570682,-0.9950868086657689,0.7323765834862282,5.39532133128334,0.975641328347938,1.2683096885324117,data/raw/audio_samples\Actor_13\03-01-05-02-02-02-13.wav,Actor_13,angry,nervous
-0.1271384574795743,0.312049224521618,0.8598691021623045,0.3948522345356163,0.6640428170304897,0.37910086020413414,-1.1169119143044137,1.7855995388459271,-0.3516480832724668,0.23635629835409258,-0.13820194310014278,-0.361487351989987,-0.36434290217427145,-0.4050542010106276,-0.538317829861157,-0.01801287916787704,0.35249706057228714,data/raw/audio_samples\Actor_03\03-01-06-01-01-01-03.wav,Actor_03,fearful,nervous
0.3445561984879356,0.24969799036298765,-0.8405723896684344,-1.4069640135411499,-0.8207792479590842,-0.2599392078514584,0.24199072558003837,-1.8308402619935027,0.4048532998234148,-0.2583207915527046,-1.2259049072623491,-0.3142509736509341,-0.9315817398204177,-0.3081892515965917,-0.06812723836910986,-0.8027025542221324,-1.0212218813679,data/raw/audio_samples\Actor_18\03-01-06-01-01-01-18.wav,Actor_18,fearful,nervous
0.1297461808432883,0.2385939739975897,0.39987440211619046,-0.5541904525302015,0.49199347507908814,-0.796672747056434,-0.4107106087405669,0.019158989173196424,0.5826348576529883,-1.2834471903773004,0.016204870058949078,-0.5957337861589459,-0.5555870007791345,0.5426438994013105,-0.25181415402786894,-0.41698011869909807,0.444078323368299,data/raw/audio_samples\Actor_10\03-01-01-01-01-02-10.wav,Actor_10,neutral,confident
-2.1083037577894683,-0.13425282512625006,1.358245669349431,-0.29563459645259904,-0.2371815065956946,0.6347926786796411,0.12267212273330735,0.899491790567222,0.5382189924706561,0.6226694729200738,-0.57583377014227,0.08199907801272359,-0.35510567823711403,0.805973279293717,-0.7837582586100083,1.1654058723029637,0.2609157977762746,data/raw/audio_samples\Actor_14\03-01-02-02-01-01-14.wav,Actor_14,calm,confident
1.7398718205492387,-1.266918401301903,-0.23756994331545792,-0.7455627571660602,-0.42583837304738065,-0.17066498640016473,0.9449243661656129,-0.12556403368672084,-1.7878481162610058,0.03957615235067177,-1.1580514780391689,0.1451258030455223,-0.8771580403176997,1.2330327816933613,1.5846118011886126,0.505915659458029,1.0851471629403866,data/raw/audio_samples\Actor_01\03-01-05-02-01-02-01.wav,Actor_01,angry,nervous
0.6654065944303265,-1.1167356676409488,-1.038249426388724,-0.5109546540378692,-1.2765434871194268,0.12344669009831134,-0.6848509254848769,-0.8651660728102545,-0.03905868551382036,-0.8490339176219015,-0.7709948490048858,-0.91420118207991,0.1036705641893011,1.193705864812617,0.10496594569933934,-0.05963843504234058,-1.295965669755937,data/raw/audio_samples\Actor_04\03-01-06-01-01-02-04.wav,Actor_04,fearful,nervous
-0.5871320174108304,0.13195746442158196,0.2250521970167917,0.5722861149039428,0.9564356610703683,-0.17407479970897638,-0.29208732302558144,1.6356816316001856,-1.1523650964031507,1.201855980904293,-0.2153926341974087,-0.34487650404073705,0.3270993010597199,0.7289244852297612,-0.5717766905995814,-0.13200276424039276,1.0851471629403866,data/raw/audio_samples\Actor_03\03-01-04-01-02-01-03.wav,Actor_03,sad,nervous
0.12263032528548753,-0.2891088213603372,-0.8122546237204469,0.32281099568378196,-1.097795989857617,0.4727482640274076,-0.7202500549321618,-0.37417747951120744,-0.7245242842963008,0.09933825066213131,-0.6454885794427706,-0.24553488411886104,-0.05413233358384512,0.3676863060713899,-0.39805991627810355,0.7982677435415031,-0.4717343045918249,data/raw/audio_samples\Actor_04\03-01-03-01-02-01-04.wav,Actor_04,happy,confident
1.207114739222021,0.2519827289478596,-0.6265454359598595,-0.05933295923290127,-0.01409685493366729,-0.6393389505356911,0.36602182065897176,-0.8111250362839355,-2.0844477218038584,0.7845394081870967,-1.5315125446833884,0.07022404561130714,-0.8424017408337391,0.23709807193377505,0.47889716906530244,-0.4257647661642951,-1.295965669755937,data/raw/audio_samples\Actor_23\03-01-05-01-01-02-23.wav,Actor_23,angry,nervous
-0.016213553243704628,1.2442622712699374,0.348902669870332,1.6616714984330838,0.5446135343625831,0.3838811301521529,1.6169307564884492,-0.5666462401863582,0.15592921607060373,0.8127803366317394,-1.1625034636738576,0.30290059125510477,0.4992969412648617,0.3109285203037943,-0.27968606621783243,-0.5371850942854817,0.1693345349802621,data/raw/audio_samples\Actor_21\03-01-06-01-01-01-21.wav,Actor_21,fearful,nervous
0.40936773740161353,-0.15346173704406496,-0.5999996298621167,-0.13006367894077625,-1.0502442023374619,-0.5686531334303102,-1.181740135496064,-0.7825164432527149,0.5912845239550291,-2.059476354095634,-0.036020809601432585,-0.1859850879840304,-1.1262482361765083,-0.4190127651326597,0.15461137640885936,-0.37341988406870613,0.5356595861643115,data/raw/audio_samples\Actor_10\03-01-06-02-02-02-10.wav,Actor_10,fearful,nervous
1.303685643659842,-2.4915359655031417,-0.7626284289860521,-1.585826822160398,-1.203430552005185,0.2120952115072219,-2.0264621715259716,0.862970765049205,0.16552775976835882,0.30898221245578905,0.0023647606210545065,1.7494070807390405,-0.00014575185088539945,1.7021829002297586,1.0067256937313829,2.237841590122578,1.1767284257363992,data/raw/audio_samples\Actor_19\03-01-06-02-02-02-19.wav,Actor_19,fearful,nervous
-0.8959121108163738,0.5901392204961826,0.4743800559945767,0.24756760208572062,-0.18834175957543484,-0.9404273784462094,-0.6318287334329616,1.0155266434211239,0.6498433370103894,-1.5109337449363744,0.11054073177972969,0.6404927887262403,-0.9221444420781968,-0.025376205264266413,-0.5921690774842874,-0.5599168755352882,-0.2885717789998005,data/raw/audio_samples\Actor_16\03-01-04-01-01-02-16.wav,Actor_16,sad,nervous
2.2522396045316557,-1.7453369243125512,-1.7346942749599115,-1.0269847594665749,-1.65754452894526,-0.6052745936801041,1.0905083773820003,-0.02895244507676833,-0.8356175704012809,2.181997466276053,-1.326253323950158,0.6490848361362748,-0.354880957658963,2.344991884695612,3.5436495621172095,1.9082721199313686,3.008353681656647,data/raw/audio_samples\Actor_19\03-01-05-02-01-02-19.wav,Actor_19,angry,nervous
1.1129466026046257,0.5301667302667034,-0.6231155270698457,0.5269085892643403,-0.26470926453830007,-0.1424868378466626,2.1128836413624863,0.019698145530514112,0.6708227947975701,-0.4463410663992049,0.7602098547657326,0.24975517728543134,-0.04561506121937685,0.23880644036720028,0.3447393173710601,-0.7497036223962344,-0.3801530417958124,data/raw/audio_samples\Actor_15\03-01-05-01-01-02-15.wav,Actor_15,angry,nervous
-0.3038122521567786,-0.01897424660194442,0.3078326258995329,-0.18056351399832754,0.21610043236849805,-0.257771090958399,-0.5857815430904103,-0.9625220190776977,0.40686006732276137,-1.2324205306396412,0.7739836749595133,-1.7371704617676946,0.3545379252869872,-1.685642586317907,-0.48637373037190346,0.7863421818567107,-0.013827990611762946,data/raw/audio_samples\Actor_12\03-01-05-01-02-01-12.wav,Actor_12,angry,nervous
1.7837164089997146,-0.8268341337113572,-0.6625503054967952,0.513800681722894,-0.3410755385745962,-0.2896483901054473,1.543046848295509,-0.35836244989405003,-0.05107266819349884,-0.6621479953409516,0.9398213451106551,-0.23471743560649608,-0.9624061540918266,1.8275050427474575,1.6337701802146873,0.8267969835882534,-0.4717343045918249,data/raw/audio_samples\Actor_15\03-01-05-02-02-02-15.wav,Actor_15,angry,nervous
-0.5070952449758326,1.8484217735013775,0.48891643433023785,0.2241391541946829,0.4857191688172967,1.1613674444612536,-1.1697456756051205,0.5160582963936252,-1.008181658904669,0.4971758857093572,-1.127796825973793,0.8690511687532452,-0.8429306799149998,-1.5110686870272678,-0.573618182423412,-1.5742245117137468,-0.5633155673878374,data/raw/audio_samples\Actor_19\03-01-08-01-01-02-19.wav,Actor_19,surprised,neutral
-1.7688765992680686,0.157768938035725,0.5672239927394637,0.640637076705153,1.012350038872946,1.3376076445917326,-0.2540645251613189,-0.4053957949602075,2.595956430632892,-0.04352277027213111,0.3485651590417766,0.40272189464074576,1.2134819770186545,-1.6491009529180025,-0.5751104378311386,-1.2650171751399233,2.6420286304725984,data/raw/audio_samples\Actor_08\03-01-04-02-02-02-08.wav,Actor_08,sad,nervous
-0.65891254844071,0.13913340032960042,0.16874231249181137,-0.13977212633711955,0.3568743236681393,0.033829387964667126,-0.3995453207528067,-1.1825966134893233,0.9324192273294994,-0.7334716892288953,0.23474688847592395,-1.7800546276331273,0.2605243195635472,-2.3565530834165402,-0.5584474383019461,-0.8498752732066936,-0.2885717789998005,data/raw/audio_samples\Actor_12\03-01-01-01-02-01-12.wav,Actor_12,neutral,confident
0.06816914832467037,0.749876488023275,-0.001637578674349637,-0.5053208282715892,0.9161758654491859,-0.11199324457920591,-1.5632630010692496,-0.2792054895251874,-1.3569370318920306,1.6741877413871291,-1.363227535902511,1.876532436620596,-1.733941006502864,-1.0449130352570395,-0.4395105134623864,-0.6914782022685192,-1.112803144163912,data/raw/audio_samples\Actor_13\03-01-03-01-02-02-13.wav,Actor_13,happy,confident
-0.9831993148711956,0.9244303991306665,2.1198813334042885,1.0038868570976236,1.224333165757414,1.605605412352755,0.7815765437651861,0.8987717977699913,0.5147962747500521,1.4097753791506142,0.41435482330684387,-0.007547389285789289,-0.020797331347931956,-0.368407861158352,-0.6704294584790593,-0.7849036895081382,-0.7464780929798625,data/raw/audio_samples\Actor_11\03-01-02-01-02-01-11.wav,Actor_11,calm,confident
-1.817393024967343,-0.07095277926293865,0.7952882764632654,-1.1023835852266153,0.034767510617973875,-0.9366561967711362,-0.49661741378233076,0.2996920784197694,0.47867559531085363,-0.4123234958326654,-0.17996537215087688,-1.080342125169534,-0.4691534255465034,-2.2204273475127314,-0.7248791113641078,-0.06235832605770806,1.726216002512473,data/raw/audio_samples\Actor_06\03-01-02-02-02-01-06.wav,Actor_06,calm,confident
1.049516516223281,-0.25335526079145176,0.14911629623372996,0.3783969254679118,1.1838275342260531,1.0715848767147147,0.9777519137450346,1.5138008887650438,-0.7705511150511988,2.3635225637771167,-0.10474925684691616,0.36762210586767746,0.9960178573996487,0.4180501096619481,0.4207173372721303,-0.6114131274058471,2.3672848420845605,data/raw/audio_samples\Actor_03\03-01-06-02-01-01-03.wav,Actor_03,fearful,nervous
-1.0302140472522856,2.1228134474221267,0.8143813275540212,0.7134084296026474,1.330509749109767,1.118451067167479,-0.02254421872462476,-0.3590323717857918,0.6153023324590765,0.7431544565631579,-0.7894521850841604,2.5968958448051613,-0.6006348986548352,-1.523123017356505,-0.6829729458630974,-1.1739501017874,-1.295965669755937,data/raw/audio_samples\Actor_13\03-01-02-01-02-01-13.wav,Actor_13,calm,confident
-0.9152354779829543,-0.2447029738709496,-0.5888113263959798,-0.7483019484107106,-0.9836767876390632,-0.6548689263565105,-1.1290710596079985,-0.4554012059164545,-0.2715097378479143,-1.550366232320056,0.37329767602066866,-0.9000789024897957,-0.6345542952114561,0.39595888516692485,-0.6371011783873464,0.028687594468748082,-0.196990516203788,data/raw/audio_samples\Actor_24\03-01-01-01-01-02-24.wav,Actor_24,neutral,confident
-1.0024082923850566,-0.3771983976463344,1.0044477832534626,-0.5767810800032986,-0.20489662777248682,-0.2192520968938205,0.2973187049036002,0.48187216214026907,-1.095291896923462,0.1499859622511509,0.32374779183041874,-0.3828183331802708,0.3100558762434209,-0.4511250400539657,-0.6553565094058736,1.5720547622036511,-0.3801530417958124,data/raw/audio_samples\Actor_24\03-01-04-01-02-02-24.wav,Actor_24,sad,nervous
-2.0930235236167127,-1.4914872427546937,0.8161160102507607,0.007722033969989494,0.28380857407237836,-0.07806595204844159,-1.6094967072163506,1.5925980762661192,0.4998337758998466,-0.4443597176188288,0.19530273928788724,-0.02422285700886137,0.6690508357957476,1.8557551191405093,-0.7328132261844782,4.374941670270717,0.6272408489603241,data/raw/audio_samples\Actor_20\03-01-06-01-02-01-20.wav,Actor_20,fearful,nervous
-0.6802077474725858,-0.2524519920485954,0.06549297237586199,-0.6128140512257367,-0.885993874358074,0.16259791552095543,-0.10422531097480793,0.9105272840184727,-0.051694570551517036,-0.28134661703861286,-0.523566750098741,-0.08643964831884282,0.03399377421831137,1.031254722436317,-0.6450115296067769,0.4198017832218569,-0.3801530417958124,data/raw/audio_samples\Actor_14\03-01-08-01-01-02-14.wav,Actor_14,surprised,neutral
-0.41864600588110673,-0.5662492757750633,0.7377940008115641,-0.48701992799493055,-0.41542870059198644,-0.7517169547777363,-1.2643922971968342,1.6575484789739474,-1.1547893674331693,-0.15349820288017627,-0.28595886034152607,-0.34676892270721854,-0.6666673490992944,-0.19880269634767092,-0.5530284521105575,0.7752880948535538,-1.112803144163912,data/raw/audio_samples\Actor_14\03-01-06-01-02-02-14.wav,Actor_14,fearful,nervous
0.9235044652079931,0.19601451605419734,-0.06328438317585662,-0.16808535407217254,0.8405825791058616,-0.08737317020050811,-0.7983714528386329,-0.2767108854838668,-1.982232158099949,0.21753336338537968,-0.7230995443477186,-0.389929889925408,-0.3292811760120496,-1.1748335361413749,0.3505543862749612,-0.4036592786090304,0.7188221117563366,data/raw/audio_samples\Actor_03\03-01-04-02-02-02-03.wav,Actor_03,sad,nervous
-0.11496780800952254,-0.047430715306675225,-0.47589334011797724,-0.5988742404882434,0.49232794518182843,-1.0565131172966977,0.21357578958607892,-1.1631125488601375,0.6307087678981818,0.3393508800552292,-1.206405745317401,0.6403839004108843,-1.1632505332668275,-0.17192804023905706,-0.400687190038168,0.41654779888763366,0.2609157977762746,data/raw/audio_samples\Actor_22\03-01-07-01-02-02-22.wav,Actor_22,disgust,nervous
-1.3389318260899792,-0.2864684973427571,0.7284948058136819,-1.2200929079472063,-0.172174086169165,-0.6349667012088088,0.2609511869310503,-0.015052404063732247,-1.1446597653006612,0.03234951695088466,0.28621699127930567,-1.1982079777802845,0.28477058258840376,-1.1778346618705238,-0.6760009334506906,0.5256485247653334,0.8104033745523491,data/raw/audio_samples\Actor_24\03-01-02-02-02-01-24.wav,Actor_24,calm,confident
0.3106032431528156,-0.16407383103334366,-1.1033560801692248,-0.11709610332838959,-0.9241982790519433,0.6294087285535401,-0.08361588905605677,0.4146887423426754,-0.7064831858243376,-0.6074662941016281,-0.007108936570007377,-0.3655223065826155,0.7748422463689815,0.9688156931499303,-0.37195522614771537,0.32660208332935026,-0.4717343045918249,data/raw/audio_samples\Actor_02\03-01-08-01-01-02-02.wav,Actor_02,surprised,neutral
-0.4105500855237898,0.7310500202079623,0.6856502803364014,0.4168239464662875,0.19972363821510497,-0.13574698658487552,0.5145288064550796,0.9832810920517036,-0.44684507069934687,0.6312336099129697,-0.10530680965286317,-0.013097557680580586,0.24739912758058966,0.16775852004506367,-0.538438928899184,0.1908330572995878,0.2609157977762746,data/raw/audio_samples\Actor_05\03-01-08-01-01-01-05.wav,Actor_05,surprised,neutral
0.7074908694782086,-1.0736242912588092,-0.9933324532015232,0.04041542862626894,-1.943869811098344,0.11376550747116707,-0.9945937390116174,0.8925304817538862,-0.18531563556082545,-0.8866371217052224,0.9115404854202448,-1.49797880112082,0.2215678595746777,1.3742243810888672,0.008078816774216532,0.4812012855647003,-0.196990516203788,data/raw/audio_samples\Actor_14\03-01-03-01-01-01-14.wav,Actor_14,happy,confident
-0.7917490685838527,0.29859478260717787,0.2314912975626456,0.16522735769184171,0.41164118727290316,0.7435878830517981,0.7769210211960779,0.02158631043526639,0.23073792515816155,-0.4829486123316017,1.0701593171503332,-1.4893562729754168,0.6351903981865127,0.21821876378912167,-0.6085876830172816,-1.2338428813419857,0.5356595861643115,data/raw/audio_samples\Actor_12\03-01-02-01-01-01-12.wav,Actor_12,calm,confident
-0.20687009332176765,0.40323032128352904,0.33642473891788466,0.7085202222967704,0.8158017363793517,0.8763870721247742,0.6556907271000447,0.6925842795833735,-0.4966710700284559,1.1583061626275135,0.12375675811576659,-0.027070922815702208,0.41721158840193734,0.8353953331712044,-0.5597888220799239,0.3573270867661743,-0.3801530417958124,data/raw/audio_samples\Actor_23\03-01-07-01-01-02-23.wav,Actor_23,disgust,nervous
-1.016318776291742,0.11670144803649976,0.47963491374642947,-0.3529092625636858,0.5226335624667797,-0.4008554227501307,1.0273748839832302,-0.9570450667281961,-0.18810151587428495,0.14651896655091243,-0.17025918050182284,-0.2924121953988071,0.1587880582726815,-0.731120656187618,-0.6484993146785234,-1.013930109585015,-0.196990516203788,data/raw/audio_samples\Actor_22\03-01-01-01-01-01-22.wav,Actor_22,neutral,confident
2.3125549864688066,-0.4233021801740066,-0.9764856900631823,-0.32818934057620397,-0.31886374217495117,-1.328144191825042,0.17847558331220495,1.2826018915153008,-0.702282411406026,0.8168094716736435,0.7682587550489902,0.6876074823746502,0.10476082144587885,0.6110309899645047,3.4573191916153183,0.5981186825281684,1.8177972653084855,data/raw/audio_samples\Actor_09\03-01-05-02-02-01-09.wav,Actor_09,angry,nervous
0.055236096207591984,0.09438744033684252,0.6594190993475517,-0.16964704796842095,0.2318582756120767,0.275231387510696,-0.8015223060707292,0.4196631973906637,1.2595806527834565,-1.7635642232941209,-0.4227500902956914,-0.37531051150432126,-0.3827763929109555,0.27940544879648954,-0.2115713469681429,-0.4660841845116503,-0.6548968301838499,data/raw/audio_samples\Actor_10\03-01-06-01-02-02-10.wav,Actor_10,fearful,nervous
-0.05544598600332292,1.055726670882366,0.5215086472134928,0.5177987836501647,0.00379479951739559,0.4479336497458812,0.1046869437155315,-0.7200789182314025,-1.5557015172419653,0.6232958161671955,-0.9271708618264282,0.3172813191984649,-1.3675838806438956,-0.6651803900903618,-0.4640896348848766,-0.5967971375409803,-1.295965669755937,data/raw/audio_samples\Actor_01\03-01-08-01-02-02-01.wav,Actor_01,surprised,neutral
-1.9678730519550296,1.0695183058795465,1.726172612132505,1.7002191919566325,0.36824897416887564,1.5510274992015847,0.7080631777506896,2.392390764409859,0.8542346571157223,0.8369730154887288,1.3190413651659552,-0.34243638514094665,0.38802515759197037,-0.3849684724695742,-0.7729992925401694,-0.35900277402565817,0.6272408489603241,data/raw/audio_samples\Actor_05\03-01-02-01-01-02-05.wav,Actor_05,calm,confident
-0.3050796075930485,0.11048921287837425,0.31509946866267613,-0.1469086192861691,-0.010613059203959352,-2.33061306963097,-0.17926517671822487,0.4956900555739875,1.1317582374080273,-0.8780006290153007,0.44681136300988633,-0.4236681751099723,-0.7262605884396064,-1.179785508404177,-0.46422469248506026,0.72217300100101,-0.196990516203788,data/raw/audio_samples\Actor_16\03-01-01-01-02-01-16.wav,Actor_16,neutral,confident
-0.7903205144298117,1.79846873487333,0.3141146306849154,1.0305249613495293,0.450299188407475,0.969827666502187,0.4271921107433228,0.636372088123959,0.8527700511973058,0.9384809588358932,0.2728988795073334,1.835719546626258,-0.8642213840671102,-0.535416030406931,-0.6700640675806546,-1.1119915117382981,-1.3875469325519494,data/raw/audio_samples\Actor_13\03-01-07-01-01-02-13.wav,Actor_13,disgust,nervous
0.46914730182225306,-1.649460669322784,-0.09006797803363889,-1.443348461277154,-0.822021663176133,0.1576565086845985,-0.573843957115228,0.4060012167095278,-0.2920821013039638,-0.8573518142901443,0.30360707052834657,-0.7385717689852148,0.0052196331787424085,0.6304021428920071,-0.0467766983281725,1.9479609901903332,0.7188221117563366,data/raw/audio_samples\Actor_24\03-01-06-01-02-02-24.wav,Actor_24,fearful,nervous
-0.9081667240468617,1.1636982315123756,1.25460959160235,1.175147296630981,1.2168980412468438,1.4946709921594337,0.016708357883804707,-0.978591650308033,-0.10434278776339154,0.9026895322134886,-1.138580278102647,1.6575426019344677,-0.9211945747742059,0.06412117566121013,-0.6465484183681312,-1.0028960533040763,-0.9296406185718875,data/raw/audio_samples\Actor_19\03-01-01-01-02-01-19.wav,Actor_19,neutral,confident
1.3693905043243626,0.060564200688372774,-0.9305901773337074,0.49724035005021594,-1.287554262049384,-0.5708681824917738,-1.2552288944459973,1.3873038990339046,-2.1714888175032776,-0.16129511421880596,0.8313804580273211,-2.0772859123076777,-0.024007090272522062,0.5172443184024176,0.39272422390831907,-0.22890891135621053,-1.112803144163912,data/raw/audio_samples\Actor_03\03-01-08-02-01-01-03.wav,Actor_03,surprised,neutral
-0.11676761656075348,0.9704226597902809,0.0692063108627751,0.2793198674500168,0.023019684212380934,-0.1116120956568774,0.29891672789022006,-0.495333423636315,-0.5021585476821235,1.2049960540557694,-0.18463792017961736,0.20675806515500214,0.0847332644145043,-1.7707439035796837,-0.47520405488890194,0.4786078602203963,0.2609157977762746,data/raw/audio_samples\Actor_05\03-01-03-01-02-02-05.wav,Actor_05,happy,confident
-0.575224376375037,1.8659943501561962,-0.2076932689436872,1.6965203785858998,1.5435042221458835,-0.4396585290468978,0.2954962501685898,0.6099479501101045,0.8045216449161742,0.25670894398088173,-0.1531710186282461,0.33833096458468903,0.5639220488842714,-1.0708604881755768,-0.5960078693263626,-1.2596958097813253,-0.3801530417958124,data/raw/audio_samples\Actor_09\03-01-03-01-01-02-09.wav,Actor_09,happy,confident
-1.711142298433524,1.0610029397865814,1.7110815607064869,0.9387477504064002,0.46026634276128825,1.4219113423680956,0.5039217254183076,1.1181266229152143,1.290179788097763,1.1909729972850875,0.875115570249799,0.009454374478837653,0.4134839451987213,-0.9217461005506482,-0.7501790222956197,0.1962450289781014,0.9935659001443742,data/raw/audio_samples\Actor_05\03-01-02-01-02-01-05.wav,Actor_05,calm,confident
-0.24275041191038396,0.4206300682370644,-0.2707595034715339,-0.06647669512022489,-0.4226914408887417,1.4492836431970149,-1.1686047503859136,-0.21342751980911737,0.41747290865819314,-0.9729204851055653,-0.9666462272221477,-0.42484700948056425,0.7917586617724949,0.45351666496974274,-0.46842155549172637,-0.3305480752552843,-0.10540925340777546,data/raw/audio_samples\Actor_08\03-01-08-01-01-02-08.wav,Actor_08,surprised,neutral
2.20774978237511,-0.5927106124213971,-0.3866369328931994,-0.48572074210929733,-0.918359584025984,0.8975413038365555,-0.4910102584712203,0.9003942962855761,-0.5196348997644561,-0.054713014896219686,0.2546448706186409,-0.40278738039345235,-0.23533794649117576,0.7042702488457739,2.4131781603340112,1.276496845613086,1.6346347397164604,data/raw/audio_samples\Actor_03\03-01-05-02-02-01-03.wav,Actor_03,angry,nervous
-0.8868033593140046,0.9090056402331825,2.002491275367416,1.027842228748098,0.9475175125964386,1.2871836555040446,1.2227529659217615,0.5181331095398204,0.08941518803771718,0.9093233773833647,-0.09299038862240093,-0.3763323155206394,-0.09487127478225804,0.25483938626713065,-0.6409232540001072,-0.7339527283107354,-1.112803144163912,data/raw/audio_samples\Actor_11\03-01-01-01-02-01-11.wav,Actor_11,neutral,confident
-0.6035859888897529,-0.10821334476092058,0.1684601608383441,0.1205625501122232,-0.7608216353973581,0.4992406800032575,-0.6875071479950512,-0.7133479579363983,-1.1791751569124977,0.3344280184444039,-0.8621936626424004,-0.6146541608104618,0.32331553812072367,0.9428099169004671,-0.6044688517775983,0.08716976966597388,-1.0212218813679,data/raw/audio_samples\Actor_04\03-01-04-01-01-01-04.wav,Actor_04,sad,nervous
0.7008343278712259,-0.1318939332573815,0.004182449560337988,-0.04657031997221493,0.4037664029320821,-0.42509182898473674,-0.0520887817525052,-1.5977671263984687,-1.8022251764946147,1.3304219958311314,-1.6134554514282298,1.1732543490728025,-1.4380990233524067,0.19486601023855565,-0.0072623239413807305,0.43455162238781225,0.5356595861643115,data/raw/audio_samples\Actor_01\03-01-03-02-02-01-01.wav,Actor_01,happy,confident
0.2981681224652228,-0.23249921175431057,-0.7562116924502595,0.0228059056093226,-0.40042685141624546,0.9645599971213619,-0.5019635618638711,-0.5428764189904842,0.7682435657627076,-1.7548100652287757,0.15224739313232263,-0.6524110458209212,0.39625941492723504,-0.5190482994027085,-0.14851146566392193,0.6072258725889047,-0.3801530417958124,data/raw/audio_samples\Actor_08\03-01-06-01-02-02-08.wav,Actor_08,fearful,nervous
0.4483140497511044,0.8551502120492978,0.28175892861826796,2.082170109634494,0.18335853786411807,0.0006230593807406115,2.007828171618418,-0.8119044882814341,0.24404756929340685,0.920046459489454,-0.922823492671541,-0.3062319732884409,-0.09816741823016963,0.976901051923824,-0.17317672162850054,-0.4408004558205253,0.2609157977762746,data/raw/audio_samples\Actor_21\03-01-07-01-01-01-21.wav,Actor_21,disgust,nervous
1.358128682107952,-0.39788293072147557,-1.07026446524905,-1.048984764124879,-0.036078604834514874,-1.1075118694538604,-0.8459701329639996,-0.7499551545886383,-1.4755557276625895,0.34488182125340605,-0.9687966503012022,-0.9656355708062406,-1.2754092987270822,-0.08867033724501826,0.6265422601491015,0.40013299675734254,-1.295965669755937,data/raw/audio_samples\Actor_23\03-01-08-02-02-02-23.wav,Actor_23,surprised,neutral
-1.5788458378784131,1.189120546356568,2.0279410624088072,1.0070997469130782,1.644820899043579,1.1089361298505815,0.48837197556096695,0.6124100304159402,-0.1861795360366523,1.335615196073095,-0.2710283531009072,0.4767645464770453,-0.5401727397456727,-1.318903644499437,-0.7251929321843985,-1.7558385285112728,-0.013827990611762946,data/raw/audio_samples\Actor_19\03-01-02-01-01-02-19.wav,Actor_19,calm,confident
-0.009162937820319437,0.37876878776859985,0.7672353186507385,0.21787698736585687,0.9468500084719552,0.48753576921189185,0.6870604257882575,0.4846928976597516,-0.9220972001860763,0.7280362639539362,0.24407848563278534,0.12879642923952433,-0.29554518044340355,0.14521264911211273,-0.2321252956984934,-1.109479051705425,0.9019846373483617,data/raw/audio_samples\Actor_11\03-01-04-02-01-02-11.wav,Actor_11,sad,nervous
1.1119375746961089,-2.452514241263861,-3.6023447037649308,-1.2802865105172776,-1.7411523439873997,-2.6017533624380293,-0.4934094951398076,-1.2975685772557268,1.4752104544311653,-1.1388347422097833,3.5150251772916334,4.116029872257124,5.229891160914213,1.0958117611890903,1.4662437388248455,1.036416290778408,-0.10540925340777546,data/raw/audio_samples\Actor_06\03-01-03-02-02-02-06.wav,Actor_06,happy,confident
0.6128958926988748,0.3679000767059628,0.2573856263550516,0.7229859220882324,0.8162076344155028,0.2694925070295062,0.8386814978406161,0.3202245026326285,0.3249819345955688,-0.7393861976710279,0.8169245215116084,-0.39060135762275505,-0.1744639206729182,0.18816296033149263,-0.1736259149677553,-0.3776353364155986,-0.2885717789998005,data/raw/audio_samples\Actor_15\03-01-07-02-02-02-15.wav,Actor_15,disgust,nervous
0.48528501955542114,-0.15348392464085134,0.6042639508155427,-0.9449655809458749,0.42102289927350445,0.05018146982089329,-1.6597158003493755,0.07269328131226858,-0.6796902847227183,-0.6992169645844102,-0.4758552474366168,-0.8543449492631292,-1.0274871666045982,-0.2789054286057874,-0.033521851975886745,0.7344947338700668,1.4514722141244367,data/raw/audio_samples\Actor_01\03-01-07-02-02-02-01.wav,Actor_01,disgust,nervous
-0.5763044955511007,-0.14943731570590243,0.30960632010157835,-0.39684369742127734,-0.6578378052314751,-0.5459851760046007,-1.6041214519455993,-0.4672885753535003,-0.1705412593350479,-0.7778827104774765,0.015276218011862686,-1.1070835214283505,0.5201562664791828,-0.47210674354491494,-0.5728082453655925,0.8957717026948089,-0.2885717789998005,data/raw/audio_samples\Actor_02\03-01-04-02-02-02-02.wav,Actor_02,sad,nervous
-2.216679030763313,0.5808402819061824,1.641975354751125,1.624944369179989,1.6757114116032672,1.3466962794351143,1.1643434544351454,2.0423125404016624,1.9204005159853492,0.4001123439493796,2.0724745033399468,0.295963357263278,0.6250074751496364,-0.5334716132168443,-0.7567406359579851,0.013247791491706278,3.0999349444526594,data/raw/audio_samples\Actor_09\03-01-02-02-02-01-09.wav,Actor_09,calm,confident
-3.0566296707474843,-0.2842666703037711,1.6197230734584573,1.2186221282536296,2.117439121557258,2.1457702482299124,1.437511840002872,2.2948817833492448,2.2908829165450935,1.062284971386574,2.2945231022446477,1.009163408360703,0.5969103652605049,-0.031696249990287334,-0.7855715652029964,-0.2904572090105293,1.2683096885324117,data/raw/audio_samples\Actor_09\03-01-06-01-02-01-09.wav,Actor_09,fearful,nervous
-0.7740678219306109,-0.6255910251774769,-0.20358878848488562,0.18286430040368262,-1.2463091951906724,-0.101731334683378,-0.9215274172945761,0.12339007311975257,-0.03365208418628171,-0.16102392470168825,-0.2251307652095358,-0.639264395698942,0.3534118456371719,1.0261438535396534,-0.6522496058319983,-0.045752335554589615,-0.3801530417958124,data/raw/audio_samples\Actor_20\03-01-01-01-01-02-20.wav,Actor_20,neutral,confident
-0.3533110831088215,-0.21726538296601475,-0.07627385662782864,-1.3083457180600053,0.27030148006034566,-0.25874602978077615,-0.2932832072138908,-1.104209046230696,0.19748879689894613,0.23159170153541758,-0.482031476573657,0.14856682137257327,-0.3560913075255849,0.6835861321141955,-0.28880866749265516,2.0615531579480497,1.8177972653084855,data/raw/audio_samples\Actor_18\03-01-07-01-02-02-18.wav,Actor_18,disgust,nervous
0.40329894211768397,-0.8978789645924011,-0.01873837871065219,-0.5523039742879994,-1.6963611144528137,0.4507475271509199,-0.09104683956483862,0.5804726162930218,-0.10811482933273871,0.11947568291372686,0.001355958851539501,-0.08977958680939176,0.1187482880343545,1.425968197352125,-0.25669546321403924,0.9003864252041685,-0.2885717789998005,data/raw/audio_samples\Actor_14\03-01-05-01-01-02-14.wav,Actor_14,angry,nervous
1.8303914831025245,-2.067948741761022,-1.6510415584031057,-2.100330300507847,-1.8680020623225215,-0.6718266477855236,-1.701651217226534,-0.7836944507166719,-0.9980058777778342,-0.9268467110982869,-0.3939372895527418,1.798605539213405,3.200876254132236,0.7380073107341386,2.059990313600446,1.2187804593309994,-0.7464780929798625,data/raw/audio_samples\Actor_04\03-01-06-02-02-02-04.wav,Actor_04,fearful,nervous
0.19834574334626048,-0.27575101226874305,0.4202106354366472,-0.12473610982566849,1.0793591681514152,-0.4344650134251965,-0.512369190512156,2.659507477472644,-1.578043823136294,2.8708342772578685,-1.0115698453286384,0.4418774349983506,0.3515191788538254,-0.43213735154633154,-0.30546004056092935,0.9389090366278957,2.000959790900511,data/raw/audio_samples\Actor_03\03-01-02-02-02-02-03.wav,Actor_03,calm,confident
-1.4357920690611499,0.7204802578178154,1.2176323896769532,0.9612800140242088,0.21160153252816305,1.1353247095701435,0.1746405196389831,-0.18984144095392125,0.585484833401196,-0.08948276866846272,0.06687046249058495,-0.7138346309443379,0.9569343879979936,-0.5870615695613843,-0.6664072647483554,-2.0218133542839283,0.07775327218424957,data/raw/audio_samples\Actor_18\03-01-02-02-01-02-18.wav,Actor_18,calm,confident
-0.6986183378706619,0.3026361365849931,0.021892280923697677,0.03369359389340824,-0.5132055746010813,1.0726156349600497,-0.27405024895335695,1.0548131923440887,0.026926050493932013,0.5035059911748091,-0.35635635022789897,-0.2207962089758475,0.5264139492668397,-0.9689108464779699,-0.5646024833075448,-0.6446299958856684,0.07775327218424957,data/raw/audio_samples\Actor_02\03-01-02-01-01-01-02.wav,Actor_02,calm,confident
0.36585110496315487,0.6777711775984605,0.28942941894259916,-0.20098006361101528,0.7712430835815108,-0.4787456542713437,-0.1613665532894187,0.7839651350509494,-0.4535607077267108,0.8511246168198553,-1.2708830030749116,0.46170242884204643,-0.889615534303264,-0.8495886592244376,-0.33335830379262266,-1.0343747409742925,-1.112803144163912,data/raw/audio_samples\Actor_13\03-01-08-02-01-01-13.wav,Actor_13,surprised,neutral
0.34571091961142525,-0.07269071036385134,-0.7677305268569351,-1.3201417484065658,-1.853738085240129,-0.06876918400146707,-1.1067699738110208,0.3599952193292046,-0.8421860907418018,-1.135779818433807,0.27732495207386854,-0.40575527868286154,0.9568709588025477,0.4772331356706509,-0.23903553296203883,0.11136382924179176,-0.10540925340777546,data/raw/audio_samples\Actor_14\03-01-08-02-01-02-14.wav,Actor_14,surprised,neutral
0.9561938683433786,-2.794946245564434,-3.7803008825681443,-1.29832103880509,-1.7974653197477257,-2.3582939051475047,-0.9148214655907485,-1.4537779552471228,1.2984198366263595,-0.893428772036876,3.8486548450362927,4.576690528884186,5.302893936259353,1.5760956658276277,1.0938916714273523,1.4335220537753337,-0.013827990611762946,data/raw/audio_samples\Actor_06\03-01-03-02-02-01-06.wav,Actor_06,happy,confident
1.1422400080705235,0.4683164686881446,-1.1108108718985568,-0.7164508258562352,0.015730273839962436,-0.9763371118956307,-0.574797026067224,-1.2591438514404063,-1.5121655763941468,0.5226183793204098,-0.9851662367685844,-0.9782191496735451,-1.1949941271933833,-0.29002819297609883,0.41374486524853044,-0.09475534779648882,-1.295965669755937,data/raw/audio_samples\Actor_23\03-01-08-01-02-02-23.wav,Actor_23,surprised,neutral
-0.7423403450820341,1.327673621967731,0.5965884856399938,0.9383845687872304,1.087916449986179,1.2066100956236456,0.8407291503026804,-0.22250801263802134,-0.854157805762739,1.1500605608787267,0.7230800438785594,0.6527928414189403,-0.5982694125260081,-1.2252586481152292,-0.6189387909656179,-0.45040016029683444,-0.3801530417958124,data/raw/audio_samples\Actor_01\03-01-02-01-02-01-01.wav,Actor_01,calm,confident
0.8238977003449244,-0.5018721096703918,-0.5676387247400673,-1.469658240550334,0.3440367169400624,-1.8252967450354656,-0.21826038449573557,-1.4292009642310688,-0.3991997040449444,-0.5219326828041907,-1.6273144834321713,-0.5732319635291804,-1.0725675643918702,0.5975982542984597,0.24279346933928372,-0.5035057159715614,0.1693345349802621,data/raw/audio_samples\Actor_22\03-01-03-02-01-02-22.wav,Actor_22,happy,confident
1.1514924048912696,0.7151009333653685,0.025499276260727455,1.3770449770489828,0.6925627701725756,0.601909277003959,1.9273306600242623,0.22560468546624118,1.1454519494632984,0.9431506134931098,1.0099603069449838,0.9338824170873489,0.4370808744884851,-0.7111602998461143,0.46822506525527413,-1.6690123673130972,-1.112803144163912,data/raw/audio_samples\Actor_15\03-01-08-02-01-01-15.wav,Actor_15,surprised,neutral
0.34157095036427493,-1.3310577805962784,-1.1380086117100048,-0.7756458851063196,-1.086341807823557,0.23185356110088923,-1.3839776521131113,0.43305392341193016,-0.49613509088119245,-0.6000085216033205,0.031763317230174046,-1.1534976116084146,0.4928285527308094,0.1512842456331651,-0.14383779860114979,1.3759156820228993,-0.196990516203788,data/raw/audio_samples\Actor_02\03-01-06-01-02-01-02.wav,Actor_02,fearful,nervous
0.014068401164749911,-0.20474895089992542,-0.763342069111192,-0.6847191373885647,-1.390156094669999,-0.34750278442099664,-0.4634264093271027,0.08483882885574144,0.7487468195925386,-0.9481131474892771,0.43530945600073623,-0.5108804605879483,-0.4679260404102475,1.0624802071842512,-0.39169974849934963,0.11516575288942023,0.9019846373483617,data/raw/audio_samples\Actor_24\03-01-07-01-01-02-24.wav,Actor_24,disgust,nervous
1.669067112247355,-0.5050636203028758,0.6015153455177535,-0.3579989140903097,-0.31431040802633947,0.5274502721765454,1.4312055376666988,1.1754103093990078,-1.4983999462329576,1.114261690903302,0.38737931935893455,0.02791736901859044,0.004016169910483214,-0.17134802160157964,1.066886279539853,-0.5794012594636938,-0.4717343045918249,data/raw/audio_samples\Actor_11\03-01-05-02-01-01-11.wav,Actor_11,angry,nervous
0.08272676755569308,0.03628746649930919,0.7347837137756393,-0.5530431420065021,-0.45842961581666825,0.0855665520119907,0.7669143716841167,0.6093790641526527,-1.2813967768779584,1.3414570449303522,-0.43436734058959964,-0.6813781659735169,0.4970552930890479,0.6251562577804436,-0.3898521115036428,-0.2541145972484163,1.3598909513284243,data/raw/audio_samples\Actor_05\03-01-08-02-01-02-05.wav,Actor_05,surprised,neutral
-0.052049403220522004,0.7571893447588305,1.6851823939853736,-0.7307002883722167,0.29858584753407336,1.2967344377893986,0.8573698452714379,0.06239946314857175,-1.2015432019184185,1.2328204814107397,0.12597250623174794,-0.47482404092915326,0.3167306210933237,-1.8201224102686522,-0.3864724371980629,-0.3340396377888206,0.7188221117563366,data/raw/audio_samples\Actor_11\03-01-07-02-02-01-11.wav,Actor_11,disgust,nervous
0.357401776164699,-0.6208301799854504,-0.67887493746146,-0.6165118137237288,-1.191975002274937,-0.18086344922936268,-0.6595933535416532,0.020206901695213553,-0.6827411264790341,-0.5636651149899272,-0.5327893918434587,-1.0311912553773182,-0.5705248783504191,0.9840495634922909,-0.2891280121585798,0.18102297056743136,-0.4717343045918249,data/raw/audio_samples\Actor_20\03-01-08-01-01-02-20.wav,Actor_20,surprised,neutral
-0.7719002696620688,1.0816444114074333,2.0577690836484854,0.9383069658771515,1.2114000008748245,0.9387567049283976,1.282402692611834,0.5811237615952052,-0.026241491145940644,1.4254644098912006,0.06984034115278558,-0.6019690102339716,-0.3566845215248975,-0.21985053022959147,-0.63972729460811,-1.1286247841628596,-1.112803144163912,data/raw/audio_samples\Actor_11\03-01-01-01-02-02-11.wav,Actor_11,neutral,confident
-0.5412468462807649,-0.20841574321093892,-0.8664085720346809,-0.13618590185509313,-0.40804984288888213,-0.5912800368717297,-0.04404830372228402,-0.08879589483826658,0.18520404885909175,-1.3339188293461741,1.101565142202696,-1.124364976297751,-0.1695612667262572,0.6831291894821369,-0.5633966337635806,-0.41564697664083844,0.444078323368299,data/raw/audio_samples\Actor_24\03-01-03-01-01-02-24.wav,Actor_24,happy,confident
-0.2561626718309273,-1.6276868274251532,-0.4478444899807677,-0.7567767213533344,-1.44538503443183,-1.3636626061605723,0.5941838851404408,0.10677748550802241,0.21704888147116927,-0.6278228902704641,-0.2985141637025951,-1.4578218233502067,0.297420538875578,2.461414438000584,-0.3883853730284439,1.2143954262239012,1.726216002512473,data/raw/audio_samples\Actor_06\03-01-07-02-01-01-06.wav,Actor_06,disgust,nervous
0.9223784146368476,-1.1957719745829425,-0.25621066518741004,-2.396349705120648,0.03979885458424138,-2.0510290919095793,-0.6697303151737334,-1.8572504293306025,-0.6409087615366654,-0.6379742031138241,-2.072649241166231,-0.2530487927192715,-0.9096980633040249,-0.28348220274759267,0.3138369672916207,1.14144274828397,-0.013827990611762946,data/raw/audio_samples\Actor_22\03-01-08-02-02-01-22.wav,Actor_22,surprised,neutral
0.9086929067990659,-0.6024753445728799,0.5814401093228796,-1.2813624101964314,0.15567684571556936,0.014724169939249413,0.6425045001561079,-0.0759422016314511,-1.723133428769344,0.5325813120857092,-0.3329353960752748,-1.068108636684859,-0.06300879642080959,-0.44660245609365073,0.25810144995844064,0.13455035903383958,-1.662290720939987,data/raw/audio_samples\Actor_11\03-01-08-02-02-01-11.wav,Actor_11,surprised,neutral
1.1790720134629686,0.12156023979065562,-0.7802607622084239,-0.6459744860625083,-0.3420094015316646,-1.3612316504635473,0.32784429510469254,-1.8974756959660697,-1.8383275609770444,0.6477285208423107,-1.3710665403337243,-0.3124316595620687,-1.8210832972792768,-0.1395163416030755,0.5643445413523299,-0.09447083577186056,-1.3875469325519494,data/raw/audio_samples\Actor_23\03-01-03-02-02-02-23.wav,Actor_23,happy,confident
-0.26700218851357643,-0.29712701012004944,-0.015904630431701098,-1.0864334064344334,0.2309063590653286,-1.0845432848977365,-0.287436109086455,-1.153971255645997,0.40993261068296816,-0.5851744185504384,-0.775281473106985,-0.3103399709746,-0.6590564497333685,-1.120258053275832,-0.4905267771115072,0.058738474750034644,-0.5633155673878374,data/raw/audio_samples\Actor_22\03-01-03-01-02-01-22.wav,Actor_22,happy,confident
-1.6512705786660642,-0.7367038824051383,0.4789178505585252,0.4737265389580913,-0.22463508238601226,1.2235774799009498,-1.2250481861381226,0.7582245543093492,0.4903047530378124,0.0005742132725174077,-0.4657107030951223,0.32835381906835387,-0.19468200692566054,1.7767371089898525,-0.7658989294464688,0.45548056194325753,-0.013827990611762946,data/raw/audio_samples\Actor_20\03-01-04-01-01-01-20.wav,Actor_20,sad,nervous
-1.0272311395818776,0.3451726790451276,1.2082600666482122,0.8830720599229457,-0.5085793422456569,0.32112050480042237,0.6908881169168437,1.799468313484386,0.1819765661408719,0.5602606937699935,1.4437761635182205,-0.7400800965698058,1.4865266087456057,0.3079852586667453,-0.6977202604060696,0.5952746461372154,1.8177972653084855,data/raw/audio_samples\Actor_05\03-01-07-02-01-01-05.wav,Actor_05,disgust,nervous
1.740078658105435,-0.1562938669970221,-0.24038151014769515,1.4424781987694055,0.28089729596690716,-1.3437704578999234,1.6345039347326225,0.44159794225345333,1.0851064761643354,0.43135155907200123,0.25418084590984363,1.5382934188848736,-0.7736339818466247,1.2917414139946102,1.0478463922149397,0.11665271903132446,-0.2885717789998005,data/raw/audio_samples\Actor_07\03-01-05-02-01-01-07.wav,Actor_07,angry,nervous
-0.626475036586633,0.7377384128708062,0.6539156131369053,0.8864547707732898,1.0288151862000745,-0.4613171182861324,-0.6735508252523498,1.2436818213849652,0.042305295842115564,-0.4863306409890498,0.7355078911020821,0.3339114116664649,-0.9211462477681519,-0.7879367652861397,-0.5876020402182824,0.1587723995692576,0.6272408489603241,data/raw/audio_samples\Actor_07\03-01-01-01-02-01-07.wav,Actor_07,neutral,confident
-0.7260121729654376,0.9033901346517857,0.19494439744716294,2.129084948922762,2.1603919622609364,0.4727734562450401,0.7968430730117168,0.732691298410789,1.1460582695650343,0.3985313370222654,0.6243907264450229,1.1018718792064335,-0.015908933868056915,0.7995081150986201,-0.6646593123136111,-0.7965495908763203,-0.2885717789998005,data/raw/audio_samples\Actor_09\03-01-05-01-01-02-09.wav,Actor_09,angry,nervous
0.2699925759840866,0.19679721272504344,1.4646978095511796,-0.5134232187747555,0.17562927639768494,0.9175977846650014,0.8925770013161959,0.8064371362590181,-0.021780802169398643,1.1699359050543043,0.19738337787177462,-0.6945736344593542,0.46793772826270785,-1.1498890608192358,-0.2752327401654936,-0.041286376117150296,0.35249706057228714,data/raw/audio_samples\Actor_11\03-01-07-02-02-02-11.wav,Actor_11,disgust,nervous
0.19690080601945137,1.0696531831126428,0.7479421039648295,0.6591760239084791,0.841342881416691,1.2731584029698455,0.8197702506187308,-0.10274287732519848,0.7166532386544654,-0.11422507428490415,-0.5487393071326508,1.270631368011863,-0.7921275188883308,-1.9239558496312887,-0.14556103416729493,-1.7669345795820375,-0.9296406185718875,data/raw/audio_samples\Actor_17\03-01-03-01-01-02-17.wav,Actor_17,happy,confident
-0.10803128968220042,-0.025166337757724384,1.4057878578319705,1.6065198862690295,0.16692669393916376,-0.5855567382436683,2.195271809713741,1.9473304356456722,-0.3452693257938772,1.6431792683088235,0.3063763940956281,0.6259669967687397,0.837402733676629,1.2191577990376956,-0.475577871992511,-0.4601201279352266,1.9093785281044982,data/raw/audio_samples\Actor_07\03-01-07-02-01-02-07.wav,Actor_07,disgust,nervous
0.5691507735116335,-0.9352564528866061,-0.8573548905084767,-1.6399946234319254,-1.5216970109294683,-1.3588221548037647,-0.4538348245033979,-0.11641424630111351,0.8963072537662806,-0.5394244674358546,2.090529825285145,-0.48782540415718223,0.8136464158800234,1.3531007728006255,-0.05424881878643224,1.081016246704388,0.5356595861643115,data/raw/audio_samples\Actor_24\03-01-08-02-01-02-24.wav,Actor_24,surprised,neutral
-1.21288320549262,0.6550420282852475,0.6261201381055228,0.5516455515574936,1.3908152351968743,0.5808711161023067,1.0546527246513,1.0088021655201338,-0.4611386049923982,1.383796645039891,-0.07949582693518731,-0.0535409283212828,-0.16008470329161748,-0.9678532194612552,-0.6182260531637914,0.8165301438852633,2.3672848420845605,data/raw/audio_samples\Actor_23\03-01-02-02-01-01-23.wav,Actor_23,calm,confident
-0.9104670970374873,2.121067633885514,0.024125395789573838,0.8047480894711143,1.2047276116783803,0.07831679160442018,0.3054240996255486,-0.2356525194521628,-0.08518960826412614,1.015986631855526,-0.21558680141971318,1.6446781637647658,-0.6140541000608736,-1.4698926450128713,-0.6449448519385238,-1.7018043231289572,-1.479128195347962,data/raw/audio_samples\Actor_13\03-01-01-01-01-01-13.wav,Actor_13,neutral,confident
1.3088159171894886,-1.6125404352847195,-0.9858336637054586,-0.9953995505334966,-0.9724120315270212,-1.1786629028448543,-0.21123387072125463,-1.9954944111387563,-0.24112850177732817,-0.18815114216297502,-1.3606612984740147,0.014712677919933656,-1.5035026186305884,0.9354469408001697,1.4192852291946543,1.1711318932124246,1.1767284257363992,data/raw/audio_samples\Actor_22\03-01-05-02-02-02-22.wav,Actor_22,angry,nervous
1.0482324850575864,0.5389693673496396,-0.8973833649412984,0.24262830619737485,0.10041480770599209,-0.8517606626578975,-0.6463903708144535,-1.2459841445299558,-1.1739523883574552,0.8186961593888221,-1.0422514001261076,-0.11752415740663097,-1.1569114798827274,0.5497740414167298,0.2135498049873335,-0.41178303238255065,-1.295965669755937,data/raw/audio_samples\Actor_23\03-01-08-01-01-01-23.wav,Actor_23,surprised,neutral
-1.269075147633717,0.3248821217839763,0.5382334123949075,1.1187407160727656,-0.137982228551229,1.3517809495146604,-0.41215658496249225,0.34799362563901226,0.13648293874669312,0.5968561145771852,-0.8040840291485716,0.47187532047272074,0.05108522399687648,-1.3819915782472296,-0.6868813517782697,-0.7452278073226868,-0.5633155673878374,data/raw/audio_samples\Actor_08\03-01-02-01-02-02-08.wav,Actor_08,calm,confident
-0.3343744758422291,1.1552097240892045,-0.08032393320909333,1.667140692859086,0.297049309251826,0.003738963483839939,-0.008134819602493371,1.661867876930261,0.4520872192086962,-0.9348321544589021,1.13548781919669,0.4261527418018649,-0.3525583617480088,-0.6426561033822418,-0.5441770044169456,-1.1937131199095956,-0.4717343045918249,data/raw/audio_samples\Actor_07\03-01-03-01-01-02-07.wav,Actor_07,happy,confident
0.2662721329824605,0.19613538006827055,1.4966673901379932,0.3749054412052735,0.5983501124290347,1.0545608507684607,1.2962025642125259,0.7147390905464034,-0.7543748404484807,2.0567706318198478,0.3257829921506135,0.19692442349413883,0.4270069892590182,0.2933176297970765,-0.33956492738765376,-0.26381435498264794,0.2609157977762746,data/raw/audio_samples\Actor_11\03-01-07-02-01-01-11.wav,Actor_11,disgust,nervous
0.709219294205236,0.8976742010007241,-0.4826679008147507,1.1323188972492906,0.7477555685626427,0.8594707312458353,1.5370545493376835,-1.6434624159277673,0.5323845414989624,-0.08315406108711966,-0.27432112064489167,1.1086832091622523,-0.6143662925199823,-1.0218913929001563,0.04031771620278914,-1.338657403119963,-1.2043844069599243,data/raw/audio_samples\Actor_17\03-01-04-02-01-02-17.wav,Actor_17,sad,nervous
0.31066555772066545,0.41841831516793715,0.10968745111557227,0.5582061015755734,0.8001564887244383,-0.04144001318217969,0.6789446903543526,-1.5333808596179956,-0.7061387359486245,0.616034233664687,-0.960430224538639,2.280998483656572,-0.6671642715390445,0.13221710880860016,-0.26970154075247516,0.2042598881791285,-0.196990516203788,data/raw/audio_samples\Actor_13\03-01-05-01-02-01-13.wav,Actor_13,angry,nervous
-0.8329334393561194,0.4236560477198395,1.5306238076349874,1.002630595321628,1.3301594137312478,0.8977367068060994,1.8142413307843617,0.9264758733054052,-0.1653878854436104,1.5830943195457885,-0.023533844424750074,-0.2480149061901173,-0.31048052084687044,0.6535969182863639,-0.6727569806281287,-1.0738230749833515,-0.838059355775875,data/raw/audio_samples\Actor_11\03-01-04-01-01-01-11.wav,Actor_11,sad,nervous
0.23866531664170032,-0.44082089351820586,-0.44253636937229957,-1.130166397071278,-0.8237941974355949,0.1421234538149573,-1.1078323862172244,0.2207632312609577,0.7239627678301741,-0.849886262262883,0.7518497566128348,-1.4520338345128425,0.510226214501484,-0.37313664335162605,-0.28834497086686695,1.6573611501595473,0.8104033745523491,data/raw/audio_samples\Actor_02\03-01-07-02-02-02-02.wav,Actor_02,disgust,nervous
0.3250529089775632,0.45933983413567303,-0.412527154010288,1.1409114794677895,1.4752798435158967,-2.011229120230644,0.9206051180851137,-1.7772697578602823,-1.8432717415007411,1.9971704449547356,-2.3363779857258797,0.1686399611424445,-0.3824698788750582,0.2432757526236772,0.045827671365110643,-0.4428911651419334,1.6346347397164604,data/raw/audio_samples\Actor_21\03-01-04-02-01-02-21.wav,Actor_21,sad,nervous
0.26183346338895014,0.47212514484176576,0.4145587480449511,0.5595596256655349,1.3908132862298068,1.5047363327793457,1.6685993684947176,0.24811301043387213,1.5178126348798753,1.3223609755622832,-0.004629718840147919,1.6510014330501754,0.10598035344365099,-0.9403273626971046,0.10938733728508575,-1.7075434906942033,0.1693345349802621,data/raw/audio_samples\Actor_17\03-01-06-01-01-02-17.wav,Actor_17,fearful,nervous
-2.3690524844323337,1.7150179719970342,1.2966581522950047,1.8614612251369727,2.557220531451119,1.7563743268936194,-0.17520893670593218,0.8306979429187595,0.924905110068271,0.5435221255627223,1.4578637239248102,0.7402858017470574,-0.24832836653600027,-1.7801984829138617,-0.7960843201101611,-1.4080702434044396,-1.0212218813679,data/raw/audio_samples\Actor_09\03-01-04-01-01-01-09.wav,Actor_09,sad,nervous
-0.6457156102194037,-0.10913237837517778,-0.1176512003532048,-0.5849200893796586,-0.35202298917105557,0.357438725393529,-0.5748391548937137,0.48812431940153594,0.0024420991086310942,0.00958764845127008,-0.6477481989857655,-0.47745629759601715,0.2711614560485732,-0.9087721444719665,-0.5534532520113118,0.6334190791307099,0.35249706057228714,data/raw/audio_samples\Actor_02\03-01-02-01-02-01-02.wav,Actor_02,calm,confident
-1.6508136051684987,0.5528491688498398,2.691052034497768,1.499267491012494,1.7193638289070343,1.767714696965392,0.11040363397551513,1.0425334145383567,0.401855198011439,1.5995305193425575,-0.11215726066549087,0.2995326006505631,-0.0759017167309202,-0.8791916531994437,-0.727883725913594,-1.0134415488162045,-0.2885717789998005,data/raw/audio_samples\Actor_19\03-01-02-01-02-02-19.wav,Actor_19,calm,confident
-0.7390950140906808,1.8314432989447205,-0.39596573738399454,1.410719725172303,0.8043190378797748,-0.2762236439381158,1.7786180807675183,-0.18188575525189232,-0.33470859354220717,0.084825296288866,-0.5868151257962785,0.5406853144563843,1.019755108682147,0.35526940668887624,-0.6094344400384484,-0.5300256276763111,-0.10540925340777546,data/raw/audio_samples\Actor_09\03-01-07-02-02-02-09.wav,Actor_09,disgust,nervous
-0.2501245949959378,1.4159256640117759,-0.6891014059316136,0.549598904142343,1.2754529253650766,-0.032365683086449035,0.08116431344501901,-1.0377502016123084,-0.37264388034862367,1.6095966828104173,-1.2890052771566651,2.1996668435327535,-1.769441541880056,-0.8562035352768722,-0.5190514733765708,-1.4607382226129448,-1.295965669755937,data/raw/audio_samples\Actor_13\03-01-03-01-01-02-13.wav,Actor_13,happy,confident
-1.1866063517126362,1.2605546819785942,0.772655943922066,0.8308361184287434,1.334646346229939,0.9093373498078194,0.6742301874281587,0.49515984044979283,-0.4704446817260863,1.3952168719886713,0.8025134206300966,0.2527785649619714,-0.31249901907223,-0.16513130561145137,-0.7095142496041627,-0.46045999145336874,0.8104033745523491,data/raw/audio_samples\Actor_01\03-01-02-02-01-02-01.wav,Actor_01,calm,confident
0.0953564384199063,0.30700446567334466,-0.9864143977136626,-0.17844139775312517,-0.5309670243750603,-0.7547937642912503,-0.6924396675983292,-0.5841343980516595,0.8767368861666324,-1.630634196512149,0.3539565235285084,-1.620798057592853,-0.1481302934390751,0.2276441814578365,-0.4180357762635286,-0.5055451894361267,-0.4717343045918249,data/raw/audio_samples\Actor_12\03-01-08-01-01-01-12.wav,Actor_12,surprised,neutral
-1.9998951333567745,-0.10514882892583231,0.4513381882242344,0.5375506643380258,-0.09535045452764966,0.01582712254900348,-0.7828979178583054,0.8556253185078216,-0.4230563276712544,0.1634077769111005,-0.17104983039525395,0.27865580239959825,-0.18936567380717753,0.11564869043733271,-0.7804280350642637,-0.39288256603995575,-0.013827990611762946,data/raw/audio_samples\Actor_20\03-01-02-02-01-01-20.wav,Actor_20,calm,confident
0.24097856212521512,-0.43661488421687056,-1.3257907149990904,0.6097072728495109,-0.8466442976461126,-0.4884442848418112,-0.5236744611006615,-0.10772314417471675,-0.221298408877623,-1.7308522764852512,-0.036665141054219585,-1.6424050408427824,-0.05093187760792041,-0.41837626011956097,-0.09876328631881978,0.2502416107209101,0.07775327218424957,data/raw/audio_samples\Actor_08\03-01-03-02-02-02-08.wav,Actor_08,happy,confident
1.280656461324464,-0.9673408856079743,-1.0056144024004947,-1.224967437740182,-1.6210207493270288,-0.55280256331399,-2.0935484978174688,-0.12948208204122516,-0.30306021091419016,-0.5776420111962318,-0.0892470952702388,0.8565295965861308,1.2082362164311995,0.7116134776765451,0.7484371404907434,0.9689876936187631,-0.6548968301838499,data/raw/audio_samples\Actor_04\03-01-08-02-02-01-04.wav,Actor_04,surprised,neutral
-0.7536950540369065,-0.059203570938357576,0.6205008839121814,-0.25048118155039556,1.2250201841283652,0.7854413470335652,0.1529928136419272,-0.1733093244402982,-0.8234056236721542,0.6338981897459409,-1.0130689464527993,0.31573720787613424,0.06272055479194744,0.008684619996561905,-0.5512359514353694,1.0915759251465982,0.7188221117563366,data/raw/audio_samples\Actor_23\03-01-04-02-02-01-23.wav,Actor_23,sad,nervous
-0.050149832849400014,-0.7957690167028795,-0.713118892230671,-0.20995374078709378,-1.9936763825537993,-0.09139888657817911,-2.00552835764325,0.2415321510899205,0.359736927055017,-1.7792783855598815,1.3632860608868214,-2.2030528388050024,0.0803127931707469,0.3670837847314292,-0.3502799282423585,1.3247699804167232,0.444078323368299,data/raw/audio_samples\Actor_14\03-01-04-02-02-02-14.wav,Actor_14,sad,nervous
-1.6487528360796055,1.3686722136400933,0.8504174496539966,1.8875425285090615,1.3463011009099484,0.8917114747844871,0.9667772586971402,0.8127080701098433,-0.005937495779869798,0.6728877301998254,-0.06444599905516345,0.8300701356012071,0.7882593032641263,-0.3116271134494469,-0.7526632463275339,-0.43915471493481195,-0.4717343045918249,data/raw/audio_samples\Actor_09\03-01-07-01-02-01-09.wav,Actor_09,disgust,nervous
-0.7986428736393154,-0.52535446950609,0.309121386209943,-0.9580211711921095,-0.3362192597203743,-0.8668666627864132,-1.5855564270795928,-0.10843956047869817,-0.6822308864433624,-1.0588261766862377,0.935485847756759,-0.8173417361722815,-0.19692003057602028,-0.3177859653474753,-0.5352010531579513,0.407390492059866,-0.4717343045918249,data/raw/audio_samples\Actor_24\03-01-01-01-02-02-24.wav,Actor_24,neutral,confident
0.5938598161690479,-0.4506485391842606,-0.6577152978032157,-1.366757428476479,-1.749173061511465,-0.5621861978595417,-1.7980706964347997,-0.8691160860731735,-0.5548636685181543,-1.1303183459980832,-1.5324731360935477,-0.5759242286634567,0.2692079576463563,0.5630510951206966,-0.06061610202735868,1.6272052204282486,-0.2885717789998005,data/raw/audio_samples\Actor_04\03-01-08-01-02-01-04.wav,Actor_04,surprised,neutral
-1.3380512305536973,0.5711443021105311,1.875335812594347,0.4499130512948782,1.6661456760805897,1.1683734759947617,0.5712322919635294,0.49049128734002556,-0.925105648111535,0.6585898372578288,-1.0479563730004473,0.7867023666615611,-0.20336842381131776,-1.474758739615176,-0.6507026737149461,-1.7375256936643675,2.092541053696523,data/raw/audio_samples\Actor_19\03-01-02-02-01-01-19.wav,Actor_19,calm,confident
-0.43151791365696157,0.6958762565761527,0.6964357805968323,0.49147794596229877,0.9138255137427593,-0.3896320098813296,-0.1032147936230532,2.455847757655316,-0.9863998095480387,1.9516672507741495,-0.5427414563252262,0.16015220611237752,-0.02929648108512999,-0.24893045118156767,-0.6087544367671429,-0.6897809027619455,0.35249706057228714,data/raw/audio_samples\Actor_03\03-01-02-01-01-02-03.wav,Actor_03,calm,confident
-0.503470760557562,0.49305447133671465,0.47889060297891994,0.7830751487442474,0.600641824161407,-1.327567010127729,-0.516957211211548,-0.12200743468121432,-0.9199951727394171,0.043690186060599955,0.09595830333365794,0.2632126909435141,-1.2710330466938642,-1.366645653631279,-0.49613883404921333,-0.6753058667160237,-0.5633155673878374,data/raw/audio_samples\Actor_07\03-01-06-01-02-01-07.wav,Actor_07,fearful,nervous
1.3740538574301202,0.03525165605986048,-0.6658884763047208,-0.44620273736612126,-0.20630521807636018,-0.5351681975802703,-0.2868729232741543,-0.8763752497149198,0.21237521396341716,-1.4084199745911137,-0.8047893467059434,-0.08531473549120239,-1.2741962908751272,0.9031257122129475,1.018010476284266,-0.28787846039739257,-0.5633155673878374,data/raw/audio_samples\Actor_10\03-01-08-02-01-01-10.wav,Actor_10,surprised,neutral
2.394872823155097,-1.7814755564625058,-1.4838794375172344,0.2530118989114056,-0.9939993378472909,-1.5671151423695362,0.7715843521004977,-1.6483859059469546,1.0672499674975622,-0.49996402236999604,-0.1687280194886904,0.4167128749663527,-0.5867401595092256,2.68797991290121,4.41959359630078,2.2696152598681096,0.2609157977762746,data/raw/audio_samples\Actor_07\03-01-05-02-02-01-07.wav,Actor_07,angry,nervous
-0.355631349952094,0.542981235179094,1.8072944530037611,0.6621736949866479,0.5637000765881668,1.336927104823744,0.973095146460598,0.7681743585286381,-0.995081712825627,1.4028575849725289,-0.019104276607161606,-0.3678143718046098,0.06653210575942471,0.6904471601774678,-0.5003733170831552,-0.7938359018535208,-0.196990516203788,data/raw/audio_samples\Actor_11\03-01-07-01-01-01-11.wav,Actor_11,disgust,nervous
-1.7715862590212386,-0.4768669800341961,0.8224757299711062,-1.0113717976532322,0.5961620036828925,-1.1698105441778188,-0.8268917108988165,1.4692136974332217,0.09477081583053493,-1.0738472315442864,0.8292706521760236,-0.6077922909363919,-0.12008250730049745,-0.599727835626519,-0.7500798739477158,1.6025420923504505,0.9019846373483617,data/raw/audio_samples\Actor_06\03-01-07-01-02-02-06.wav,Actor_06,disgust,nervous
-0.6274937188648168,0.3388311135531025,0.7293874150703581,0.3559744699678651,-0.06430552906835256,-0.26099130950339877,-0.9219753233180278,1.471935464678574,0.2671161218853931,-1.0521096474310425,0.19763539752530582,0.465827142513941,-0.8753919298814571,0.2891564667929728,-0.5502181339372368,-0.32221593739116344,-0.6548968301838499,data/raw/audio_samples\Actor_16\03-01-04-01-01-01-16.wav,Actor_16,sad,nervous
0.09369910496042592,-0.3712083303981358,-1.0258889749503537,0.4757964672462655,-0.4106317797523175,1.2481033750401187,-0.14997683355326802,0.20566372382446943,0.3550516517126254,-1.1363776266118373,-0.21472166652107774,-0.34006254608528586,0.4116185227650377,0.7365469312668557,-0.11688320226179115,-0.6924802733339054,0.07775327218424957,data/raw/audio_samples\Actor_08\03-01-06-01-01-01-08.wav,Actor_08,fearful,nervous
1.6790137460141465,-0.45412221182061363,-0.5809213949280266,0.8616654265158331,0.005004390025935831,-0.5945225551945598,1.3719440664116618,-2.0181970961613986,-0.28923035914613715,0.3438738860333521,-1.5122139378333594,0.12781646514336414,-0.16480963467351492,1.3510603746958652,2.5251582399305317,0.8480706989785368,0.9935659001443742,data/raw/audio_samples\Actor_21\03-01-05-02-02-01-21.wav,Actor_21,angry,nervous
-1.736574833702641,1.4766826025644793,1.6817397056610393,1.6303626043617059,2.037678704276368,1.0685639449394773,0.7609737284124073,1.989760233161002,1.1584281837829495,-0.2889813738206155,1.4974716320276313,0.1795295304870582,0.3293365998049888,-2.4589741337692304,-0.7470121820176547,-1.9126914446183914,-0.9296406185718875,data/raw/audio_samples\Actor_09\03-01-02-01-01-01-09.wav,Actor_09,calm,confident
-0.5868850995926838,0.027426149061714228,-0.41818041062708994,0.21616907665320126,-0.6046843444347161,0.2790760931394521,-1.1255471747668027,-0.3628534077609114,0.1132879616948298,0.535104827178826,-0.9688349775368899,-0.1530767149850526,0.6595088194722836,0.06120776454786348,-0.5998478697756491,-0.5482946114376425,-1.2043844069599243,data/raw/audio_samples\Actor_04\03-01-01-01-01-01-04.wav,Actor_04,neutral,confident
-0.8003929475589291,0.4927184460222261,0.35364831280534004,0.7041855824161236,-0.45555116241970556,0.9614375150503252,-0.7945695177426052,-0.05310740988941615,-0.40056526485257904,0.07923448918428817,-0.4813738872720472,-0.08395132589604899,-0.35539370719319574,-1.49832205416755,-0.5881875338102055,-0.5079448451409933,-0.4717343045918249,data/raw/audio_samples\Actor_08\03-01-01-01-02-01-08.wav,Actor_08,neutral,confident
-0.5009249325320725,0.1298957695728258,0.6244049326359132,0.20999628250914956,0.057974032455046905,-1.03149743179666,-1.138390722006179,-0.37532463972089003,-1.1190998181131326,-1.2379459410789526,0.31713296894914134,-0.555043741367364,-0.8269171640064688,-2.5806508384846367,-0.5171913758107436,-0.2204456690962069,-0.7464780929798625,data/raw/audio_samples\Actor_07\03-01-06-01-02-02-07.wav,Actor_07,fearful,nervous
-0.42351765932634367,0.6870969748582547,0.6913813317596309,0.9156282914356605,0.5981751157017985,1.2283667449868616,1.3961653649705725,-0.3952857191371886,0.5016916603027312,-0.03750329896669461,-0.49628932877536747,0.13283411987395596,0.461754891925677,-0.37745808070606995,-0.29189756111682114,1.1267221104683467,1.0851471629403866,data/raw/audio_samples\Actor_21\03-01-06-01-02-02-21.wav,Actor_21,fearful,nervous
-1.2356979437987308,0.32838425877146976,0.36324785874038745,0.6347952589725884,1.274835239574236,0.629680058067893,1.2230252713366174,0.6049561714229403,-0.11544000385078755,1.722005831651978,-0.20287252439866924,0.16593051120628116,0.23786100762198864,0.23282255846195013,-0.5783378957186642,2.2831509934098237,2.3672848420845605,data/raw/audio_samples\Actor_23\03-01-02-02-02-02-23.wav,Actor_23,calm,confident
-0.7808589395996166,2.02043841613942,0.955457159992759,-0.24295188853816269,1.2710292552261495,0.26942523447797656,-0.031682344179567945,0.46084875246354257,-0.732525110493633,0.854926048695941,-0.31689219374072974,1.549594685665751,-0.3577855315403222,-1.4257866592873853,-0.6114039420908373,-0.6321714659364592,-0.6548968301838499,data/raw/audio_samples\Actor_13\03-01-04-02-02-01-13.wav,Actor_13,sad,nervous
-0.36716188545756623,-0.7995036855435356,0.6141950317895397,0.12302521379448897,-0.57939906116172,0.2236067487021308,-1.2475047656037805,-0.1582361936415228,-1.308381964283822,-0.3894030586530508,0.5626169248513242,-1.3721850675622331,0.6055355880747463,-0.8194759101523611,-0.4635620012353563,0.1212982063574129,-0.4717343045918249,data/raw/audio_samples\Actor_20\03-01-03-01-02-01-20.wav,Actor_20,happy,confident
2.040673455095079,-1.1659553478067937,-1.1246055409944093,-0.0972208986825947,-2.1879863476587524,1.615463966852934,1.4287390384967273,0.10247384647508814,-0.057909935140345335,-0.34691467505227386,0.1327148455135208,-0.9990382758523451,-0.3192151439210665,1.82950181316373,3.4833630087965943,0.43783841106889526,-0.3801530417958124,data/raw/audio_samples\Actor_08\03-01-05-02-01-02-08.wav,Actor_08,angry,nervous
-0.6439061472985059,0.26716955506401585,0.4525976927582173,0.6612244820581981,1.284088768523681,0.43363837250258275,0.31267964102040074,0.27562473769172713,-0.6765034294257365,0.416750659555018,-0.23413718349254395,0.45221238715004064,0.13856640790324262,0.05848952993564739,-0.43925639954058876,-0.4725594459374811,1.3598909513284243,data/raw/audio_samples\Actor_23\03-01-04-02-01-01-23.wav,Actor_23,sad,nervous
0.1906617427613969,0.32685477430352394,0.7944230288882866,0.8394949217971762,1.193954247436382,1.616547558776915,1.406957812843899,-0.29235133752429737,1.6061139692133937,-0.49957978657277097,-0.023234337567253682,1.230606273604569,-0.22808804986047307,1.1225890586665521,-0.2487047311037507,0.44590617807030447,-1.0212218813679,data/raw/audio_samples\Actor_17\03-01-07-01-02-01-17.wav,Actor_17,disgust,nervous
-1.66343918023952,-0.8357303382254782,0.8424671239486687,0.21750572211022054,-0.18487150403798666,-0.26620348602705,-2.1220869478709097,0.7811469701359898,0.11149051373533958,-0.9103500983969873,0.4864731819704134,-0.5968397618882635,0.2506560053360824,0.44447608943737477,-0.7397436608065587,0.22833470094610148,-0.9296406185718875,data/raw/audio_samples\Actor_20\03-01-06-01-02-02-20.wav,Actor_20,fearful,nervous
0.11960353411659363,-0.5939195445041923,-0.30565630477118744,-0.7443360510595886,-0.1777533292282878,-1.809291849260019,-0.10618736532123181,-0.8219061516528365,-0.03968992460839635,0.2572491958001689,-1.7115172507718046,0.009179571358858482,-1.4606281070346503,-0.05065959884013341,-0.19455129763256615,0.20533463392077875,0.9935659001443742,data/raw/audio_samples\Actor_22\03-01-07-02-02-02-22.wav,Actor_22,disgust,nervous
-0.8544828701225563,0.5451929882482213,-0.9644962073468084,-0.418054706825899,-0.7643186977800883,-1.381774131157153,-1.2187824806711123,0.8582430880354118,0.739661102458826,-1.4036790810247193,0.22971228064842325,-1.6602678892243259,-1.203253937433099,-0.5053211916490759,-0.6456730122492697,-0.6118208504259095,-1.0212218813679,data/raw/audio_samples\Actor_06\03-01-08-02-01-01-06.wav,Actor_06,surprised,neutral
1.0345539985795624,-1.5651245191549892,0.3148557465938448,-1.627859145022861,-0.7308048071624728,0.31783581283918544,-0.35002614062350823,1.8436028828307092,-0.7767797277121699,-0.32049162651643,0.11181830630265191,-1.4405468857938655,0.5727027034317339,1.6458526658093455,0.22025345553096096,1.8214888361977946,-0.10540925340777546,data/raw/audio_samples\Actor_24\03-01-08-02-02-01-24.wav,Actor_24,surprised,neutral
-0.6237200305516944,1.6813993837347125,0.4414626977895326,0.6854799182943111,0.6832322100094002,0.7314108980933527,1.5401551830936573,1.1130563849073958,-0.21342791847575296,0.35834368833195285,1.298921886553474,-0.45102010833744155,0.8967904171171283,-0.2241705898675568,-0.5820021714885082,-1.2274035242104637,0.07775327218424957,data/raw/audio_samples\Actor_15\03-01-02-02-01-02-15.wav,Actor_15,calm,confident
1.3904272295501572,-1.2157859167394214,-1.4305378960991046,-0.5405992243644193,-2.02535496165693,1.4691042502248128,-0.9133396798663069,0.9120285170598266,-0.11984000403970392,0.05355238000370699,0.23876160615125785,-1.0523260408508879,0.4861500625379374,2.140177797558629,1.1327621135101675,1.1767210465784497,0.1693345349802621,data/raw/audio_samples\Actor_02\03-01-05-02-01-01-02.wav,Actor_02,angry,nervous
-2.4978487971482175,0.5791438065782127,1.9799604936882296,1.4793977832394962,1.502968032221338,1.5756392694789148,0.7532520890008466,2.1044389856026817,1.8644854661266879,1.6622998918151524,1.2350005093050702,0.21256582112584282,0.7139011970342029,-0.8812664942161682,-0.7902453429129076,0.46578211421162485,1.3598909513284243,data/raw/audio_samples\Actor_05\03-01-02-02-01-02-05.wav,Actor_05,calm,confident
0.9867856402511429,-0.046700860149228265,0.6639118007646827,0.736826271762641,0.3279626623378513,-0.6634428643664523,1.135675553987582,-1.6829866898863903,-0.21512998031581493,-0.7117967060127,-1.4758695942259865,0.02220841797308962,-1.0124195310220585,0.715416434396221,0.23481291676578744,0.4127439723251902,-0.3801530417958124,data/raw/audio_samples\Actor_21\03-01-08-02-02-02-21.wav,Actor_21,surprised,neutral
-0.4253063507246249,0.13747108222299922,0.34828291294661284,0.6562738044097074,1.0854311237622134,1.1417752935255783,0.31120455760926435,0.4487785348091311,-0.9678946500347302,0.9641722378323406,-0.34703945723064106,0.10913157453917353,0.4408153438813063,-0.29135493394496054,-0.5074323662373996,1.4872253043110182,-0.2885717789998005,data/raw/audio_samples\Actor_23\03-01-04-01-02-01-23.wav,Actor_23,sad,nervous
-0.23905717667781903,1.7637431023081929,0.4967684382627605,1.2625041164778261,1.0129924970609891,0.8694345332330121,0.9157687288040985,-0.783487014108218,0.2630493422538973,0.7054155361661384,0.17343223029213772,0.3975039862437993,0.7074306639892568,-1.3336367149018378,-0.4103373568719639,-1.0016048339520514,-0.196990516203788,data/raw/audio_samples\Actor_21\03-01-01-01-02-02-21.wav,Actor_21,neutral,confident
1.503369458211419,-1.413950350248159,-1.317139403090642,-0.6749498040423553,-1.4972644862296007,-2.212898234040247,-1.1604237152709498,-1.0989104714819984,-0.4792398875635245,-1.1192559773811699,0.6280030684085854,-0.5810221201255784,-0.08927186622581385,0.6188793815040845,1.5446167756298033,0.7161461927527284,-0.4717343045918249,data/raw/audio_samples\Actor_07\03-01-06-02-02-02-07.wav,Actor_07,fearful,nervous
0.16238526423374341,-0.32592242355989864,-0.5912215277088719,-0.7360012350410764,-1.0938211911964688,0.7997371841039221,-1.2595436522572039,0.1478374162555229,0.599026129540767,-0.6853459429049588,-0.26599639684317106,-0.8746349434024303,0.2330680559790702,0.8875850703346924,-0.39081263080638606,0.5094372263733556,0.7188221117563366,data/raw/audio_samples\Actor_02\03-01-07-02-01-01-02.wav,Actor_02,disgust,nervous
-0.84538582088645,0.7231629134345275,0.6915212437450245,1.1792508091777758,1.051202817040871,0.4535492749696912,1.4821289481807645,-0.1248268290157284,-1.3696026935490198,1.8591343121885386,-0.593995576718695,0.07916469241489839,0.5281298600255437,0.05477382859294755,-0.6479197960321088,-0.3486816742197797,0.6272408489603241,data/raw/audio_samples\Actor_05\03-01-03-01-01-01-05.wav,Actor_05,happy,confident
0.1343735494802876,-0.14205059762841332,0.051479135981408686,-0.09267420885015702,0.2073947725935542,-0.1460279306006924,-1.3921115795402732,-0.14798037571859876,0.3601594774703148,-0.8670666226261221,-0.5691997836431487,-0.6350285111150188,-0.24430985516509682,-0.20510896390890615,-0.018725980361510065,-0.22662168649978495,-0.196990516203788,data/raw/audio_samples\Actor_10\03-01-02-01-02-01-10.wav,Actor_10,calm,confident
-0.03362828078280948,0.723678775059811,0.6460887801259108,0.03623373114756955,0.29912868615103355,0.9799963651927747,-1.0784827647591915,0.23608235773603,-1.2612955401017305,-0.24551398512308095,-0.8749747110111518,0.6940413000457232,-0.19555430938493484,-0.7339803363583004,-0.3768967273775269,-0.4851010638721145,1.1767284257363992,data/raw/audio_samples\Actor_19\03-01-08-02-01-01-19.wav,Actor_19,surprised,neutral
-0.8004248362344955,0.7113121092720298,0.8497045654552173,0.21836381628841922,-0.19172844887580495,-1.0962490820819448,0.19854958614520546,0.6932101659019845,0.5435445912999501,-0.8348180440105527,0.5695246256656866,-0.2866245139818702,-0.4083567229379322,0.36484086230431934,-0.5916307876641451,-0.1557838778478394,0.2609157977762746,data/raw/audio_samples\Actor_16\03-01-01-01-01-02-16.wav,Actor_16,neutral,confident
1.493663891129643,0.11652102784157886,-0.41878186557522834,1.6164178787732408,-0.028815864537759573,-0.6384154224981862,1.7542737947594578,-2.3501752466624377,-0.3744617681908485,0.72666811527118,-1.936703259337467,0.40566084161141236,-0.5756510447000798,2.043505728451593,1.5743118803090628,0.8687780570486648,0.6272408489603241,data/raw/audio_samples\Actor_21\03-01-05-01-02-02-21.wav,Actor_21,angry,nervous
0.5426468957661497,-0.09028839403608635,1.2372880952994119,0.3612861304864066,1.3250369470064642,2.012287650275273,1.831322439547769,1.5801331031693269,1.6799945779040932,0.8023316847217906,0.43572334193580364,0.7835915793575348,-0.09395608210511082,-0.26927656813707057,0.21817962173776972,-1.6965249286532296,-0.10540925340777546,data/raw/audio_samples\Actor_17\03-01-08-02-01-02-17.wav,Actor_17,surprised,neutral
0.7364481273457051,-0.49630141719566206,-1.0640392376647212,-1.5356445123432532,-2.1109500392600253,-0.307130856097294,-2.232059653550237,-1.4890625199896412,-0.5974447387947651,-1.5392694635985507,-1.9184074279620336,-0.5907031582863213,0.4387401822413485,-0.27689763645768656,0.061860612039299455,0.4804466768524778,-0.838059355775875,data/raw/audio_samples\Actor_04\03-01-08-01-02-02-04.wav,Actor_04,surprised,neutral
-0.14348857134541365,-0.8685894392109604,-0.9209959257357356,-0.11968422504861644,-1.3206019050365594,0.018299598752867206,-2.3278613709664313,-0.4347120865931146,-0.6584683872153242,-1.2332592611049538,-0.17645336799772304,-1.4094160177056378,-0.25106935350186677,1.4558435199510615,-0.4775236955571439,-0.369764670802413,-1.3875469325519494,data/raw/audio_samples\Actor_20\03-01-08-01-01-01-20.wav,Actor_20,surprised,neutral
2.286133755978805,-0.5982798451858119,-0.4746604898327204,-0.09282398246660951,-0.36574727333771984,-1.4813783747963922,0.2657307022963044,0.6099096145730896,-1.1873286513697614,1.1882631381625035,-0.25599817094232075,0.14980129884050966,-0.025273741101196835,0.972778005742294,2.139471319787904,0.7596223078761974,-0.3801530417958124,data/raw/audio_samples\Actor_05\03-01-05-02-01-02-05.wav,Actor_05,angry,nervous
-0.7974606521901079,1.405428887137374,0.3258847635393411,1.775397528448411,0.8104187919155911,1.041080588417828,0.7736596755417791,-0.6551329302574288,-0.8740301663211856,0.4559069128832759,0.5985291228500237,0.2911091272318482,-0.4593600785871798,-0.4689687646455616,-0.6504545517612937,-1.2469650539558952,-0.7464780929798625,data/raw/audio_samples\Actor_01\03-01-04-01-01-02-01.wav,Actor_01,sad,nervous
-1.2826427551389001,1.6535837278582202,0.7615753186002905,1.0673021444796251,0.5349941851493417,0.43444685607956596,-0.35748064497619114,1.282335442768235,0.756561289575062,-0.6105764039111191,1.0490247392901464,0.41594578414508854,-0.1611220424765661,-0.6282015613279249,-0.6925349865063021,-1.5334579227696086,0.6272408489603241,data/raw/audio_samples\Actor_07\03-01-02-02-01-02-07.wav,Actor_07,calm,confident
0.3130428731119695,0.4565856527135312,-0.002877822775177768,-0.3571727664434268,0.34744118629087467,-0.4323294598060398,-1.1315355959576447,-0.019189512629750383,-2.486614527130636,0.7230601611918346,-0.9424205216459808,0.464140872300508,-1.256764498156427,-0.2038690190781943,-0.2631185807035922,-0.8594971266020582,-0.5633155673878374,data/raw/audio_samples\Actor_01\03-01-03-02-01-01-01.wav,Actor_01,happy,confident
-0.10548780210996346,0.3891952066058241,-0.029613038345888642,-0.8921862574083902,-0.3903760624405448,0.5031473864787425,0.602695440048683,-1.4983725789789786,0.3425165781953297,0.31755847457389,-1.0330273120706093,0.2363791915246732,-0.5015501589598785,0.019591542118564287,-0.22151045603858083,-0.6205064729266901,0.444078323368299,data/raw/audio_samples\Actor_18\03-01-07-01-01-02-18.wav,Actor_18,disgust,nervous
1.712663173818073,-1.3373213975574882,-0.966117187308721,-0.7086180448383199,-1.6762800519442302,-0.31619165703911095,0.011720879311424253,-2.205346046659185,1.8311690092722608,-1.3620666237620644,-0.23820637887394963,-0.4081660081898004,-1.1646691725295422,1.713799346338224,2.371654638173778,0.6793723839770572,-0.3801530417958124,data/raw/audio_samples\Actor_16\03-01-05-02-01-02-16.wav,Actor_16,angry,nervous
-0.6327986487184367,-0.005584615825485572,0.7691346278460313,-0.37282695480274897,0.12805923013342171,0.19604524965356607,0.5787800542184872,0.4276683951711113,-1.6834848508045732,1.2144642574016744,-0.6682125323250119,-0.34437626952140593,0.8848510037386521,0.3776641880480108,-0.570004600065888,0.06435614148590228,1.4514722141244367,data/raw/audio_samples\Actor_05\03-01-03-02-01-01-05.wav,Actor_05,happy,confident
-0.86164114639556,0.6852384716853318,2.3605634486557223,0.737645629154892,1.0805934968647533,1.4030389657467588,1.8335130667147326,0.9979777969360001,-0.2502863262751324,1.1652835796017198,0.0884843718486645,-0.3725327220071652,-0.32117287093631314,-0.6682577494646581,-0.6296378586322999,-0.47386084651816285,-0.6548968301838499,data/raw/audio_samples\Actor_11\03-01-04-01-02-02-11.wav,Actor_11,sad,nervous
1.2137753766221957,-1.6087808053976789,-1.0233862140203098,-0.25089425537383697,-1.3727740438185312,1.1470697063115105,-0.12619740893583437,-0.6136558909847397,0.9363923241651282,-0.7473287320672581,1.2056284382621216,-0.057845798049096106,1.1207133136705252,1.246990427337741,1.7794624344075014,0.030387793110483955,-0.10540925340777546,data/raw/audio_samples\Actor_08\03-01-06-02-02-02-08.wav,Actor_08,fearful,nervous
-1.215532598574536,-0.4126773867049883,0.7455783193830238,-0.4000500879930129,0.9068269097722839,0.060548627203719146,1.2200193795665788,0.44559612640982266,0.2520077680695011,0.14516818505876952,-0.4060209750734151,-0.4592681369182863,0.4510238802313911,1.4008216569464627,-0.709519475553653,-0.19922188828815915,0.1693345349802621,data/raw/audio_samples\Actor_22\03-01-02-02-01-01-22.wav,Actor_22,calm,confident
1.1421858850890576,-0.6547817281705993,-0.5602579624481221,-0.7548417998986974,0.8586841407293557,0.057303496354616144,-0.3492833328146288,-0.9786283093638374,-1.5399658356670822,-0.0033117829949576654,-1.0887160623693988,-0.3342510088431892,-1.0945867981602444,0.21027393209604203,0.83711200471057,-0.692516343194789,0.9935659001443742,data/raw/audio_samples\Actor_01\03-01-06-02-01-02-01.wav,Actor_01,fearful,nervous
-0.18267799827651585,-0.7678368759432586,-0.9207589585107596,-0.2860147780464752,-1.8449254716232948,0.37951485231389465,-1.3217694609397872,0.2941257137390376,-1.5944179356163448,-0.2985933465082376,-0.008315039235184995,-1.3962056700711183,0.565142366195892,-0.1253474460986486,-0.4240775185987438,-1.0367212655273619,-0.3801530417958124,data/raw/audio_samples\Actor_20\03-01-03-01-01-02-20.wav,Actor_20,happy,confident
0.49501545395300584,-0.21771614151125399,-0.622259943942072,-1.0500334381164134,-0.960919553999701,0.024184500791815576,-0.182664973015942,-2.366386596437773,-0.239443599344994,-0.17382270849207848,-0.1711457690103715,-0.923019229617087,-0.3672993067696236,0.30501857584956066,0.1114481657837798,1.548754937769141,-0.2885717789998005,data/raw/audio_samples\Actor_18\03-01-05-01-02-01-18.wav,Actor_18,angry,nervous
-0.41711856757714433,0.25284600162808785,0.9969868984724101,-1.1330747601337645,-0.41090025851399375,1.0016426382367223,0.1758724048244745,-1.517544594572171,-0.6286372615689538,-1.7425804026033989,-0.384805765387206,-1.5163235617642263,-0.003508828202181751,-2.1841977668952226,-0.4202256703942611,0.4676485130931885,-0.4717343045918249,data/raw/audio_samples\Actor_18\03-01-08-01-02-01-18.wav,Actor_18,surprised,neutral
-0.048976973213202865,0.11438196834613333,-0.7355407748731099,-0.4638173692413145,-0.7815590553064939,0.40173242887104116,-0.7402614390094253,0.20862506023481134,-0.31163612961463594,0.14674645699523597,-0.15189983197793847,-0.3854693424932011,0.7524624327266871,-0.6524966729498319,-0.38707030624692246,0.5493676059021114,-0.196990516203788,data/raw/audio_samples\Actor_02\03-01-01-01-02-01-02.wav,Actor_02,neutral,confident
1.4652750708458657,-0.2639901262616428,-0.9172163167537022,-0.4485132993446322,-1.0279567723386283,-1.485004934481353,-0.9804162399298452,-0.608063149666295,0.38753958359814966,-1.7556043065128846,-1.3398804641255992,-0.28060159445395,-2.2336847768663275,0.011405150802908942,1.3559897545974484,-0.6248762163398731,-0.9296406185718875,data/raw/audio_samples\Actor_10\03-01-06-02-01-01-10.wav,Actor_10,fearful,nervous
-1.1713776075114373,1.756310257384753,0.5934600116570206,1.701134130266464,0.7041661678607309,-0.0010683647720063452,0.27233362986989823,0.29094229945100286,-0.41618537276953044,0.9852001868374445,0.14325266586145818,-0.2827217501729883,-0.04726107904557535,-1.635599331428029,-0.7129812159911317,-1.2803006965935393,-1.3875469325519494,data/raw/audio_samples\Actor_05\03-01-04-02-02-02-05.wav,Actor_05,sad,nervous
-0.38724882549779976,1.613782098644071,0.15223009668765275,1.2810704833760467,0.878877969788628,0.05737748683084785,1.3195413596038106,0.24089385881035139,-0.3428965329870421,1.5031182700221661,-0.28538431338390624,-0.20406626635305478,0.2739810952167926,-1.1147549944216024,-0.557645842336147,-1.3791314779008927,-1.112803144163912,data/raw/audio_samples\Actor_05\03-01-03-01-01-02-05.wav,Actor_05,happy,confident
-0.4639580585209478,-0.6833713224560485,-2.1104854077789494,-0.24919847011588117,-1.469852298614869,-1.7441848954016066,-1.5116429329607772,-1.0875917644715762,1.4377438497198296,-2.1061892650285086,0.6940932037383363,-1.1759011826696093,-1.6240748742098103,0.18323624620413087,-0.5381030382303127,0.36766285872373833,-0.4717343045918249,data/raw/audio_samples\Actor_06\03-01-03-01-02-01-06.wav,Actor_06,happy,confident
0.6181756626800297,-0.6991849481814202,-0.5473777531595924,-0.15675325978970106,-1.2588504221548407,-2.280965739993025,1.0536723677094186,-0.10550370658275683,-1.6255662981500576,0.011615856738077779,-1.2971598183898605,-0.30411015749909504,0.08785023548747076,-0.09578394666269475,0.22612333732528195,-0.6380595100271046,-0.4717343045918249,data/raw/audio_samples\Actor_07\03-01-06-02-01-02-07.wav,Actor_07,fearful,nervous
1.6057999799237206,-1.4658315202311498,-2.068111176894882,-1.5772495018475479,-2.840017725168871,0.5347662321337835,-0.7102756722713984,0.5887399039693877,0.6547026667863144,0.2906132251570341,2.042179354572712,0.683519605355459,2.4057580644018874,1.9921940559237792,1.6527644468730398,1.8658034657269706,1.543053476920448,data/raw/audio_samples\Actor_14\03-01-05-02-01-02-14.wav,Actor_14,angry,nervous
-0.5987143354445159,0.9957054263283693,-0.6902588575543781,1.0406094595142972,1.1520389111424572,0.558493522310939,1.7467481022647406,0.7383627225807161,1.2497184724500594,0.9394814829910114,1.3633483275790765,0.16284926700531996,1.4331635360038788,-0.15144277391921873,-0.43171251164567986,-1.2937432123476544,1.543053476920448,data/raw/audio_samples\Actor_15\03-01-08-01-01-01-15.wav,Actor_15,surprised,neutral
0.7489496583943398,-0.45071466406152527,0.3406952151003453,-0.37826950556295713,-0.5517365851446107,-0.06103890536868435,0.8833804699881648,-1.270950302717689,1.4587310040060648,-0.9235735958461895,-0.0334572237427009,0.6554631874767489,-0.378444480905792,1.1445117425123637,0.3535993955415177,0.35846417852174894,0.444078323368299,data/raw/audio_samples\Actor_16\03-01-05-01-01-02-16.wav,Actor_16,angry,nervous
-0.8724841737580881,0.01813334125503662,-0.2938021927769397,-0.059218171595076065,-0.479519901342271,0.9110656525680451,-0.46909407695262567,0.8878760110862877,-0.07996822760235554,0.3194246498592105,-0.5005355767015065,0.1112473341461012,0.494079859735062,1.7199522281315118,-0.6016984176422446,-0.35194851355892104,0.1693345349802621,data/raw/audio_samples\Actor_02\03-01-04-01-01-01-02.wav,Actor_02,sad,nervous
-0.9535343624514514,-0.5371848377241792,1.259112219901498,-0.7092313867134022,-0.6097959721672107,0.3851531505335739,-0.7701099040720291,1.2359875549863704,-0.7152582041232725,0.1979806721342749,-0.5381007271336604,-0.5738498785880887,-0.2541550328384133,0.2796369051648891,-0.6763706480988365,1.572463910661429,-0.838059355775875,data/raw/audio_samples\Actor_14\03-01-04-01-02-01-14.wav,Actor_14,sad,nervous
0.632097848852978,-0.22181938720642078,-0.6972809741502791,-2.0994104473470436,-1.4543691571506214,-1.0049855151782725,-0.33300494575368256,-0.4522082915682265,0.031188649248910093,-1.2958725567779166,2.3405959950552258,-0.19324027155281037,0.9809535896053434,0.22714407037611603,0.10145717171644753,0.3101262863058971,0.2609157977762746,data/raw/audio_samples\Actor_24\03-01-08-02-01-01-24.wav,Actor_24,surprised,neutral
-0.5005121350896494,0.027980255097247955,0.014890976549404779,-1.740184895194904,-1.166219368282937,0.03001323351589448,-0.8518541895619468,-0.17128368807627958,1.2997266012281032,-0.5087571996352492,1.0538139262570525,-0.21210254374356322,0.16011916524568076,0.35781267130831407,-0.6318776631340608,0.9866803503266308,1.726216002512473,data/raw/audio_samples\Actor_24\03-01-07-02-01-01-24.wav,Actor_24,disgust,nervous
-1.0498884824067527,-0.6669943945201592,0.4098003256756223,-1.0321342299030511,0.36526404562368836,-0.4420532825941398,0.5296909711087152,0.08789807176878035,-0.9182449131511784,0.2372914828229161,-0.12013306199137563,-1.2550120176264856,0.06984576774703087,-0.948201471610951,-0.6585248306532382,0.7998038415549009,1.0851471629403866,data/raw/audio_samples\Actor_24\03-01-02-02-02-02-24.wav,Actor_24,calm,confident
-0.7657504361842689,1.6343838661443575,0.6092368394772756,0.62399668469691,1.3781912198728348,0.44468478671638817,0.16918675155522825,0.9035037218695179,0.5381658740099692,1.0259629964637844,0.18387326834366885,1.7502562989274624,-0.2882387412156177,-1.5159903495275415,-0.6593571014105083,-0.13704048558673246,-1.0212218813679,data/raw/audio_samples\Actor_13\03-01-07-01-02-01-13.wav,Actor_13,disgust,nervous
-0.2773446514367098,0.5868341444011999,-1.0805079121105154,0.9702591880730845,-0.570624606268527,0.8325849901091344,-0.47584847680691644,0.8444096592091422,0.2917328063363534,0.016766816568926098,-0.3159243707766669,-0.4142853347637275,0.24389197634249488,-0.6749373781915855,-0.521540148828002,-0.6860526241244407,-0.6548968301838499,data/raw/audio_samples\Actor_08\03-01-03-01-01-01-08.wav,Actor_08,happy,confident
-0.11074446011524915,1.0824621411258368,0.6357330568057702,1.4855418643068188,-0.26203391402523407,-0.6839763878271221,-0.1540179454869576,0.8667734714964225,0.24588854663279489,-1.0540362963984633,1.2254862852806752,0.09948207771427345,-0.7509254841544056,-1.1195567955882406,-0.458851429096053,-0.23891677778425927,-0.4717343045918249,data/raw/audio_samples\Actor_07\03-01-08-01-02-02-07.wav,Actor_07,surprised,neutral
-0.9247359628484735,0.5861101280850124,0.02241998027947065,1.2092511888470383,-0.6962774536696555,1.399292031581157,-0.30867439948789754,0.57803970676025,-0.023006564272897698,0.27895450702376945,-0.11447979472744477,-0.038324293494003486,0.389884841193685,-0.46515846010466666,-0.6243974399006954,-1.0346445845433632,-0.10540925340777546,data/raw/audio_samples\Actor_08\03-01-01-01-01-02-08.wav,Actor_08,neutral,confident
0.07572120585741997,0.5607663456557614,-0.026807587385790626,1.0608179039897898,0.09349549592200755,-0.49595903005707154,-1.3762562041962165,-0.6435734805451694,1.0947335978462844,-1.7583166879046217,0.6902391470855548,-0.20927974789584786,-0.8761052364908137,0.9294570887901791,-0.26113506902113637,-0.7655284006745163,-0.2885717789998005,data/raw/audio_samples\Actor_10\03-01-04-02-01-02-10.wav,Actor_10,sad,nervous
-0.5504398541002269,1.0308546668268888,1.108548781385216,1.169419425838049,0.6975584172683401,0.581062763565333,0.44542355190139743,0.21361918599567029,-0.08704433836411955,0.7121925239090415,0.02162913811594105,-0.28871386617409134,-0.15483916923700353,-1.3715360878913716,-0.620008323234277,-0.21521108809375725,-1.0212218813679,data/raw/audio_samples\Actor_05\03-01-03-01-02-01-05.wav,Actor_05,happy,confident
-1.158166919127272,0.10469211933380458,0.29611269796565304,0.352441597486518,0.29246540709341573,0.40143142852258784,0.6720615103372695,0.07368396994229844,-0.5850707870691492,-0.6826154497973766,0.8007105942419955,-1.8888834263942798,0.6635762921411954,0.8010621792864456,-0.6455710126097057,-1.3164237189029127,0.9019846373483617,data/raw/audio_samples\Actor_12\03-01-02-02-01-01-12.wav,Actor_12,calm,confident
-1.1809190503088765,1.022058452469338,0.5035338707921619,0.398212828556588,1.2705188331458668,0.13327165497498028,0.06818652844487327,1.9289282881657244,-0.274573070643679,0.6120315748516926,0.15242360199576718,0.11279033875489351,0.01880689174833355,-0.8491101323675481,-0.6771422161333621,-1.473302855990569,1.0851471629403866,data/raw/audio_samples\Actor_03\03-01-04-01-01-02-03.wav,Actor_03,sad,nervous
-1.3983805089320358,1.0353564134380215,1.6247117994905804,1.9750799044600236,1.598505406300032,0.9721119008576302,0.8728736364089716,1.88745570553892,1.2047423715312309,-0.14338226258252718,1.2198894241371903,0.032742855240066045,0.6770521267574534,-1.7064160250011793,-0.7316281953252913,-1.5645312339099817,-1.112803144163912,data/raw/audio_samples\Actor_09\03-01-02-01-01-02-09.wav,Actor_09,calm,confident
0.6484268986395442,0.9516764760422873,-0.7309480287415823,1.3900698494766444,1.4167244101821634,-2.2647217980635994,0.9994429932839082,-1.634671619052049,-2.568107834905109,1.9385098185434833,-2.702089960259084,-0.03481515080025896,-0.19769459166555042,0.34060912564042645,0.15359042674555998,-0.6940906865345335,1.1767284257363992,data/raw/audio_samples\Actor_21\03-01-04-02-01-01-21.wav,Actor_21,sad,nervous
0.20841700624875156,-0.007524570833979577,0.40702399356944086,-0.43980822524106467,0.20126701497829158,-0.8638579655650166,-0.6265888648909749,-0.5476152725456811,0.867204709001707,-1.4606981660491871,-0.12027829569893425,-0.9525598733188864,-0.23454852484728403,-1.6479810990403392,0.0859483239833295,-0.4985643728401505,-0.013827990611762946,data/raw/audio_samples\Actor_10\03-01-01-01-02-01-10.wav,Actor_10,neutral,confident
-0.991085764662407,0.726982099502416,0.33616212154259334,0.7090330481942092,1.1322934470859691,0.36941183999817084,1.347868878282804,0.32189796617701444,-0.280073922541605,1.1979197215864692,-0.14130898023470997,-0.15832684104278194,-0.05994087725898791,-0.40518646179257023,-0.5800187108739626,1.6259388908507644,0.9935659001443742,data/raw/audio_samples\Actor_23\03-01-02-01-02-02-23.wav,Actor_23,calm,confident
1.9396690008052373,-1.486735009853525,-0.9897407019040046,0.5865186179506173,-0.28292943961368605,-1.2227149476421142,1.1726646636455205,-1.2423873099753957,1.0877937529694177,0.22403139727660396,-0.8485127679162775,0.7608227467156226,-0.5412835359798234,2.450535988685805,3.072409320796258,1.6614327881958142,1.8177972653084855,data/raw/audio_samples\Actor_07\03-01-05-02-02-02-07.wav,Actor_07,angry,nervous
0.7823669424912765,0.2717124655060287,0.7526154404040424,-0.7696248208187453,0.24822016187702214,0.2955655192340302,0.41682095113489304,0.6673867669885825,-2.088880148226496,0.5181679113720223,0.17143475457813867,-0.37328670134720426,-0.6936660767539553,-2.06253690591932,0.3675427054155868,-0.06415603630878243,-0.7464780929798625,data/raw/audio_samples\Actor_11\03-01-03-02-02-02-11.wav,Actor_11,happy,confident
-1.8026785953683975,0.11073648780571728,1.042671185408898,0.8139320058644153,0.8755292682498755,0.8832756507751027,0.5300523215431971,0.6068267891576887,0.12767133053422097,0.12587404159023283,-0.7377145147863553,0.4560181137010398,0.18988491604071978,-0.26570690474109904,-0.7143511722649386,-0.08674467157058507,0.9935659001443742,data/raw/audio_samples\Actor_08\03-01-04-01-01-01-08.wav,Actor_08,sad,nervous
0.6879103450105013,0.09381143864658538,0.8208368645062493,-0.7939604143940608,0.1769042427840047,0.8134250956410033,0.49610433867381587,0.6784908844040524,-1.644378560592848,1.1672641990512567,-0.5119969870087979,0.09271793679404783,-0.26364657764492977,-1.1214438079250535,0.014461079935506174,-0.03390376817048734,-0.013827990611762946,data/raw/audio_samples\Actor_11\03-01-05-01-02-02-11.wav,Actor_11,angry,nervous
0.6642331496808161,-1.1986604493540545,0.18689116306492545,-0.11226053666318278,0.8964053041676506,0.7809348325171528,0.7819808847521542,0.13426887146052255,-0.348573394986294,1.1594151253632172,0.11715929096385716,0.6675334510855397,-0.44286788368368407,1.851270192763942,0.25177624667562537,1.71092147315391,2.9167724188606345,data/raw/audio_samples\Actor_01\03-01-06-02-01-01-01.wav,Actor_01,fearful,nervous
2.5353098189576517,-0.01610387223873704,-1.2249423567469875,0.09662657918926872,-0.10318037843350902,-1.2109567133234265,0.825454195290852,0.5547319237860076,0.11250531606147883,1.0691247423592358,0.7481621462257284,0.39804795131891635,-0.1978808922738885,0.9058710419159087,3.5705426046019846,0.39623653683909654,0.444078323368299,data/raw/audio_samples\Actor_09\03-01-05-02-01-01-09.wav,Actor_09,angry,nervous
-0.6561791915983578,0.25386633913819867,-1.072598902772755,-1.374187325094719,-1.2210981778206769,-2.2611881696703495,-1.8148509910149708,-0.4249230010392118,0.6210815200441173,-1.9055389249257997,0.07634114653418711,-2.3824771726226763,-1.7347521752994801,-1.48757632487354,-0.6054662421115992,0.5064746884661127,-1.2043844069599243,data/raw/audio_samples\Actor_06\03-01-08-01-02-01-06.wav,Actor_06,surprised,neutral
-0.5842289777076666,1.1113740394488145,-0.011718270311573057,1.2884179269023277,0.3283411722578406,-2.543873589295828,0.7328414385452604,-1.0709324589167784,-0.8591794559654423,-0.7725502080451869,-0.23288347309750274,0.18704872671881848,-1.525847093149706,-0.5736990974357463,-0.5558627211338226,-0.8413636739116532,0.444078323368299,data/raw/audio_samples\Actor_07\03-01-04-02-01-01-07.wav,Actor_07,sad,nervous
-0.19936425974075642,1.1814891808303027,-0.10196298421771297,0.5047568385822857,-0.452547564821554,-0.8691675519968468,0.7758794817084534,0.18957553953540396,-0.8044061218097454,0.3488515690122725,-0.3760131600479398,0.18194075186668077,-0.03171343547540458,0.251758812221051,-0.4595784659127716,-0.2746830747187032,0.07775327218424957,data/raw/audio_samples\Actor_05\03-01-08-01-01-02-05.wav,Actor_05,surprised,neutral
0.11142511278212337,0.2962577863930327,-0.1600228753504085,0.3067638779230931,0.05949203845394877,-0.099285823482832,-0.9992070370069032,0.5465819897943812,-0.20605088721817366,0.6627591481676267,-1.043892239706774,-0.3603486667272027,0.3993691369492934,1.3096081005275155,-0.23378425378817103,-0.6041596119742244,0.07775327218424957,data/raw/audio_samples\Actor_10\03-01-02-01-01-01-10.wav,Actor_10,calm,confident
1.011984422751659,-0.3257694459188977,-1.1217790952493558,-0.19324816233438447,-0.8284808819625227,-0.7993785778391823,-0.8241311237957474,0.058921994056203894,0.8392003663317145,-2.6862309438107115,0.38266844409450645,-0.7057648447272519,-1.0188540302431155,1.517126185873103,0.783621296534363,-0.1932899908403341,2.2757035792885483,data/raw/audio_samples\Actor_10\03-01-07-02-01-02-10.wav,Actor_10,disgust,nervous
0.6348958607164327,-1.3360759727168208,-1.6296915051734824,-1.5860927414656019,-1.6177278839851457,-1.2481008654368395,-0.6920928707584528,-2.8480812249671037,-0.749358994163097,1.1528757323356418,-1.7145284698171526,1.1113902919611254,0.7696986822971414,0.27175498919099744,0.5433986634328404,-0.33349714708113104,-0.013827990611762946,data/raw/audio_samples\Actor_18\03-01-04-02-01-02-18.wav,Actor_18,sad,nervous
-0.5696927151125736,0.474736566595111,1.2004189252348623,0.8275061775572529,0.5061871525774247,0.3038521726584518,0.4529402920204855,1.5425247119381373,0.34708804628940876,0.5771688313974257,0.3411930719409218,0.5911474140296606,-0.036443924462998246,0.4207504339599428,-0.6558749338088979,-0.3696396887344515,0.8104033745523491,data/raw/audio_samples\Actor_03\03-01-05-01-01-01-03.wav,Actor_03,angry,nervous
-0.43725114645580304,1.872368613159275,0.26433257249264447,0.6213963405183458,0.7305084067477025,-0.09740135229941242,0.0665023328586154,0.4103087675319534,-0.6789635333365984,0.7658641323245778,-0.5698901559891203,1.4965350266242778,-1.123657908652015,-1.1203145396514533,-0.528420051752812,-1.4777572146316322,-1.0212218813679,data/raw/audio_samples\Actor_13\03-01-04-02-01-01-13.wav,Actor_13,sad,nervous
-0.41826890035078546,0.25909414565995975,1.106165987394858,-0.2556039113174406,-0.008731929867181597,-0.38928640997721586,-0.4729888869615965,0.268181943474717,-0.21765872185758828,-0.2216383676541292,0.7889560046868731,0.023171197267362765,0.7432176878992125,-1.3540381701358966,-0.4966556072564703,1.1893227472975751,1.8177972653084855,data/raw/audio_samples\Actor_05\03-01-07-02-02-01-05.wav,Actor_05,disgust,nervous
-1.9750289877747809,0.16651377059019143,0.5704214072065136,0.5254850932171242,0.4035881921188044,0.8164065012932981,-0.7993069042813696,0.19908275271510376,-0.510790486801916,0.5620593755638843,-0.5398784841348965,0.6972431145382783,-0.3946202547371494,0.1752634009426537,-0.7874678401276325,-0.10353457598502626,-1.295965669755937,data/raw/audio_samples\Actor_20\03-01-04-01-01-02-20.wav,Actor_20,sad,nervous
1.8934232535959468,0.08147659454366887,-0.8642747716298117,0.5114423292855927,0.3142859739985244,0.025390648189353084,2.2964213268529687,-1.302423443310695,0.4812337349555724,0.1097552830413136,-0.7951265443803093,1.8179147392213921,-0.9831104100254721,1.4139494580319176,1.8436922474920885,1.237560270772259,-0.6548968301838499,data/raw/audio_samples\Actor_17\03-01-05-02-02-01-17.wav,Actor_17,angry,nervous
0.2311354934148502,-0.37688280827625437,-1.6869256622857103,-1.5977458531194335,-1.1145467121487702,-1.773225550843237,-1.1955269854594774,-1.2583418228292722,0.5679183944282922,-1.7320075365348644,-0.16175390890431568,-0.8820186901939144,0.0043514385149826884,-0.9692764005836167,-0.1811645598905371,0.610428027532763,-1.0212218813679,data/raw/audio_samples\Actor_06\03-01-08-02-02-02-06.wav,Actor_06,surprised,neutral
-0.5475555380230835,1.7722891223177706,0.9973587457805161,1.412868032399657,0.5597678132784607,0.8774299366302494,1.8241816273946014,-0.5697671776079459,0.4055443445008069,0.6914700467691055,0.24479067316636527,0.32977490073567206,0.81176435083363,-1.8325964848850265,-0.40834046539700186,-1.1035482787026558,0.444078323368299,data/raw/audio_samples\Actor_21\03-01-01-01-01-02-21.wav,Actor_21,neutral,confident
-0.24456777386100922,0.09006757363094549,0.9218800149975174,0.1553553621625069,-0.877260313580898,-2.026867702500812,-0.3997996256690717,0.7259924147896135,-0.7706883903130214,-0.7584306061046392,0.08246048744718781,-0.6738167301750432,-0.06113213795821848,-1.3366630987664272,-0.4261991519560031,0.5675090153510466,-0.5633155673878374,data/raw/audio_samples\Actor_16\03-01-07-01-02-01-16.wav,Actor_16,disgust,nervous
0.16735843483881085,0.8520816090253278,0.45046768054280745,0.9969901571407181,0.6781187016946473,1.854176533883803,1.112848432343481,-0.7595558036544735,1.6013463862799364,-0.5088275800612515,0.2732575645809387,1.560902408275602,0.17467374925019982,1.0734955096692342,-0.3902953128747523,0.5556951396964492,-0.9296406185718875,data/raw/audio_samples\Actor_17\03-01-05-01-02-02-17.wav,Actor_17,angry,nervous
