Resume ID,Job Title,Match Score,Matched Skills,Missing Skills
0_r1,Machine Learning,68.07,"['Python', 'Machine Learning']","['Deep Learning', 'TensorFlow', 'PyTorch', 'Docker', 'Kubernetes', 'Git', 'R']"
0_r1,Machine Learning,67.55,"['Python', 'Machine Learning', 'Spark']","['SQL', 'AWS', 'Docker', 'Git', 'R']"
0_r1,Machine Learning,66.43,"['Python', 'Java', 'Hadoop', 'Spark', 'Hive']","['SQL', 'AWS', 'Power BI', 'Excel', 'Tableau', 'MongoDB', 'MySQL', 'R']"
0_r1,Machine Learning,65.39,['Machine Learning'],['R']
0_r1,Sr. Data Analyst,64.62,['Python'],"['SQL', 'Git', 'Excel', 'Tableau', 'R']"
0_r1,DevOps Engineer,63.96,"['Python', 'Java', 'Machine Learning']","['AWS', 'Kubernetes', 'Linux', 'Django', 'ETL', 'R']"
0_r1,Machine Learning,63.35,"['Python', 'Machine Learning', 'Spark']","['SQL', 'AWS', 'R']"
0_r1,Machine Learning,63.35,"['Python', 'Machine Learning', 'Hadoop', 'Spark']","['SQL', 'AWS', 'Git', 'Excel', 'R']"
0_r1,DevOps Engineer,63.09,[],"['SQL', 'AWS', 'Docker', 'Kubernetes', 'Linux', 'Excel', 'MySQL', 'R']"
0_r1,Machine Learning,62.82,['Machine Learning'],"['Deep Learning', 'R']"
0_r1,Test Developer,62.56,[],"['SQL', 'AWS', 'Docker', 'Kubernetes', 'Git', 'Excel', 'R']"
0_r1,JavaScript Developer,62.54,['Java'],"['SQL', 'R']"
0_r1,PHP Developer,61.94,[],"['SQL', 'AWS', 'MySQL', 'R']"
0_r1,Level 2 Data Analyst,61.91,[],"['Excel', 'R']"
0_r1,Business Analyst - Supply Chain (Contingent),61.84,[],"['SQL', 'AWS', 'Excel', 'Tableau', 'R']"
0_r1,Data Analyst (two positions),61.68,"['Python', 'Java', 'Hadoop', 'Spark', 'Hive']","['SQL', 'AWS', 'ETL', 'R']"
0_r1,Machine Learning,61.39,"['Python', 'Java', 'Machine Learning']","['Docker', 'Kubernetes', 'R']"
0_r1,Entry Level Business Analyst,61.3,['Python'],"['SQL', 'AWS', 'Power BI', 'Excel', 'Tableau', 'R']"
0_r1,DevOps Engineer,60.98,['Python'],"['AWS', 'Linux', 'Git', 'Excel', 'R']"
0_r1,"The Judge Group  New York, NY",60.97,[],"['AWS', 'Linux', 'R']"
0_r1,"Marketing Data Analyst, Global Partnerships",60.72,"['Python', 'Hadoop', 'Spark']","['SQL', 'Power BI', 'Tableau', 'R']"
0_r1,DevOps Engineer,60.6,[],"['SQL', 'AWS', 'Docker', 'Kubernetes', 'Linux', 'Git', 'MongoDB', 'R']"
0_r1,Data Analyst,60.58,[],"['SQL', 'Excel', 'ETL', 'R']"
0_r1,DevOps Engineer,60.5,[],"['AWS', 'Docker', 'Kubernetes', 'Linux', 'Git', 'R']"
0_r1,DevOps Engineer,60.31,"['Python', 'Java', 'Machine Learning']","['AWS', 'Docker', 'Kubernetes', 'Linux', 'Git', 'Excel', 'R']"
0_r1,DevOps Engineer,60.27,['Python'],"['Excel', 'MongoDB', 'R']"
0_r1,DevOps Engineer,60.16,"['Python', 'Java']","['SQL', 'AWS', 'R']"
0_r1,DevOps Engineer,60.13,"['Python', 'Machine Learning']","['AWS', 'Kubernetes', 'R']"
0_r1,DevOps Engineer,60.13,['Python'],"['SQL', 'AWS', 'Linux', 'Tableau', 'R']"
0_r1,Machine Learning,60.03,"['Python', 'Machine Learning', 'Hadoop']","['Tableau', 'R']"
0_r1,Data Operations Analyst,59.93,['Python'],"['SQL', 'AWS', 'Git', 'Excel', 'ETL', 'R']"
0_r1,Business Data Analyst II,59.7,[],"['Excel', 'R']"
0_r1,Backend Developer,59.68,[],"['SQL', 'AWS', 'Docker', 'MySQL', 'R']"
0_r1,DevOps Engineer,59.61,['Python'],"['AWS', 'Docker', 'Kubernetes', 'Git', 'R']"
0_r1,Machine Learning,59.61,"['Python', 'Java', 'Machine Learning', 'Spark']","['PyTorch', 'Kubernetes', 'NLP', 'R']"
0_r1,Node js developer,59.54,['Java'],"['SQL', 'AWS', 'MongoDB', 'MySQL', 'R']"
0_r1,DevOps Engineer,59.4,[],"['AWS', 'Kubernetes', 'Linux', 'R']"
0_r1,Junior Business Systems Analyst (AI & Data Focus),59.29,['Python'],"['SQL', 'AWS', 'Git', 'Tableau', 'ETL', 'R']"
0_r1,Data Integration Analyst,59.21,[],"['SQL', 'AWS', 'Git', 'Excel', 'ETL', 'R']"
0_r1,Software Engineer,59.2,[],"['SQL', 'Docker', 'Kubernetes', 'Linux', 'Git', 'R']"
0_r1,DevOps Engineer,59.07,"['Python', 'Java']","['SQL', 'AWS', 'Docker', 'Kubernetes', 'Linux', 'Git', 'MongoDB', 'MySQL', 'R']"
0_r1,Supply Chain Data Analyst,59.05,['Python'],"['SQL', 'Git', 'Power BI', 'Excel', 'R']"
0_r1,Machine Learning,59.05,"['Python', 'Machine Learning']",['R']
0_r1,"Strategy and Business Analytics Experienced Consultant, TTS, Data",58.92,[],"['SQL', 'AWS', 'Excel', 'Tableau', 'ETL', 'R']"
0_r1,Software Engineer,58.92,['Java'],"['SQL', 'MongoDB', 'MySQL', 'R']"
0_r1,Java Developer,58.91,"['Python', 'Java', 'Hadoop']","['SQL', 'Excel', 'ETL', 'R']"
0_r1,Business Intelligence Analyst,58.85,[],"['SQL', 'AWS', 'Power BI', 'Excel', 'Tableau', 'R']"
0_r1,DevOps Engineer,58.85,"['Python', 'Java']","['SQL', 'AWS', 'Docker', 'Kubernetes', 'Linux', 'Git', 'Excel', 'MySQL', 'R']"
0_r1,Network Administrator,58.84,[],"['AWS', 'Linux', 'R']"
0_r1,Database Administrator,58.83,['Hadoop'],"['SQL', 'AWS', 'Linux', 'Tableau', 'R']"
0_r1,Machine Learning,58.82,"['Python', 'Machine Learning']","['SQL', 'Excel', 'Tableau', 'R']"
0_r1,DevOps Engineer,58.73,[],"['Docker', 'Kubernetes', 'Git', 'R']"
0_r1,Machine Learning,58.71,"['Python', 'Java', 'Machine Learning', 'Hadoop', 'Spark', 'Hive']","['SQL', 'AWS', 'Excel', 'R']"
0_r1,Marketing Data Analyst,58.68,[],"['SQL', 'Git', 'Power BI', 'Tableau', 'R']"
0_r1,Staff Software Engineer - SMB - Marketing Enablement,58.66,"['Python', 'Java']",['R']
0_r1,DevOps Engineer,58.61,[],"['AWS', 'Git', 'R']"
0_r1,Java Developer,58.52,"['Python', 'Java', 'C++', 'Machine Learning']","['Kubernetes', 'Git', 'MongoDB', 'R']"
0_r1,Django Developer,58.45,[],"['SQL', 'AWS', 'R']"
0_r1,DevOps Engineer,58.42,"['Java', 'Machine Learning', 'Spark', 'Hive']","['AWS', 'Docker', 'Kubernetes', 'R']"
0_r1,DevOps Engineer,58.3,['Python'],"['SQL', 'AWS', 'Docker', 'Kubernetes', 'Linux', 'R']"
0_r1,DevOps Engineer,58.26,[],"['SQL', 'ETL', 'R']"
0_r1,DevOps Engineer,58.2,"['Java', 'Machine Learning', 'Spark', 'Hive']","['AWS', 'Docker', 'Kubernetes', 'R']"
0_r1,Machine Learning,58.2,"['Python', 'Java', 'C++', 'Machine Learning', 'Spark']","['TensorFlow', 'NLP', 'R']"
0_r1,DevOps Engineer,58.07,['Python'],"['SQL', 'AWS', 'MongoDB', 'MySQL', 'R']"
0_r1,Junior Data Analyst,57.99,"['Python', 'Java']","['SQL', 'Excel', 'ETL', 'R']"
0_r1,Machine Learning,57.92,"['Python', 'Machine Learning', 'Hadoop', 'Spark']","['SQL', 'AWS', 'Git', 'R']"
0_r1,DevOps Engineer,57.62,[],"['AWS', 'Docker', 'Kubernetes', 'Git', 'Excel', 'R']"
0_r1,Data Analyst,57.6,['Python'],"['SQL', 'Git', 'Power BI', 'Excel', 'ETL', 'R']"
0_r1,Machine Learning,57.54,"['Python', 'Machine Learning', 'Hadoop', 'Spark', 'Hive']","['SQL', 'Excel', 'MongoDB', 'R']"
0_r1,Machine Learning,57.51,"['Python', 'Machine Learning', 'Hadoop', 'Spark']","['SQL', 'Deep Learning', 'TensorFlow', 'PyTorch', 'AWS', 'Excel', 'R']"
0_r1,Backend Developer,57.45,['Java'],"['SQL', 'AWS', 'Docker', 'Git', 'MySQL', 'R']"
0_r1,DevOps Engineer,57.41,['Python'],"['SQL', 'Docker', 'Kubernetes', 'Linux', 'Excel', 'MongoDB', 'MySQL', 'R']"
0_r1,DevOps Engineer,57.37,"['Python', 'Machine Learning']","['Deep Learning', 'AWS', 'Docker', 'Kubernetes', 'Excel', 'R']"
0_r1,Software Engineer,57.24,['Java'],"['SQL', 'AWS', 'Docker', 'Kubernetes', 'MongoDB', 'MySQL', 'R']"
0_r1,DevOps Engineer,57.22,[],"['AWS', 'Excel', 'R']"
0_r1,Cloud Data Analyst,57.17,[],"['SQL', 'AWS', 'ETL', 'R']"
0_r1,DevOps Engineer,57.16,['Python'],"['AWS', 'Kubernetes', 'Git', 'R']"
0_r1,DevOps Engineer,56.98,"['Python', 'C++']","['SQL', 'AWS', 'Docker', 'Kubernetes', 'Linux', 'Git', 'R']"
0_r1,DevOps Engineer,56.89,['Python'],"['AWS', 'Docker', 'Kubernetes', 'Git', 'R']"
0_r1,Django Developer,56.88,"['Python', 'Java', 'Hadoop', 'Spark']","['AWS', 'Django', 'R']"
0_r1,DevOps Engineer,56.88,['Python'],"['SQL', 'AWS', 'Docker', 'Linux', 'Git', 'MySQL', 'R']"
0_r1,DevOps Engineer,56.86,['Python'],"['AWS', 'Docker', 'Kubernetes', 'Linux', 'Git', 'R']"
0_r1,Machine Learning,56.81,"['Python', 'Machine Learning']","['SQL', 'Deep Learning', 'Power BI', 'Excel', 'NLP', 'R']"
0_r1,DevOps Engineer,56.74,"['Python', 'Java']","['AWS', 'Docker', 'Kubernetes', 'Linux', 'Git', 'R']"
0_r1,Data Science Lead Analyst,56.73,"['Python', 'Machine Learning']","['SQL', 'AWS', 'Power BI', 'Tableau', 'R']"
0_r1,Data Analyst III,56.72,"['Python', 'Machine Learning']","['SQL', 'Tableau', 'MySQL', 'ETL', 'R']"
0_r1,DevOps Engineer,56.71,['Python'],"['Linux', 'R']"
0_r1,Data Analytics Analyst,56.68,[],"['SQL', 'Excel', 'Tableau', 'R']"
0_r1,DevOps Engineer,56.67,['Python'],"['AWS', 'Docker', 'Kubernetes', 'Git', 'R']"
0_r1,Node js developer,56.67,['Python'],"['AWS', 'R']"
0_r1,Remote Software Developer (Remote),56.59,"['Python', 'Java']","['SQL', 'AWS', 'Docker', 'Kubernetes', 'Git', 'Excel', 'Django', 'MongoDB', 'R']"
0_r1,Senior Data Analyst II,56.58,['Python'],"['ETL', 'R']"
0_r1,DevOps Engineer,56.51,['Python'],"['SQL', 'AWS', 'Linux', 'R']"
0_r1,Operations Analyst- Data Center,56.5,[],"['Excel', 'R']"
0_r1,"Analyst, Finance & Analytics",56.45,[],"['SQL', 'Excel', 'R']"
0_r1,Data Analyst,56.41,['Python'],"['SQL', 'R']"
0_r1,DevOps Engineer,56.3,[],"['AWS', 'Linux', 'R']"
0_r1,Backend Developer,56.29,"['Python', 'Java']","['SQL', 'Excel', 'R']"
0_r1,Network Administrator,56.25,[],"['SQL', 'Linux', 'R']"
0_r1,DevOps Engineer,56.25,['Python'],"['SQL', 'AWS', 'Docker', 'Kubernetes', 'Linux', 'MySQL', 'R']"
0_r1,Network Administrator,56.2,[],"['AWS', 'Linux', 'R']"
0_r1,"Analyst, Markets & Customers",56.15,['Python'],"['SQL', 'Tableau', 'R']"
0_r1,DevOps Engineer,55.97,[],"['AWS', 'Docker', 'Linux', 'Git', 'Excel', 'R']"
0_r1,Software Engineer,55.91,[],"['SQL', 'AWS', 'Linux', 'MySQL', 'R']"
0_r1,Machine Learning,55.84,"['Python', 'Machine Learning']","['AWS', 'NLP', 'R']"
0_r1,Node js developer,55.8,['Java'],"['SQL', 'AWS', 'MongoDB', 'MySQL', 'R']"
0_r1,DevOps Engineer,55.77,"['Python', 'Java']","['AWS', 'Docker', 'Linux', 'R']"
0_r1,Machine Learning,55.75,['Machine Learning'],"['Excel', 'R']"
0_r1,Database Administrator,55.65,[],"['SQL', 'AWS', 'Excel', 'ETL', 'R']"
0_r1,Data Analyst,55.64,['Python'],"['SQL', 'Power BI', 'Excel', 'Tableau', 'R']"
0_r1,Data Entry Specialist,55.58,[],"['AWS', 'Excel', 'R']"
0_r1,Node js developer,55.52,['Java'],"['AWS', 'Docker', 'Kubernetes', 'R']"
0_r1,DevOps Engineer,55.42,['Java'],"['Linux', 'MongoDB', 'R']"
0_r1,Node js developer,55.39,['Java'],"['AWS', 'Git', 'Excel', 'R']"
0_r1,DevOps Engineer,55.36,"['Python', 'Java']","['Linux', 'Git', 'Excel', 'R']"
0_r1,Machine Learning,55.29,"['Python', 'Machine Learning', 'Hadoop', 'Hive']","['SQL', 'Git', 'Power BI', 'Excel', 'R']"
0_r1,DevOps Engineer,55.22,[],"['Git', 'R']"
0_r1,Software Engineer,55.22,['Python'],"['SQL', 'R']"
0_r1,DevOps Engineer,55.2,['Python'],"['AWS', 'Docker', 'Kubernetes', 'Linux', 'Git', 'R']"
0_r1,DevOps Engineer,55.17,[],"['AWS', 'Docker', 'Kubernetes', 'Excel', 'R']"
0_r1,Machine Learning,55.16,"['Python', 'Machine Learning']","['SQL', 'Docker', 'Kubernetes', 'R']"
0_r1,Data Analyst - Level 2 - Junior Level,55.13,"['Python', 'Java']","['Excel', 'Tableau', 'R']"
0_r1,Product Data Analyst,55.11,['Python'],"['SQL', 'Power BI', 'Excel', 'Tableau', 'R']"
0_r1,Java Developer,55.08,"['Python', 'Java']","['SQL', 'AWS', 'Docker', 'Kubernetes', 'Git', 'Excel', 'R']"
0_r1,Database Administrator,55.08,[],"['SQL', 'AWS', 'Linux', 'Excel', 'ETL', 'R']"
0_r1,DevOps Engineer,55.06,"['Python', 'Java', 'Hive']","['SQL', 'AWS', 'Docker', 'Kubernetes', 'Linux', 'Git', 'Excel', 'R']"
0_r1,Data Analyst (Power BI/Python),55.04,['Python'],"['SQL', 'Power BI', 'Excel', 'Tableau', 'R']"
0_r1,TikTok Shop - Business Analyst,55.04,['Python'],"['AWS', 'Power BI', 'Tableau', 'R']"
0_r1,Node js developer,55.04,['Java'],"['SQL', 'AWS', 'R']"
0_r1,IT Business Intelligence Analyst,55.02,[],"['Power BI', 'Excel', 'ETL', 'R']"
0_r1,Senior / Lead Software Engineer (Remote),54.93,[],"['SQL', 'Docker', 'MySQL', 'R']"
0_r1,DevOps Engineer,54.89,['Java'],"['AWS', 'Docker', 'Kubernetes', 'Git', 'R']"
0_r1,Machine Learning,54.86,"['Python', 'Java', 'Machine Learning', 'Hadoop', 'Spark', 'Hive']","['SQL', 'Excel', 'Tableau', 'ETL', 'R']"
0_r1,Data Analyst,54.85,['Python'],"['SQL', 'Excel', 'R']"
0_r1,DevOps Engineer,54.83,['Python'],"['AWS', 'Kubernetes', 'Linux', 'Git', 'R']"
0_r1,DevOps Engineer,54.82,['Python'],"['SQL', 'R']"
0_r1,"CRM Data Analyst | Atlanta, GA",54.7,[],"['ETL', 'R']"
0_r1,Machine Learning,54.47,[],['R']
0_r1,Network Administrator,54.46,[],"['Linux', 'R']"
0_r1,Backend Developer,54.45,"['Python', 'Java']","['SQL', 'Docker', 'Kubernetes', 'Git', 'Excel', 'R']"
0_r1,DevOps Engineer,54.37,[],"['AWS', 'Linux', 'Excel', 'R']"
0_r1,DevOps Engineer,54.34,[],"['Kubernetes', 'Linux', 'R']"
0_r1,Django Developer,54.22,"['Python', 'Java']","['SQL', 'AWS', 'Linux', 'Git', 'Flask', 'Django', 'MongoDB', 'MySQL', 'R']"
0_r1,Machine Learning,54.2,"['Python', 'Java', 'Machine Learning', 'Hadoop', 'Spark', 'Hive']","['SQL', 'AWS', 'Git', 'R']"
0_r1,Database Administrator,54.2,"['Python', 'Machine Learning']","['SQL', 'AWS', 'Linux', 'Git', 'MongoDB', 'MySQL', 'ETL', 'R']"
0_r1,DevOps Engineer,54.2,['Python'],"['Docker', 'Kubernetes', 'Linux', 'Git', 'Excel', 'MongoDB', 'R']"
0_r1,DevOps Engineer,54.19,['Python'],"['SQL', 'AWS', 'Docker', 'Kubernetes', 'Git', 'MySQL', 'R']"
0_r1,DevOps Engineer,54.17,[],"['Deep Learning', 'AWS', 'Kubernetes', 'Linux', 'R']"
0_r1,Technical Data Analyst,54.14,['Python'],"['SQL', 'R']"
0_r1,Data Analyst,54.08,['Python'],"['SQL', 'AWS', 'Excel', 'R']"
0_r1,Senior Data Analyst,54.08,"['Python', 'Machine Learning']","['SQL', 'Power BI', 'Tableau', 'ETL', 'R']"
0_r1,Business & Data Analyst,54.08,"['Python', 'Machine Learning', 'Hadoop', 'Spark', 'Hive']","['SQL', 'Linux', 'Power BI', 'Excel', 'Tableau', 'NLP', 'R']"
0_r1,Backend Developer,54.08,['Java'],"['SQL', 'AWS', 'R']"
0_r1,Machine Learning,54.06,"['Machine Learning', 'Hive']","['SQL', 'Excel', 'MongoDB', 'R']"
0_r1,DevOps Engineer,54.03,"['Python', 'Java']","['SQL', 'AWS', 'Docker', 'Kubernetes', 'Linux', 'Git', 'Excel', 'R']"
0_r1,DevOps Engineer,54.02,['Python'],"['AWS', 'Docker', 'Kubernetes', 'Linux', 'Excel', 'R']"
0_r1,Machine Learning,54.01,"['Python', 'Machine Learning']","['SQL', 'Deep Learning', 'TensorFlow', 'PyTorch', 'AWS', 'Docker', 'Excel', 'MongoDB', 'R']"
0_r1,Machine Learning,54.0,"['Python', 'Machine Learning', 'Hadoop', 'Spark']","['SQL', 'Deep Learning', 'R']"
0_r1,DevOps Engineer,54.0,['Python'],"['SQL', 'AWS', 'Docker', 'Kubernetes', 'Linux', 'Git', 'MongoDB', 'R']"
0_r1,Engineering Lead - Analytics Platform,53.96,"['Python', 'Machine Learning']","['AWS', 'Docker', 'R']"
0_r1,Data Analyst,53.95,[],"['Excel', 'Tableau', 'R']"
0_r1,Java Developer,53.81,['Java'],"['Docker', 'Kubernetes', 'Linux', 'MongoDB', 'R']"
0_r1,"Junior Research/Data Analyst (PT, HubZone)",53.79,[],"['Excel', 'R']"
0_r1,Business Development Manager (Monsey),53.78,[],['R']
0_r1,Network Administrator,53.74,[],"['SQL', 'AWS', 'Linux', 'MySQL', 'R']"
0_r1,Node js developer,53.66,['Java'],"['SQL', 'Git', 'MongoDB', 'MySQL', 'R']"
0_r1,Node js developer,53.66,['Java'],"['SQL', 'AWS', 'Git', 'Excel', 'MongoDB', 'MySQL', 'R']"
0_r1,Data Analytics Senior Mangager,53.63,[],"['Tableau', 'ETL', 'R']"
0_r1,"Data Analyst, Tableau Developer",53.58,['Python'],"['SQL', 'AWS', 'Excel', 'Tableau', 'R']"
0_r1,Software Engineer,53.57,['Java'],"['Excel', 'R']"
0_r1,"Principal Business Analyst, Digital Solutions (Personalization)",53.53,['Machine Learning'],"['Git', 'Excel', 'R']"
0_r1,Backend Developer,53.53,[],"['SQL', 'Docker', 'Kubernetes', 'Git', 'R']"
0_r1,"Data Products Analyst, YouTube",53.47,"['Python', 'Java', 'Machine Learning', 'Spark']","['SQL', 'Excel', 'ETL', 'R']"
0_r1,Node js developer,53.47,[],['R']
0_r1,Talent Data Analyst,53.43,"['Python', 'Machine Learning']","['SQL', 'Power BI', 'Excel', 'ETL', 'R']"
0_r1,DevOps Engineer,53.42,['Java'],"['AWS', 'Docker', 'Kubernetes', 'Linux', 'R']"
0_r1,DevOps Engineer,53.37,['Python'],"['SQL', 'AWS', 'Docker', 'Kubernetes', 'Git', 'Excel', 'MongoDB', 'MySQL', 'R']"
0_r1,PHP Developer,53.36,['Java'],"['SQL', 'AWS', 'Git', 'MySQL', 'R']"
0_r1,Database Administrator,53.28,[],"['SQL', 'AWS', 'Linux', 'Excel', 'MongoDB', 'MySQL', 'R']"
0_r1,DevOps Engineer,53.26,['Python'],"['SQL', 'AWS', 'Docker', 'Kubernetes', 'MySQL', 'R']"
0_r1,Network Administrator,53.23,"['Python', 'Java', 'C++']","['SQL', 'AWS', 'Docker', 'Kubernetes', 'Excel', 'R']"
0_r1,Network Administrator,53.2,[],['R']
0_r1,DevOps Engineer,53.18,['Python'],"['AWS', 'Docker', 'Kubernetes', 'Git', 'R']"
0_r1,Machine Learning,53.16,"['Python', 'C++', 'Machine Learning', 'Hadoop']","['SQL', 'R']"
0_r1,Data Analyst,53.15,[],"['SQL', 'Power BI', 'Excel', 'Tableau', 'R']"
0_r1,Data Analyst,53.15,['Python'],"['SQL', 'Power BI', 'Tableau', 'ETL', 'R']"
0_r1,Network Administrator,53.14,[],"['Linux', 'R']"
0_r1,PHP Developer,53.14,"['Python', 'Java']","['SQL', 'MySQL', 'R']"
0_r1,DA2 Data Analyst,53.07,['Machine Learning'],"['SQL', 'Git', 'Tableau', 'R']"
0_r1,Backend Developer,53.06,['Java'],"['Docker', 'Git', 'MongoDB', 'R']"
0_r1,Data Analyst,53.05,[],"['SQL', 'Excel', 'ETL', 'R']"
0_r1,PHP Developer,53.04,['Java'],"['SQL', 'Git', 'R']"
0_r1,DevOps Engineer,53.03,['Python'],"['AWS', 'Docker', 'Kubernetes', 'Linux', 'MongoDB', 'R']"
0_r1,Full Stack Developer,53.03,"['Python', 'Java']","['SQL', 'AWS', 'Docker', 'Git', 'MongoDB', 'ETL', 'R']"
0_r1,Backend Developer,52.99,['Java'],"['SQL', 'AWS', 'Excel', 'MySQL', 'R']"
0_r1,Machine Learning,52.99,"['Python', 'Machine Learning', 'Hadoop', 'Spark']","['SQL', 'TensorFlow', 'PyTorch', 'R']"
0_r1,DevOps Engineer,52.96,['Python'],"['Linux', 'Git', 'Excel', 'R']"
0_r1,Data Analyst,52.94,['Python'],"['SQL', 'Power BI', 'Excel', 'Tableau', 'R']"
0_r1,Backend Developer,52.92,['Java'],"['SQL', 'Git', 'MongoDB', 'MySQL', 'R']"
0_r1,Backend Developer,52.85,[],"['AWS', 'Git', 'R']"
0_r1,Senior Systems Administrator,52.84,"['Python', 'Spark']","['AWS', 'Docker', 'Kubernetes', 'Linux', 'Git', 'R']"
0_r1,Django Developer,52.78,['Python'],"['Git', 'R']"
0_r1,DevOps Engineer,52.76,['Python'],"['Docker', 'Linux', 'Git', 'R']"
0_r1,Backend Developer,52.71,['Java'],"['SQL', 'AWS', 'Excel', 'MySQL', 'R']"
0_r1,Java Developer,52.7,['Java'],['R']
0_r1,DevOps Engineer,52.68,"['Python', 'Java', 'C++']","['AWS', 'Linux', 'Excel', 'R']"
0_r1,Enterprise Data Quantitative Analyst,52.66,[],"['SQL', 'Power BI', 'Excel', 'Tableau', 'R']"
0_r1,Data Analyst II,52.61,"['Python', 'Java']","['SQL', 'Excel', 'Tableau', 'R']"
0_r1,Analytics Manager,52.61,['Python'],"['SQL', 'Excel', 'R']"
0_r1,Data Management Analyst,52.6,['Python'],"['Tableau', 'R']"
0_r1,Data Analyst,52.58,['Machine Learning'],"['SQL', 'AWS', 'Excel', 'R']"
0_r1,Oracle Data & Analytics Functional Consultant - Senior Associate,52.58,[],"['AWS', 'Git', 'ETL', 'R']"
0_r1,Machine Learning,52.58,"['Python', 'Machine Learning']","['SQL', 'Deep Learning', 'TensorFlow', 'PyTorch', 'AWS', 'Docker', 'Linux', 'Excel', 'MongoDB', 'R']"
0_r1,"Analyst, Healthcare Data",52.57,[],"['SQL', 'Excel', 'R']"
0_r1,Backend Developer,52.57,"['Python', 'Java']","['SQL', 'MySQL', 'R']"
0_r1,Machine Learning,52.53,"['Python', 'Java', 'Machine Learning', 'Hadoop', 'Spark', 'Hive']","['SQL', 'TensorFlow', 'Tableau', 'ETL', 'R']"
0_r1,Sr Data Analyst,52.52,[],"['SQL', 'Git', 'Excel', 'Tableau', 'R']"
0_r1,Machine Learning,52.5,['Machine Learning'],"['AWS', 'R']"
0_r1,Software Engineer,52.46,[],"['ETL', 'R']"
0_r1,Machine Learning,52.46,['Machine Learning'],['R']
0_r1,DevOps Engineer,52.4,['Python'],"['AWS', 'Docker', 'Kubernetes', 'Linux', 'Excel', 'R']"
0_r1,Database Administrator,52.4,[],['R']
0_r1,Data Analyst,52.35,[],"['SQL', 'Git', 'Power BI', 'Excel', 'Tableau', 'ETL', 'R']"
0_r1,Django Developer,52.35,['Python'],"['SQL', 'AWS', 'Git', 'Excel', 'Django', 'MySQL', 'R']"
0_r1,DevOps Engineer,52.32,[],"['SQL', 'AWS', 'Kubernetes', 'Linux', 'Git', 'MySQL', 'R']"
0_r1,JavaScript Developer,52.27,['Java'],"['SQL', 'Excel', 'MongoDB', 'R']"
0_r1,Junior Analyst - Client Data Support,52.26,[],"['SQL', 'Power BI', 'Excel', 'R']"
0_r1,DevOps Engineer,52.25,"['Python', 'Java']","['SQL', 'Linux', 'Git', 'MySQL', 'R']"
0_r1,Machine Learning,52.24,"['Python', 'Machine Learning']","['Excel', 'R']"
0_r1,"Data Management Analyst, Entry",52.23,[],"['Excel', 'R']"
0_r1,Full Stack Developer,52.23,"['Python', 'Java', 'C++', 'Machine Learning']","['AWS', 'Excel', 'R']"
0_r1,Data Analyst Advisor,52.18,[],"['AWS', 'Excel', 'R']"
0_r1,Data Analyst,52.17,[],"['SQL', 'AWS', 'Power BI', 'Tableau', 'R']"
0_r1,Data Analyst,52.14,[],"['SQL', 'Git', 'Excel', 'R']"
0_r1,JavaScript Developer,52.13,[],['R']
0_r1,Machine Learning,52.12,"['Python', 'Machine Learning', 'Hadoop', 'Spark']","['SQL', 'Tableau', 'R']"
0_r1,DevOps Engineer,52.09,['Python'],"['Docker', 'Kubernetes', 'Linux', 'Git', 'R']"
0_r1,Java Developer,52.04,['Java'],"['SQL', 'AWS', 'Git', 'R']"
0_r1,Data Analyst,52.01,[],"['SQL', 'Excel', 'R']"
0_r1,Backend Developer,52.01,[],"['SQL', 'AWS', 'Git', 'MongoDB', 'MySQL', 'R']"
0_r1,PHP Developer,52.0,[],['R']
0_r1,Django Developer,52.0,"['Python', 'Java']","['SQL', 'AWS', 'Git', 'Django', 'MySQL', 'R']"
0_r1,Django Developer,51.99,"['Python', 'Machine Learning']","['SQL', 'Linux', 'NLP', 'Django', 'MySQL', 'R']"
0_r1,Data Analyst,51.97,[],"['SQL', 'AWS', 'Excel', 'Tableau', 'ETL', 'R']"
0_r1,MANAGEMENT ANALYST - DATA SOLUTIONS (UNCLASSIFIED),51.93,[],"['SQL', 'AWS', 'ETL', 'R']"
0_r1,DevOps Engineer,51.91,['Python'],"['AWS', 'Docker', 'Kubernetes', 'Linux', 'Git', 'Excel', 'MongoDB', 'R']"
0_r1,DevOps Engineer,51.88,"['Python', 'Spark']","['AWS', 'Kubernetes', 'Git', 'Excel', 'R']"
0_r1,Data Analyst (Hybrid),51.85,['Python'],"['SQL', 'AWS', 'Power BI', 'Excel', 'R']"
0_r1,Database Administrator,51.85,['Hadoop'],"['SQL', 'Excel', 'MongoDB', 'ETL', 'R']"
0_r1,Software Engineer,51.83,"['Python', 'Java', 'C++']","['SQL', 'AWS', 'Linux', 'Git', 'R']"
0_r1,Machine Learning,51.81,"['Python', 'Machine Learning']","['SQL', 'Excel', 'R']"
0_r1,Lead HR Data Analyst,51.76,[],"['AWS', 'Power BI', 'Excel', 'R']"
0_r1,Database Administrator,51.75,[],"['SQL', 'Excel', 'R']"
0_r1,Data Analyst,51.74,['Python'],"['SQL', 'AWS', 'Power BI', 'Excel', 'R']"
0_r1,PHP Developer,51.73,[],"['AWS', 'R']"
0_r1,Software Engineer,51.72,"['Java', 'C++', 'Machine Learning']","['SQL', 'AWS', 'Kubernetes', 'Linux', 'MongoDB', 'MySQL', 'R']"
0_r1,Machine Learning,51.72,"['Java', 'C++', 'Machine Learning']","['SQL', 'AWS', 'Kubernetes', 'Linux', 'MongoDB', 'MySQL', 'R']"
0_r1,Django Developer,51.71,"['Python', 'Java', 'Machine Learning']","['SQL', 'AWS', 'Git', 'Flask', 'Django', 'MongoDB', 'MySQL', 'R']"
0_r1,Manufacturing Data Analyst,51.69,['Python'],"['SQL', 'AWS', 'Power BI', 'Excel', 'Tableau', 'R']"
0_r1,Node js developer,51.68,['Java'],"['SQL', 'Git', 'MongoDB', 'R']"
0_r1,Data Analyst (Texas Residency Required),51.62,[],"['SQL', 'Excel', 'Tableau', 'R']"
0_r1,Software Engineer,51.61,"['Python', 'Java', 'Hadoop', 'Spark']","['SQL', 'AWS', 'Linux', 'Git', 'ETL', 'R']"
0_r1,Software Engineer,51.61,"['Python', 'Java']","['SQL', 'Excel', 'MySQL', 'R']"
0_r1,Data Analyst,51.58,['Python'],['R']
0_r1,Backend Developer,51.57,['Java'],"['Docker', 'Kubernetes', 'R']"
0_r1,Data Analyst - CorpTech Analytics,51.56,['Python'],"['SQL', 'AWS', 'Git', 'Tableau', 'ETL', 'R']"
0_r1,"Research Data Analyst, Rheumatology",51.55,"['Python', 'Java']","['SQL', 'AWS', 'Git', 'Excel', 'Django', 'MySQL', 'R']"
0_r1,DevOps Engineer,51.52,['Python'],"['Linux', 'R']"
0_r1,Senior Data Analyst,51.5,[],"['SQL', 'AWS', 'Excel', 'Tableau', 'R']"
0_r1,Software Engineer,51.5,[],"['Git', 'Excel', 'R']"
0_r1,Node js developer,51.49,['Java'],"['SQL', 'AWS', 'Docker', 'Kubernetes', 'Linux', 'MongoDB', 'R']"
0_r1,Machine Learning,51.48,"['Python', 'Machine Learning', 'Spark']","['SQL', 'MongoDB', 'MySQL', 'R']"
0_r1,DevOps Engineer,51.48,"['Python', 'Java', 'C++']","['Docker', 'Linux', 'Git', 'Excel', 'R']"
0_r1,Data Analyst,51.47,['Python'],"['SQL', 'Power BI', 'Excel', 'R']"
0_r1,Data Analyst,51.46,['Python'],"['SQL', 'Power BI', 'Excel', 'Tableau', 'ETL', 'R']"
0_r1,DevOps Engineer,51.44,"['Python', 'Java']","['SQL', 'AWS', 'Kubernetes', 'Linux', 'Git', 'MongoDB', 'R']"
0_r1,Machine Learning,51.44,"['Python', 'Machine Learning', 'Spark']","['TensorFlow', 'Linux', 'Git', 'ETL', 'R']"
0_r1,Database Administrator,51.44,['Python'],"['SQL', 'Linux', 'Excel', 'Tableau', 'R']"
0_r1,DevOps Engineer,51.43,[],"['AWS', 'Docker', 'Excel', 'R']"
0_r1,DevOps Engineer,51.41,[],"['Docker', 'Kubernetes', 'Linux', 'Git', 'MongoDB', 'R']"
0_r1,Systems Administrator,51.41,[],"['Excel', 'R']"
0_r1,Software Engineer,51.4,['Java'],"['SQL', 'AWS', 'Git', 'R']"
0_r1,Database Administrator,51.4,['Python'],"['SQL', 'AWS', 'Linux', 'Excel', 'MySQL', 'R']"
0_r1,Database Administrator,51.39,[],['R']
0_r1,Node js developer,51.37,['Java'],"['Git', 'R']"
0_r1,Database Administrator,51.36,[],"['SQL', 'AWS', 'MySQL', 'ETL', 'R']"
0_r1,PHP Developer,51.33,['Java'],"['SQL', 'AWS', 'Git', 'MySQL', 'R']"
0_r1,Node js developer,51.32,['Java'],"['SQL', 'AWS', 'Git', 'Excel', 'MySQL', 'R']"
0_r1,Senior Software Engineer,51.27,[],"['SQL', 'Linux', 'Git', 'R']"
0_r1,Django Developer,51.22,"['Python', 'Java']","['SQL', 'Django', 'MySQL', 'R']"
0_r1,Machine Learning,51.21,"['Python', 'Java', 'Machine Learning', 'Spark']","['Deep Learning', 'TensorFlow', 'PyTorch', 'R']"
0_r1,DevOps Engineer,51.21,['Java'],"['AWS', 'Docker', 'Kubernetes', 'Git', 'R']"
0_r1,Java Developer,51.2,['Java'],"['SQL', 'AWS', 'Docker', 'Excel', 'MongoDB', 'R']"
0_r1,DevOps Engineer,51.2,[],"['SQL', 'AWS', 'Docker', 'Linux', 'MySQL', 'R']"
0_r1,Machine Learning,51.15,['Python'],"['SQL', 'Deep Learning', 'TensorFlow', 'PyTorch', 'R']"
0_r1,Senior Data Analyst,51.13,[],"['SQL', 'Excel', 'R']"
0_r1,Systems Administrator,51.1,[],"['AWS', 'Git', 'R']"
0_r1,Backend Developer,51.09,['Java'],"['SQL', 'AWS', 'Linux', 'MySQL', 'R']"
0_r1,Django Developer,51.08,"['Python', 'Java']","['Git', 'Django', 'R']"
0_r1,Machine Learning,51.02,"['Python', 'Machine Learning']","['Deep Learning', 'TensorFlow', 'PyTorch', 'R']"
0_r1,Junior Business Analyst,50.94,[],"['SQL', 'Power BI', 'Excel', 'Tableau', 'MySQL', 'R']"
0_r1,Entry Level Business Analyst,50.93,[],['R']
0_r1,Node js developer,50.89,[],"['Excel', 'MongoDB', 'R']"
0_r1,Node js developer,50.85,['Java'],"['SQL', 'Excel', 'MongoDB', 'MySQL', 'R']"
0_r1,Software Engineer,50.82,"['Machine Learning', 'Hadoop', 'Spark']","['SQL', 'Git', 'Excel', 'R']"
0_r1,DevOps Engineer,50.8,['Python'],"['SQL', 'AWS', 'Docker', 'Kubernetes', 'Linux', 'Git', 'Excel', 'MongoDB', 'MySQL', 'R']"
0_r1,DevOps Engineer,50.72,['Python'],"['SQL', 'AWS', 'Docker', 'Linux', 'Git', 'Excel', 'MySQL', 'R']"
0_r1,Django Developer,50.72,"['Python', 'Java']","['SQL', 'AWS', 'Git', 'Excel', 'Django', 'MongoDB', 'MySQL', 'R']"
0_r1,PHP Developer,50.72,['Java'],"['SQL', 'Git', 'MongoDB', 'MySQL', 'R']"
0_r1,Software Engineer,50.68,"['Python', 'Java']","['SQL', 'AWS', 'Docker', 'Kubernetes', 'Linux', 'Git', 'R']"
0_r1,Node js developer,50.66,['Java'],"['SQL', 'R']"
0_r1,Full Stack Developer,50.62,[],"['AWS', 'Git', 'Excel', 'R']"
0_r1,DevOps Engineer,50.59,[],"['AWS', 'Linux', 'Git', 'R']"
0_r1,Software Engineer,50.53,"['Python', 'Java', 'C++']","['AWS', 'Docker', 'Excel', 'R']"
0_r1,PHP Developer,50.52,"['Python', 'Java']",['R']
0_r1,Database Administrator,50.52,[],"['SQL', 'Linux', 'MongoDB', 'R']"
0_r1,Node js developer,50.51,[],"['SQL', 'AWS', 'Docker', 'Git', 'Excel', 'MongoDB', 'MySQL', 'R']"
0_r1,Machine Learning,50.51,[],"['Git', 'R']"
0_r1,Data Systems Analyst,50.5,[],"['AWS', 'Excel', 'R']"
0_r1,Business Analyst,50.5,"['Python', 'Machine Learning']","['SQL', 'AWS', 'Git', 'Power BI', 'Excel', 'Tableau', 'ETL', 'R']"
0_r1,DevOps Engineer,50.47,[],"['AWS', 'Linux', 'Git', 'R']"
0_r1,Java Developer,50.45,['Java'],"['SQL', 'AWS', 'Docker', 'Kubernetes', 'R']"
0_r1,Healthcare Data Analyst III (Remote capable),50.43,[],"['SQL', 'Excel', 'R']"
0_r1,Data Analyst,50.42,"['Python', 'Machine Learning']","['SQL', 'Power BI', 'Excel', 'Tableau', 'R']"
0_r1,Data Analyst,50.41,['Python'],"['SQL', 'Git', 'Excel', 'MySQL', 'R']"
0_r1,Machine Learning,50.41,[],"['Excel', 'R']"
0_r1,Database Administrator,50.38,['Python'],"['SQL', 'AWS', 'Git', 'MySQL', 'R']"
0_r1,Machine Learning,50.38,['Python'],"['AWS', 'Docker', 'Excel', 'NLP', 'Flask', 'R']"
0_r1,Backend Developer,50.37,['Java'],"['SQL', 'Docker', 'Kubernetes', 'R']"
0_r1,Senior Data Analyst,50.35,"['Python', 'Machine Learning']","['SQL', 'Git', 'Power BI', 'Excel', 'Tableau', 'R']"
0_r1,Django Developer,50.35,['Python'],"['SQL', 'Linux', 'Git', 'Excel', 'Flask', 'Django', 'R']"
0_r1,Full Stack Developer,50.33,['Java'],"['SQL', 'Git', 'R']"
0_r1,DevOps Engineer,50.32,"['Python', 'Java', 'C++']","['Docker', 'Linux', 'Git', 'Excel', 'R']"
0_r1,Node js developer,50.31,['Java'],"['SQL', 'AWS', 'Docker', 'Kubernetes', 'MongoDB', 'R']"
0_r1,Node js developer,50.31,['Java'],"['SQL', 'AWS', 'R']"
0_r1,"Remote - Release Project Manager - San Diego, CA or North Carolina",50.29,[],['R']
0_r1,Node js developer,50.26,['Java'],"['Git', 'R']"
0_r1,Full Stack Developer,50.24,[],"['AWS', 'Git', 'Excel', 'R']"
0_r1,Node js developer,50.22,['Java'],"['SQL', 'Git', 'MySQL', 'R']"
0_r1,Node js developer,50.21,['Java'],"['Git', 'R']"
0_r1,Clinical Informatics Analyst (Data Analyst Experience) - REMOTE,50.2,[],"['SQL', 'Power BI', 'ETL', 'R']"
0_r1,DevOps Engineer,50.2,['Python'],"['AWS', 'Docker', 'Kubernetes', 'Linux', 'Git', 'R']"
0_r1,Java Developer,50.2,"['Java', 'Hadoop']","['SQL', 'AWS', 'Excel', 'MongoDB', 'R']"
0_r1,Data Specialist,50.17,[],['R']
0_r1,Machine Learning,50.11,"['Python', 'Java', 'C++', 'Machine Learning']",['R']
0_r1,Full Stack Developer,50.1,[],"['AWS', 'Docker', 'R']"
0_r1,Machine Learning,50.1,"['Python', 'Machine Learning']","['TensorFlow', 'R']"
0_r1,Machine Learning,50.09,['Machine Learning'],"['AWS', 'Docker', 'Linux', 'Git', 'R']"
0_r1,DevOps Engineer,50.07,[],"['AWS', 'Kubernetes', 'Linux', 'Git', 'Excel', 'R']"
0_r1,Data Analyst,50.03,[],"['SQL', 'Excel', 'R']"
0_r1,PHP Developer,50.02,['Java'],"['SQL', 'Excel', 'MySQL', 'R']"
0_r1,Supply Chain Analyst - Senior,50.02,[],['R']
0_r1,Database Administrator,50.01,[],"['SQL', 'AWS', 'Linux', 'Excel', 'R']"
0_r1,Business Analyst II - Supply Chain,50.0,[],"['SQL', 'Power BI', 'Excel', 'R']"
0_r1,Machine Learning,50.0,"['Python', 'Java', 'C++', 'Machine Learning']",['R']
0_r1,Data Analyst - Business Insights,49.99,['Python'],"['SQL', 'AWS', 'Excel', 'Tableau', 'R']"
0_r1,Node js developer,49.99,['Java'],"['SQL', 'AWS', 'Git', 'MongoDB', 'MySQL', 'R']"
0_r1,DevOps Engineer,49.98,[],"['AWS', 'Linux', 'R']"
0_r1,Backend Developer,49.91,['Java'],"['SQL', 'Docker', 'Git', 'R']"
0_r1,Node js developer,49.91,['Java'],"['Git', 'R']"
0_r1,Machine Learning,49.9,"['Python', 'Java', 'Machine Learning', 'Hadoop']","['TensorFlow', 'PyTorch', 'R']"
0_r1,Node js developer,49.88,['Java'],['R']
0_r1,Backend Developer,49.88,['Java'],"['SQL', 'R']"
0_r1,Backend Developer,49.86,[],['R']
0_r1,"Analyst, Demand Generation Performance",49.84,[],"['SQL', 'Power BI', 'Excel', 'Tableau', 'R']"
0_r1,Software Engineer,49.77,['Java'],"['SQL', 'Excel', 'MongoDB', 'MySQL', 'ETL', 'R']"
0_r1,Node js developer,49.75,['Java'],"['Git', 'Excel', 'R']"
0_r1,Node js developer,49.72,['Java'],"['Git', 'R']"
0_r1,Django Developer,49.69,"['Python', 'Java']","['Docker', 'Git', 'Flask', 'Django', 'R']"
0_r1,Django Developer,49.67,"['Python', 'Java']","['Excel', 'Django', 'R']"
0_r1,"Director, Strategy & Operations",49.66,[],"['SQL', 'Excel', 'R']"
0_r1,DevOps Engineer,49.65,"['Python', 'Java', 'Hadoop']","['Linux', 'R']"
0_r1,Network Administrator,49.65,"['Python', 'Java', 'C++']","['SQL', 'AWS', 'Docker', 'Kubernetes', 'Excel', 'R']"
0_r1,Technical Support Agent (Remote),49.58,[],"['Excel', 'R']"
0_r1,Database Administrator,49.57,[],['R']
0_r1,Backend Developer,49.55,"['Python', 'Java']","['SQL', 'Docker', 'Linux', 'Git', 'Django', 'MySQL', 'R']"
0_r1,Django Developer,49.55,"['Python', 'Machine Learning']","['SQL', 'Linux', 'NLP', 'Django', 'MySQL', 'R']"
0_r1,Data Analyst 1,49.54,[],"['Excel', 'Tableau', 'R']"
0_r1,DevOps Engineer,49.53,"['Python', 'Java']","['AWS', 'Docker', 'Kubernetes', 'Linux', 'Git', 'Excel', 'R']"
0_r1,Wordpress Developer,49.51,['Java'],['R']
0_r1,Django Developer,49.5,"['Python', 'Java']","['SQL', 'AWS', 'Git', 'Excel', 'Django', 'MongoDB', 'MySQL', 'R']"
0_r1,"Business Analyst II, SPRS",49.47,[],"['SQL', 'Excel', 'Tableau', 'ETL', 'R']"
0_r1,Java Developer,49.47,['Java'],"['Git', 'Excel', 'R']"
0_r1,Business Analyst,49.46,['Python'],"['SQL', 'Git', 'Excel', 'Tableau', 'R']"
0_r1,"Regional Sales Director, SAP - NE - United States",49.43,[],"['AWS', 'Excel', 'R']"
0_r1,Network Administrator,49.34,[],['R']
0_r1,Data Analyst (contract),49.3,['Python'],"['SQL', 'Power BI', 'Excel', 'Tableau', 'R']"
0_r1,IT Health Data Analyst II,49.28,[],"['SQL', 'Power BI', 'Excel', 'R']"
0_r1,Node js developer,49.28,['Java'],"['SQL', 'AWS', 'MongoDB', 'R']"
0_r1,Node js developer,49.26,['Java'],"['SQL', 'AWS', 'Git', 'MongoDB', 'R']"
0_r1,PHP Developer,49.26,['Java'],"['SQL', 'Git', 'MySQL', 'R']"
0_r1,Node js developer,49.26,['Java'],"['Git', 'R']"
0_r1,Machine Learning,49.22,"['Python', 'Java', 'Machine Learning', 'Spark']","['SQL', 'AWS', 'Git', 'R']"
0_r1,Full Stack Developer,49.21,"['Python', 'Java', 'Machine Learning']","['AWS', 'R']"
0_r1,Data Engineer/Analyst,49.19,['Python'],"['SQL', 'AWS', 'Power BI', 'ETL', 'R']"
0_r1,Full Stack Developer,49.19,['Java'],"['SQL', 'AWS', 'Docker', 'Git', 'Excel', 'MySQL', 'R']"
0_r1,Business Data Analyst,49.18,['Python'],"['SQL', 'Git', 'Power BI', 'Excel', 'Tableau', 'R']"
0_r1,DevOps Engineer,49.18,"['Python', 'Java']","['AWS', 'Docker', 'Git', 'Excel', 'R']"
0_r1,Django Developer,49.18,['Python'],"['SQL', 'AWS', 'Git', 'Excel', 'Django', 'MySQL', 'R']"
0_r1,Data Visualization Analyst,49.14,[],"['Excel', 'R']"
0_r1,JavaScript Developer,49.13,['Java'],"['Kubernetes', 'Excel', 'R']"
0_r1,Senior eCommerce Engineer,49.12,['Java'],"['Docker', 'Linux', 'Git', 'Excel', 'R']"
0_r1,Django Developer,49.09,"['Python', 'Machine Learning']","['SQL', 'Deep Learning', 'AWS', 'Git', 'Flask', 'Django', 'R']"
0_r1,Database Administrator,49.09,[],['R']
0_r1,Database Administrator,49.08,[],"['SQL', 'AWS', 'Excel', 'R']"
0_r1,PHP Developer,49.07,['Java'],"['SQL', 'AWS', 'Git', 'MySQL', 'R']"
0_r1,Data Research Analyst,49.06,[],"['Excel', 'R']"
0_r1,Java Developer,49.06,['Java'],"['SQL', 'Excel', 'ETL', 'R']"
0_r1,Backend Developer,49.05,[],"['AWS', 'Git', 'Django', 'R']"
0_r1,Machine Learning,49.05,"['Python', 'Machine Learning']","['Deep Learning', 'TensorFlow', 'PyTorch', 'Docker', 'Kubernetes', 'R']"
0_r1,Data & Analytics Specialist,49.04,['Python'],"['SQL', 'AWS', 'R']"
0_r1,2025 AARC Senior Data Science Analyst,49.04,[],"['AWS', 'R']"
0_r1,Node js developer,48.98,['Java'],"['SQL', 'AWS', 'Docker', 'Linux', 'MongoDB', 'MySQL', 'R']"
0_r1,Financial Data Analyst,48.94,['Python'],"['SQL', 'AWS', 'Power BI', 'Tableau', 'R']"
0_r1,Product & Data Analyst,48.92,[],"['SQL', 'AWS', 'Power BI', 'Excel', 'Tableau', 'R']"
0_r1,Full Stack Developer,48.89,"['Python', 'Machine Learning']","['SQL', 'AWS', 'Docker', 'Kubernetes', 'Git', 'R']"
0_r1,DevOps Engineer,48.89,[],"['SQL', 'AWS', 'Docker', 'Kubernetes', 'Linux', 'Excel', 'R']"
0_r1,Data Analyst 2,48.87,['Java'],"['Excel', 'Tableau', 'R']"
0_r1,Network Administrator,48.85,[],"['Excel', 'R']"
0_r1,Software Engineer,48.85,['Java'],"['AWS', 'Docker', 'Kubernetes', 'Git', 'R']"
0_r1,DevOps Engineer,48.84,[],"['SQL', 'AWS', 'Git', 'R']"
0_r1,Machine Learning,48.83,"['Python', 'Java', 'C++', 'Machine Learning', 'Hadoop', 'Spark']","['SQL', 'Deep Learning', 'TensorFlow', 'PyTorch', 'AWS', 'Excel', 'NLP', 'R']"
0_r1,Node js developer,48.83,[],"['SQL', 'MongoDB', 'MySQL', 'R']"
0_r1,Node js developer,48.83,[],"['AWS', 'Docker', 'Git', 'R']"
0_r1,Data Analyst,48.81,[],"['SQL', 'Tableau', 'ETL', 'R']"
0_r1,DevOps Engineer,48.79,[],"['SQL', 'AWS', 'Docker', 'Kubernetes', 'Linux', 'Git', 'R']"
0_r1,JavaScript Developer,48.79,"['Java', 'Hive']","['SQL', 'Git', 'Power BI', 'Excel', 'Tableau', 'MySQL', 'ETL', 'R']"
0_r1,Database Administrator,48.77,[],['R']
0_r1,Systems Administrator,48.76,['Python'],"['AWS', 'Excel', 'R']"
0_r1,PHP Developer,48.75,['Java'],"['SQL', 'R']"
0_r1,DevOps Engineer,48.71,['Python'],"['SQL', 'AWS', 'Linux', 'Git', 'MongoDB', 'R']"
0_r1,Network Administrator,48.71,[],"['SQL', 'R']"
0_r1,Full Stack Developer,48.69,[],"['AWS', 'Docker', 'Git', 'R']"
0_r1,Business Data Analyst,48.65,[],"['SQL', 'Git', 'Power BI', 'Excel', 'Tableau', 'R']"
0_r1,Database Administrator,48.65,[],"['SQL', 'Excel', 'R']"
0_r1,Software Engineer,48.64,"['Python', 'Java', 'Machine Learning']","['SQL', 'Git', 'Flask', 'Django', 'MongoDB', 'R']"
0_r1,Django Developer,48.61,"['Python', 'Java']","['SQL', 'AWS', 'Django', 'R']"
0_r1,Data Analyst,48.6,['Python'],"['SQL', 'Power BI', 'Tableau', 'R']"
0_r1,DevOps Engineer,48.56,['Java'],"['AWS', 'Docker', 'Kubernetes', 'R']"
0_r1,PHP Developer,48.54,['Java'],"['SQL', 'Excel', 'MySQL', 'R']"
0_r1,Node js developer,48.54,[],"['SQL', 'AWS', 'Git', 'MongoDB', 'MySQL', 'R']"
0_r1,Machine Learning,48.51,"['Python', 'Machine Learning']","['Deep Learning', 'TensorFlow', 'AWS', 'Kubernetes', 'Excel', 'R']"
0_r1,Software Engineer,48.51,"['Python', 'Java', 'Hadoop']","['Excel', 'R']"
0_r1,Data Analyst,48.5,[],"['SQL', 'Tableau', 'R']"
0_r1,PHP Developer,48.49,"['Python', 'Java']","['SQL', 'Git', 'R']"
0_r1,Software Engineer,48.46,['Java'],"['AWS', 'R']"
0_r1,Database Administrator,48.46,[],"['AWS', 'Linux', 'Excel', 'R']"
0_r1,Node js developer,48.46,[],"['SQL', 'Git', 'Excel', 'MongoDB', 'MySQL', 'R']"
0_r1,Full Stack Developer,48.46,['Java'],"['SQL', 'AWS', 'Linux', 'MongoDB', 'R']"
0_r1,Supply Chain Data Analyst,48.44,[],"['Power BI', 'Excel', 'Tableau', 'R']"
0_r1,iOS Developer,48.43,[],"['Git', 'Excel', 'R']"
0_r1,iOS Developer,48.43,[],"['Git', 'Excel', 'R']"
0_r1,Data Analyst,48.4,['Python'],"['SQL', 'MySQL', 'R']"
0_r1,Network Administrator,48.4,[],['R']
0_r1,Operations Data Analyst,48.39,['Python'],"['SQL', 'Power BI', 'Excel', 'R']"
0_r1,"Data Analyst, Consultant-(REMOTE)",48.39,[],"['SQL', 'AWS', 'Git', 'Power BI', 'Tableau', 'R']"
0_r1,JavaScript Developer,48.37,"['Python', 'Java']","['Kubernetes', 'R']"
0_r1,Operations Data Analyst,48.36,[],"['SQL', 'AWS', 'Excel', 'R']"
0_r1,Machine Learning,48.35,"['Python', 'Machine Learning', 'Hadoop', 'Spark', 'Hive']","['SQL', 'Deep Learning', 'TensorFlow', 'Git', 'Excel', 'NLP', 'R']"
0_r1,Software Engineer,48.34,"['Java', 'Machine Learning']","['SQL', 'MySQL', 'R']"
0_r1,Machine Learning,48.34,['Machine Learning'],['R']
0_r1,JavaScript Developer,48.34,['Java'],"['SQL', 'AWS', 'Excel', 'R']"
0_r1,Marketing Data Analyst,48.32,[],"['Excel', 'R']"
0_r1,JavaScript Developer,48.32,['Java'],"['SQL', 'AWS', 'Excel', 'R']"
0_r1,JavaScript Developer,48.31,['Java'],"['SQL', 'AWS', 'R']"
0_r1,Machine Learning,48.3,"['Python', 'Machine Learning']","['SQL', 'Deep Learning', 'TensorFlow', 'AWS', 'Excel', 'NLP', 'R']"
0_r1,Software Engineer,48.28,['Java'],"['AWS', 'Docker', 'Kubernetes', 'Git', 'R']"
0_r1,Django Developer,48.27,"['Python', 'Java']","['SQL', 'Linux', 'Git', 'Flask', 'Django', 'MongoDB', 'R']"
0_r1,Database Administrator,48.25,['Hadoop'],['R']
0_r1,Machine Learning,48.23,"['Python', 'Machine Learning']","['SQL', 'Excel', 'R']"
0_r1,Associate Master Data Analyst,48.22,[],"['Power BI', 'Excel', 'R']"
0_r1,Supply Chain Analyst,48.17,[],['R']
0_r1,Machine Learning,48.14,"['Python', 'Java', 'C++', 'Machine Learning', 'Hadoop', 'Spark', 'Hive']","['SQL', 'R']"
0_r1,DevOps Engineer,48.13,"['Python', 'Java', 'C++']","['Docker', 'Kubernetes', 'Excel', 'R']"
0_r1,Node js developer,48.12,['Java'],"['Git', 'R']"
0_r1,Node js developer,48.12,['Java'],"['MongoDB', 'R']"
0_r1,Software Engineer,48.07,['Java'],"['SQL', 'Git', 'Excel', 'R']"
0_r1,Software Engineer,48.06,['Java'],"['Excel', 'R']"
0_r1,Machine Learning,48.05,"['Python', 'Machine Learning']",['R']
0_r1,Network Administrator,48.03,[],"['AWS', 'Excel', 'R']"
0_r1,Senior Data Advisor,48.02,"['Python', 'Machine Learning']","['SQL', 'Git', 'Power BI', 'Excel', 'Tableau', 'ETL', 'R']"
0_r1,Backend Developer,48.01,['Java'],"['SQL', 'AWS', 'Docker', 'MongoDB', 'R']"
0_r1,Full Stack Developer,48.0,[],['R']
0_r1,Systems administrator,48.0,[],['R']
0_r1,Machine Learning,47.99,"['Python', 'Machine Learning']","['Deep Learning', 'TensorFlow', 'PyTorch', 'Docker', 'Kubernetes', 'R']"
0_r1,Software Engineer,47.98,"['Java', 'C++']","['AWS', 'R']"
0_r1,Java Developer,47.97,['Java'],"['SQL', 'Linux', 'Git', 'R']"
0_r1,Node js developer,47.96,['Java'],"['SQL', 'AWS', 'Docker', 'Git', 'MongoDB', 'MySQL', 'R']"
0_r1,"Data Analyst, Partner Revenue Operations",47.94,[],"['SQL', 'Git', 'Excel', 'R']"
0_r1,Full Stack Developer,47.94,['Java'],"['AWS', 'Excel', 'R']"
0_r1,Node js developer,47.93,[],"['SQL', 'MongoDB', 'MySQL', 'R']"
0_r1,Node js developer,47.91,['Java'],"['SQL', 'MongoDB', 'MySQL', 'R']"
0_r1,Full Stack Developer,47.9,"['Python', 'Java']","['SQL', 'Linux', 'Flask', 'MongoDB', 'R']"
0_r1,Software Engineer,47.89,"['Python', 'Java']","['Docker', 'Excel', 'R']"
0_r1,Machine Learning,47.86,"['Python', 'Java', 'Machine Learning', 'Hadoop', 'Spark']",['R']
0_r1,Data Analyst,47.84,['Python'],"['SQL', 'R']"
0_r1,DevOps Engineer,47.83,[],"['Git', 'R']"
0_r1,Django Developer,47.81,"['Python', 'Java']","['SQL', 'Git', 'Django', 'MongoDB', 'R']"
0_r1,Database Administrator,47.8,['Java'],"['SQL', 'Excel', 'R']"
0_r1,Network Administrator,47.77,[],"['Linux', 'R']"
0_r1,JavaScript Developer,47.75,['Java'],['R']
0_r1,DevOps Engineer,47.73,"['Python', 'Java']","['AWS', 'Docker', 'Kubernetes', 'Linux', 'Git', 'R']"
0_r1,Backend Developer,47.71,['Java'],"['Git', 'Excel', 'R']"
0_r1,Backend Developer,47.7,"['Python', 'Java']","['SQL', 'AWS', 'R']"
0_r1,Django Developer,47.69,['Python'],"['SQL', 'Excel', 'Django', 'R']"
0_r1,"Data Analyst / Report Writer, Associate - Power BI",47.68,[],"['SQL', 'AWS', 'Git', 'Power BI', 'R']"
0_r1,Machine Learning,47.66,"['Python', 'Java', 'Machine Learning', 'Spark']","['SQL', 'AWS', 'Linux', 'Excel', 'R']"
0_r1,Customer Service Professional (REMOTE),47.66,[],"['Git', 'Excel', 'R']"
0_r1,DevOps Engineer,47.65,"['Python', 'Java']","['Docker', 'Kubernetes', 'Linux', 'Git', 'Excel', 'R']"
0_r1,DevOps Engineer,47.65,['Python'],"['Docker', 'Kubernetes', 'Linux', 'Git', 'Excel', 'R']"
0_r1,Lead Supply Chain Planning Analyst,47.6,[],"['AWS', 'R']"
0_r1,Business Intelligence Analyst,47.6,['Python'],"['SQL', 'Power BI', 'Excel', 'R']"
0_r1,Backend Developer,47.6,[],"['AWS', 'Docker', 'Kubernetes', 'R']"
0_r1,Network Administrator,47.58,[],['R']
0_r1,Business Development Specialist,47.58,[],"['Excel', 'R']"
0_r1,Business Analyst – Veeva RIM (Life Sciences),47.57,[],['R']
0_r1,DevOps Engineer,47.56,"['Python', 'Java']","['AWS', 'Linux', 'Git', 'R']"
0_r1,DevOps Engineer,47.54,['Python'],"['AWS', 'Kubernetes', 'Linux', 'R']"
0_r1,Tableau Data Analyst -100% Remote,47.53,[],"['Tableau', 'ETL', 'R']"
0_r1,Senior Data Analyst,47.51,['Python'],"['SQL', 'Tableau', 'R']"
0_r1,Node js developer,47.49,['Java'],"['Excel', 'MongoDB', 'R']"
0_r1,Senior Data Science Analyst,47.48,"['Python', 'Machine Learning']","['SQL', 'Power BI', 'Excel', 'Tableau', 'NLP', 'R']"
0_r1,Technical Support Agent,47.48,['Java'],"['Excel', 'R']"
0_r1,Machine Learning,47.46,['Python'],"['SQL', 'AWS', 'Linux', 'Excel', 'Tableau', 'R']"
0_r1,Full Stack Developer,47.45,"['Python', 'Java']","['SQL', 'Linux', 'R']"
0_r1,Machine Learning,47.43,[],"['Git', 'R']"
0_r1,Database Administrator,47.42,[],"['Excel', 'R']"
0_r1,Principal Data Analyst,47.39,[],['R']
0_r1,Software Engineer,47.36,"['Python', 'Java', 'C++']","['AWS', 'R']"
0_r1,Network Administrator,47.35,[],['R']
0_r1,JavaScript Developer,47.33,['Java'],['R']
0_r1,"Data Reporting Analyst- (***YORK, PA***)",47.32,[],"['Power BI', 'Excel', 'R']"
0_r1,Django Developer,47.3,['Python'],"['AWS', 'Git', 'Django', 'R']"
0_r1,DevOps Engineer,47.29,"['Python', 'Java']","['SQL', 'Linux', 'MySQL', 'R']"
0_r1,Machine Learning,47.28,"['Python', 'C++', 'Machine Learning']","['Deep Learning', 'TensorFlow', 'PyTorch', 'AWS', 'R']"
0_r1,Java Developer,47.27,['Java'],"['SQL', 'AWS', 'Docker', 'Kubernetes', 'Git', 'R']"
0_r1,Java Software Engineer - Mid Level (REMOTE),47.18,['Java'],"['Kubernetes', 'Git', 'R']"
0_r1,Java Developer,47.17,['Java'],['R']
0_r1,PHP Developer,47.17,['Java'],"['SQL', 'Git', 'MySQL', 'R']"
0_r1,Backend Developer,47.15,['Python'],"['SQL', 'AWS', 'Flask', 'Django', 'MySQL', 'R']"
0_r1,Full Stack Developer,47.14,['Java'],"['SQL', 'Linux', 'Excel', 'MySQL', 'R']"
0_r1,Backend Developer,47.14,"['Python', 'Java']","['SQL', 'AWS', 'Docker', 'Kubernetes', 'Excel', 'R']"
0_r1,DevOps Engineer,47.1,"['Python', 'Java']","['AWS', 'Git', 'R']"
0_r1,Java Developer,47.1,"['Python', 'Java', 'Machine Learning']","['AWS', 'Linux', 'R']"
0_r1,Full Stack Developer,47.09,"['Python', 'Java', 'C++']","['SQL', 'Linux', 'Django', 'R']"
0_r1,PHP Developer,47.08,"['Python', 'Java']","['SQL', 'Git', 'MySQL', 'R']"
0_r1,Machine Learning,47.07,"['Python', 'Machine Learning', 'Hadoop', 'Spark']","['TensorFlow', 'AWS', 'Docker', 'Kubernetes', 'Linux', 'Git', 'Excel', 'R']"
0_r1,Full Stack Developer,47.07,['Java'],"['SQL', 'AWS', 'Excel', 'MySQL', 'R']"
0_r1,Full Stack Developer,47.07,['Java'],"['Git', 'R']"
0_r1,Node js developer,47.06,[],"['SQL', 'AWS', 'R']"
0_r1,Node js developer,47.02,['Java'],"['SQL', 'Docker', 'Kubernetes', 'Git', 'Excel', 'MongoDB', 'MySQL', 'R']"
0_r1,Systems Administrator,47.01,[],"['Excel', 'R']"
0_r1,Software Engineer,46.99,[],['R']
0_r1,Senior Data Analyst,46.95,"['Python', 'Machine Learning']","['SQL', 'AWS', 'Git', 'Excel', 'Tableau', 'ETL', 'R']"
0_r1,DevOps Engineer,46.92,[],"['AWS', 'Kubernetes', 'Linux', 'Git', 'Excel', 'R']"
0_r1,Backend Developer,46.88,['Java'],"['SQL', 'Git', 'MongoDB', 'MySQL', 'R']"
0_r1,Data Analyst - Practice Onboarding,46.85,['Python'],"['SQL', 'AWS', 'Excel', 'Tableau', 'R']"
0_r1,Network Administrator,46.85,[],['R']
0_r1,Django Developer,46.79,"['Python', 'Java']","['SQL', 'Django', 'MySQL', 'R']"
0_r1,PHP Developer,46.79,"['Python', 'Java']","['SQL', 'Git', 'R']"
0_r1,Full Stack Developer,46.78,['Java'],"['SQL', 'Linux', 'Git', 'Excel', 'MySQL', 'R']"
0_r1,DevOps Engineer,46.77,[],"['Linux', 'Excel', 'R']"
0_r1,DevOps Engineer,46.77,['Python'],"['AWS', 'Docker', 'Kubernetes', 'Git', 'R']"
0_r1,Reporting Data Analyst,46.76,['Python'],"['SQL', 'Excel', 'R']"
0_r1,PHP Developer,46.76,['Java'],"['SQL', 'Git', 'Excel', 'MongoDB', 'MySQL', 'R']"
0_r1,Network Systems Admin,46.75,[],"['SQL', 'AWS', 'R']"
0_r1,Data Analytics Specialist,46.74,['Python'],"['SQL', 'AWS', 'Power BI', 'Tableau', 'R']"
0_r1,Network Administrator,46.74,[],"['Linux', 'R']"
0_r1,Data Analyst,46.73,[],"['SQL', 'AWS', 'Power BI', 'Excel', 'Tableau', 'R']"
0_r1,Business Analyst,46.72,[],"['Excel', 'R']"
0_r1,Machine Learning,46.72,"['Python', 'C++', 'Machine Learning']","['Deep Learning', 'TensorFlow', 'PyTorch', 'AWS', 'R']"
0_r1,Senior Software/Workflow Business Analyst,46.7,[],"['SQL', 'Excel', 'R']"
0_r1,Backend Developer,46.69,['Java'],"['SQL', 'Excel', 'MySQL', 'R']"
0_r1,Node js developer,46.69,['Java'],"['SQL', 'AWS', 'MongoDB', 'MySQL', 'R']"
0_r1,Data Management Analyst,46.67,"['Python', 'Machine Learning']","['SQL', 'Excel', 'R']"
0_r1,JavaScript Developer,46.65,"['Python', 'Java']","['Excel', 'R']"
0_r1,"Data Analyst, Field Planning & Analytics",46.63,[],"['SQL', 'Power BI', 'Excel', 'R']"
0_r1,Data Quality Analyst,46.62,['Python'],"['SQL', 'Excel', 'R']"
0_r1,Backend Developer,46.6,['Python'],"['SQL', 'Django', 'MySQL', 'R']"
0_r1,Software Engineer,46.57,['Java'],['R']
0_r1,Database Administrator,46.55,[],"['SQL', 'Linux', 'Excel', 'R']"
0_r1,Machine Learning,46.54,"['Python', 'Machine Learning']","['SQL', 'R']"
0_r1,Backend Developer,46.53,[],"['SQL', 'ETL', 'R']"
0_r1,JavaScript Developer,46.53,['Java'],"['AWS', 'Linux', 'Git', 'Excel', 'R']"
0_r1,Senior Data Analyst,46.47,"['Python', 'Java']","['SQL', 'Power BI', 'Excel', 'Tableau', 'MySQL', 'ETL', 'R']"
0_r1,Node js developer,46.47,['Java'],"['SQL', 'MongoDB', 'R']"
0_r1,Network Administrator,46.46,[],"['Git', 'R']"
0_r1,Data Entry Operator - REMOTE,46.46,['Hive'],"['Git', 'Excel', 'R']"
0_r1,Human Resources Data Analyst,46.44,[],"['Excel', 'R']"
0_r1,Data Engineering Consultant/Analyst,46.44,['Python'],"['SQL', 'Tableau', 'ETL', 'R']"
0_r1,Software Engineer,46.44,['Python'],"['Linux', 'Git', 'R']"
0_r1,Django Developer,46.42,['Python'],"['AWS', 'Git', 'Django', 'R']"
0_r1,Software Engineer,46.42,['C++'],"['Linux', 'Git', 'Excel', 'R']"
0_r1,"Material Data Analysis, Manufacturing",46.41,['Python'],"['SQL', 'Power BI', 'Excel', 'Tableau', 'R']"
0_r1,Data Analyst III - GIPHY,46.36,"['Python', 'Machine Learning', 'Spark']","['SQL', 'Git', 'Excel', 'Tableau', 'ETL', 'R']"
0_r1,Data Analyst,46.36,[],"['Power BI', 'Excel', 'Tableau', 'R']"
0_r1,PHP Developer,46.35,['Java'],"['SQL', 'Git', 'R']"
0_r1,Django Developer,46.35,['Python'],"['Linux', 'Excel', 'Django', 'ETL', 'R']"
0_r1,Node js developer,46.33,['Java'],"['SQL', 'Git', 'R']"
0_r1,DevOps Engineer,46.32,['Java'],"['Docker', 'Kubernetes', 'Git', 'R']"
0_r1,Insurance Data Analyst,46.3,[],"['Excel', 'R']"
0_r1,Network Administrator,46.29,['Python'],"['Excel', 'R']"
0_r1,Database Administrator,46.27,[],"['SQL', 'Excel', 'R']"
0_r1,DATA ANALYST - SUPPLY CHAIN ANALYTICS,46.24,['Machine Learning'],"['SQL', 'R']"
0_r1,DevOps Engineer,46.21,[],"['SQL', 'AWS', 'Linux', 'Git', 'MySQL', 'R']"
0_r1,DevOps Engineer,46.19,[],"['SQL', 'AWS', 'Docker', 'Kubernetes', 'Linux', 'Git', 'Excel', 'MySQL', 'R']"
0_r1,Node js developer,46.18,['Java'],"['Linux', 'Git', 'Excel', 'R']"
0_r1,Backend Developer,46.17,['Java'],['R']
0_r1,Django Developer,46.16,['Python'],"['AWS', 'Excel', 'Django', 'R']"
0_r1,DevOps Engineer,46.14,"['Python', 'Java']","['Linux', 'R']"
0_r1,Entry Level Data Analyst,46.13,[],['R']
0_r1,Backend Developer,46.1,['Java'],['R']
0_r1,Backend Developer,46.07,['Java'],"['SQL', 'AWS', 'MySQL', 'R']"
0_r1,Backend Developer,46.06,[],"['SQL', 'Git', 'Django', 'MySQL', 'R']"
0_r1,Software Engineer,46.06,['Java'],"['SQL', 'Docker', 'Kubernetes', 'Git', 'Excel', 'MySQL', 'R']"
0_r1,Node js developer,46.06,['Java'],"['Git', 'MongoDB', 'R']"
0_r1,DevOps Engineer,46.06,['Python'],"['AWS', 'Linux', 'Excel', 'R']"
0_r1,Murex Data Management Business Analyst,46.05,"['Python', 'Java']","['SQL', 'Excel', 'R']"
0_r1,"Business Analyst, Performance",46.05,[],['R']
0_r1,Data Analyst,46.04,['Python'],"['SQL', 'Excel', 'R']"
0_r1,Java Developer,46.04,['Java'],"['AWS', 'Excel', 'R']"
0_r1,Tech Support Agent - Remote US,46.04,[],"['Git', 'R']"
0_r1,Java Developer,46.03,['Java'],"['SQL', 'Git', 'Excel', 'R']"
0_r1,Software Engineer,46.03,['Python'],"['SQL', 'AWS', 'Excel', 'R']"
0_r1,JavaScript Developer,46.01,['Java'],"['SQL', 'AWS', 'Excel', 'MySQL', 'R']"
0_r1,Wordpress Developer,46.01,['Java'],"['SQL', 'Git', 'MySQL', 'R']"
0_r1,DevOps Engineer,45.98,[],['R']
0_r1,Java Developer,45.97,['Java'],"['SQL', 'Linux', 'R']"
0_r1,Django Developer,45.95,"['Python', 'Java']","['SQL', 'Git', 'Excel', 'Flask', 'Django', 'R']"
0_r1,Software Engineer,45.93,"['Python', 'Java', 'C++']","['SQL', 'Linux', 'Git', 'R']"
0_r1,Backend Developer,45.93,"['Python', 'C++']","['Linux', 'R']"
0_r1,Django Developer,45.93,['Python'],"['SQL', 'Git', 'Django', 'MySQL', 'R']"
0_r1,Django Developer,45.92,['Python'],"['SQL', 'AWS', 'Git', 'Django', 'MySQL', 'R']"
0_r1,Java Developer,45.91,['Java'],"['SQL', 'R']"
0_r1,Machine Learning,45.91,['Python'],"['SQL', 'R']"
0_r1,Data Entry Specialist,45.9,[],"['Excel', 'R']"
0_r1,Wordpress Developer,45.88,['Java'],"['SQL', 'Git', 'MySQL', 'R']"
0_r1,AppleCare Support Business Analyst,45.87,['Python'],"['SQL', 'Excel', 'Tableau', 'R']"
0_r1,ERP Data Analyst- NEW,45.85,[],"['SQL', 'Power BI', 'Excel', 'Tableau', 'ETL', 'R']"
0_r1,Wordpress Developer,45.85,[],['R']
0_r1,"Data & Analytics, Analyst",45.84,['Python'],"['SQL', 'AWS', 'R']"
0_r1,JavaScript Developer,45.84,['Java'],"['SQL', 'Linux', 'MongoDB', 'MySQL', 'R']"
0_r1,Software Engineer,45.84,['Java'],['R']
0_r1,Machine Learning,45.81,['Machine Learning'],"['NLP', 'R']"
0_r1,Backend Developer,45.8,"['Java', 'C++']","['SQL', 'AWS', 'Docker', 'MySQL', 'R']"
0_r1,Sales Specialist,45.79,[],"['Git', 'Excel', 'R']"
0_r1,Software Engineer,45.78,"['Python', 'Java']","['AWS', 'Docker', 'Kubernetes', 'Git', 'R']"
0_r1,Node js developer,45.77,['Java'],"['SQL', 'Linux', 'MongoDB', 'R']"
0_r1,Software Engineer,45.76,"['Python', 'C++']","['Linux', 'Git', 'Excel', 'R']"
0_r1,Data Marketing Analyst,45.74,['Python'],"['SQL', 'Power BI', 'Excel', 'Tableau', 'R']"
0_r1,Full Stack Developer,45.74,['Java'],['R']
0_r1,Django Developer,45.73,"['Python', 'Java']","['Git', 'Flask', 'Django', 'R']"
0_r1,Machine Learning,45.71,"['Python', 'Machine Learning']","['Deep Learning', 'TensorFlow', 'PyTorch', 'Excel', 'NLP', 'ETL', 'R']"
0_r1,"Director / Sr Director, Strategic Operations Management (Product ...",45.71,[],"['Git', 'Excel', 'R']"
0_r1,Data Analyst,45.69,[],"['Excel', 'R']"
0_r1,Full Stack Developer,45.69,['Java'],"['SQL', 'AWS', 'Git', 'MySQL', 'R']"
0_r1,Machine Learning,45.69,"['Python', 'C++', 'Machine Learning']","['Deep Learning', 'TensorFlow', 'R']"
0_r1,Java Developer,45.69,[],['R']
0_r1,Java Developer,45.68,['Java'],"['SQL', 'AWS', 'Linux', 'Git', 'R']"
0_r1,Database Administrator,45.68,[],"['SQL', 'R']"
0_r1,DevOps Engineer,45.68,"['Python', 'Java', 'C++']","['SQL', 'Docker', 'Linux', 'Git', 'R']"
0_r1,Full Stack Developer,45.64,['Java'],"['SQL', 'Linux', 'MySQL', 'R']"
0_r1,Java Developer,45.61,['Java'],"['AWS', 'R']"
0_r1,Node js developer,45.61,['Java'],"['Linux', 'Git', 'Excel', 'MongoDB', 'R']"
0_r1,Backend Developer,45.61,[],"['SQL', 'Excel', 'R']"
0_r1,Machine Learning,45.61,"['Python', 'Java', 'Machine Learning', 'Hadoop', 'Spark']","['Excel', 'NLP', 'R']"
0_r1,IT Project Manager III - Contract to Hire - Fortune Client,45.61,[],['R']
0_r1,Machine Learning,45.59,"['Python', 'Machine Learning', 'Hadoop']","['SQL', 'AWS', 'R']"
0_r1,Software Engineer,45.59,"['Python', 'Java', 'C++']","['SQL', 'Linux', 'Excel', 'R']"
0_r1,216: Data Analyst II,45.58,['Python'],"['SQL', 'Power BI', 'Excel', 'R']"
0_r1,Django Developer,45.56,"['Python', 'Java']","['SQL', 'Flask', 'Django', 'MySQL', 'R']"
0_r1,Data Governance Analyst,45.55,[],['R']
0_r1,Node js developer,45.55,['Java'],"['SQL', 'AWS', 'R']"
0_r1,Backend Developer,45.55,['Java'],"['SQL', 'Linux', 'MySQL', 'R']"
0_r1,Finance Business Analyst,45.54,[],"['Git', 'Power BI', 'Excel', 'ETL', 'R']"
0_r1,Full Stack Developer,45.54,['Java'],"['AWS', 'R']"
0_r1,Backend Developer,45.54,['Java'],"['SQL', 'AWS', 'Docker', 'Kubernetes', 'Git', 'Excel', 'MySQL', 'R']"
0_r1,Software Engineer,45.53,['Python'],"['Linux', 'Git', 'R']"
0_r1,PowerBI Data Analyst,45.5,[],"['SQL', 'AWS', 'Excel', 'R']"
0_r1,"Sr. Business Analyst, Time & Distance Authority",45.48,['Machine Learning'],"['SQL', 'Excel', 'MySQL', 'R']"
0_r1,PHP Developer,45.48,['Java'],"['SQL', 'Git', 'Excel', 'MySQL', 'R']"
0_r1,Software Engineer,45.48,['Java'],"['Excel', 'R']"
0_r1,Automation & Data Visualization Specialist-REMOTE,45.47,"['Python', 'Machine Learning']","['Excel', 'R']"
0_r1,Node js developer,45.46,[],"['SQL', 'Linux', 'Git', 'MongoDB', 'MySQL', 'R']"
0_r1,Machine Learning,45.45,"['Python', 'Hadoop', 'Spark']",['R']
0_r1,Node js developer,45.42,['Java'],"['Git', 'R']"
0_r1,Django Developer,45.42,['Python'],"['SQL', 'Docker', 'Git', 'Excel', 'Django', 'R']"
0_r1,PHP Developer,45.41,['Java'],"['SQL', 'Linux', 'Git', 'Excel', 'MySQL', 'R']"
0_r1,JavaScript Developer,45.4,['Java'],"['Git', 'Excel', 'R']"
0_r1,Data Analyst,45.38,['Python'],"['SQL', 'Git', 'Excel', 'Tableau', 'R']"
0_r1,JavaScript Developer,45.38,['Java'],['R']
0_r1,Business Development Manager - Talent and Technology Solutions,45.38,[],"['Excel', 'R']"
0_r1,Machine Learning,45.35,"['Python', 'Java', 'Machine Learning']","['AWS', 'Git', 'Excel', 'NLP', 'R']"
0_r1,Data & Reporting Analyst,45.31,"['Hadoop', 'Hive']","['SQL', 'Power BI', 'Excel', 'Tableau', 'MySQL', 'R']"
0_r1,Full Stack Developer,45.31,['Python'],"['Django', 'R']"
0_r1,Django Developer,45.3,"['Python', 'Java']","['SQL', 'Excel', 'Django', 'MySQL', 'R']"
0_r1,Project Managers,45.3,[],"['Git', 'Excel', 'R']"
0_r1,PHP Developer,45.28,['Java'],"['SQL', 'Git', 'MySQL', 'R']"
0_r1,Full Stack Developer,45.26,['Java'],"['SQL', 'MySQL', 'R']"
0_r1,Network Administrator,45.25,[],"['SQL', 'AWS', 'Linux', 'Excel', 'MySQL', 'R']"
0_r1,Database Administrator,45.25,[],"['SQL', 'AWS', 'Excel', 'ETL', 'R']"
0_r1,Database Administrator,45.24,[],"['SQL', 'Excel', 'R']"
0_r1,Full Stack Developer,45.24,"['Python', 'Java']","['SQL', 'Excel', 'ETL', 'R']"
0_r1,Talent Acquisition Coordinator/ Technical Recruiter (100% Remote...,45.24,[],"['Excel', 'R']"
0_r1,Supply Chain Data Analyst,45.23,[],['R']
0_r1,Software Engineer,45.21,"['Python', 'Java', 'C++', 'Machine Learning']","['SQL', 'Excel', 'R']"
0_r1,Django Developer,45.21,['Python'],"['SQL', 'Docker', 'Git', 'Django', 'MySQL', 'R']"
0_r1,Django Developer,45.21,['Python'],"['Django', 'R']"
0_r1,Full Stack Developer,45.2,['Java'],"['SQL', 'R']"
0_r1,Business Analyst,45.19,[],"['Excel', 'R']"
0_r1,"Manager, Data Analytics",45.18,[],"['Git', 'Excel', 'R']"
0_r1,Software Engineer,45.17,['Java'],"['SQL', 'Docker', 'Kubernetes', 'MySQL', 'R']"
0_r1,Software Engineer,45.17,['Java'],"['SQL', 'Excel', 'R']"
0_r1,Full Stack Developer,45.15,[],"['SQL', 'R']"
0_r1,Database Administrator,45.12,[],"['SQL', 'ETL', 'R']"
0_r1,Node js developer,45.11,['Java'],['R']
0_r1,Machine Learning,45.1,"['Python', 'Java', 'C++', 'Machine Learning']","['Deep Learning', 'Excel', 'NLP', 'R']"
0_r1,Backend Developer,45.1,[],"['SQL', 'AWS', 'R']"
0_r1,Database Administrator,45.1,[],"['SQL', 'MongoDB', 'MySQL', 'R']"
0_r1,Node js developer,45.08,[],"['Git', 'R']"
0_r1,Machine Learning,45.07,[],['R']
0_r1,Full Stack Developer,45.06,"['Python', 'Java', 'C++', 'Machine Learning']","['Git', 'R']"
0_r1,"Data Analyst Consultant - DSNY10 (August 4, 2025)",45.05,[],"['Excel', 'Tableau', 'R']"
0_r1,Software Engineer,44.99,"['Python', 'C++']","['SQL', 'R']"
0_r1,Django Developer,44.99,"['Python', 'Java']","['Docker', 'Kubernetes', 'Flask', 'Django', 'ETL', 'R']"
0_r1,Data Analyst (Contractor) - Hybrid,44.97,['Python'],"['SQL', 'Excel', 'R']"
0_r1,DevOps Engineer,44.97,['Java'],"['SQL', 'AWS', 'R']"
0_r1,Backend Developer,44.96,['Java'],"['SQL', 'AWS', 'MySQL', 'R']"
0_r1,Django Developer,44.94,['Python'],"['Docker', 'Kubernetes', 'Git', 'Flask', 'Django', 'R']"
0_r1,Backend Developer,44.94,['Java'],['R']
0_r1,Software Engineer (Remote),44.94,[],"['SQL', 'AWS', 'Git', 'R']"
0_r1,Full Stack Developer,44.93,"['Python', 'Java', 'C++']","['SQL', 'Excel', 'R']"
0_r1,Business Analyst,44.92,[],"['Excel', 'R']"
0_r1,Network Administrator,44.91,[],['R']
0_r1,Full Stack Developer,44.88,['Java'],"['AWS', 'R']"
0_r1,DevOps Engineer,44.88,[],"['AWS', 'Docker', 'Kubernetes', 'Linux', 'R']"
0_r1,Machine Learning,44.87,"['Python', 'Java', 'C++', 'Machine Learning', 'Spark']","['Excel', 'R']"
0_r1,Java Developer,44.87,"['Python', 'Java']","['Git', 'Excel', 'Django', 'R']"
0_r1,DevOps Engineer,44.82,[],"['SQL', 'AWS', 'R']"
0_r1,Django Developer,44.81,['Python'],"['SQL', 'Linux', 'Git', 'Flask', 'Django', 'MySQL', 'R']"
0_r1,Flutter Developer,44.8,[],"['AWS', 'Excel', 'R']"
0_r1,Network Administrator,44.79,[],['R']
0_r1,Wordpress Developer,44.78,[],['R']
0_r1,Software Engineer,44.77,['Java'],"['SQL', 'Excel', 'MongoDB', 'R']"
0_r1,Network Administrator,44.76,[],"['Git', 'R']"
0_r1,Senior Analyst,44.73,[],"['Excel', 'R']"
0_r1,Java Developer,44.73,"['Python', 'Java']","['SQL', 'Git', 'Excel', 'R']"
0_r1,Business Data Analyst,44.72,[],['R']
0_r1,Backend Developer,44.72,[],"['SQL', 'Docker', 'Git', 'R']"
0_r1,Node js developer,44.69,['Java'],"['Git', 'R']"
0_r1,Backend Developer,44.68,['Java'],"['Docker', 'Git', 'Excel', 'R']"
0_r1,Java Developer,44.68,[],"['SQL', 'R']"
0_r1,Machine Learning,44.66,"['Python', 'Java', 'Machine Learning']","['SQL', 'TensorFlow', 'PyTorch', 'AWS', 'MongoDB', 'MySQL', 'R']"
0_r1,Sr. System Administrator,44.66,['Java'],"['Linux', 'R']"
0_r1,Evidence Lab – Alternative Data Analyst,44.65,['Python'],"['SQL', 'Excel', 'R']"
0_r1,Java Developer,44.63,['Java'],['R']
0_r1,PHP Developer,44.63,['Java'],"['SQL', 'Git', 'MySQL', 'R']"
0_r1,Node js developer,44.63,"['Python', 'Java']","['SQL', 'AWS', 'Linux', 'Git', 'MongoDB', 'MySQL', 'R']"
0_r1,Sales Executive Fiber,44.6,[],['R']
0_r1,Django Developer,44.59,"['Python', 'Java']","['SQL', 'Git', 'Django', 'MySQL', 'R']"
0_r1,DevOps Engineer,44.58,['Java'],"['Docker', 'Linux', 'Git', 'R']"
0_r1,Java Developer,44.58,['Java'],"['Git', 'R']"
0_r1,Node js developer,44.56,['Java'],['R']
0_r1,"Senior Analyst, Marketing Data Operations",44.55,"['Python', 'Spark']","['SQL', 'AWS', 'Git', 'R']"
0_r1,PHP Developer,44.54,['Java'],"['SQL', 'Git', 'MySQL', 'R']"
0_r1,"Data Analyst 1, SRS",44.52,['Python'],"['SQL', 'AWS', 'Linux', 'Git', 'R']"
0_r1,Data Reporting Analyst,44.5,[],"['SQL', 'Power BI', 'Excel', 'Tableau', 'R']"
0_r1,Database Administrator,44.5,[],"['SQL', 'Linux', 'Tableau', 'R']"
0_r1,Django Developer,44.5,"['Python', 'Java', 'C++']","['Flask', 'Django', 'R']"
0_r1,DevOps Engineer,44.48,[],"['AWS', 'R']"
0_r1,PHP Developer,44.44,['Java'],"['SQL', 'Linux', 'Git', 'MySQL', 'R']"
0_r1,PHP Developer,44.42,[],"['SQL', 'Git', 'MySQL', 'R']"
0_r1,PHP Developer,44.42,['Java'],"['SQL', 'Git', 'Excel', 'MySQL', 'R']"
0_r1,Data Management Analyst for Netsmart,44.42,[],['R']
0_r1,Java Developer,44.41,['Java'],"['Kubernetes', 'Git', 'Excel', 'R']"
0_r1,Machine Learning,44.4,"['Python', 'Java', 'C++', 'Machine Learning', 'Hadoop', 'Spark']","['SQL', 'AWS', 'Docker', 'Git', 'Excel', 'R']"
0_r1,Machine Learning,44.4,"['Python', 'Machine Learning']","['Deep Learning', 'TensorFlow', 'PyTorch', 'Excel', 'NLP', 'R']"
0_r1,Business Data Analyst II,44.38,['Python'],"['SQL', 'AWS', 'Power BI', 'Tableau', 'R']"
0_r1,JavaScript Developer,44.35,['Java'],"['Excel', 'R']"
0_r1,Data Analyst - Marketing & Analytics,44.31,['Python'],"['SQL', 'Git', 'R']"
0_r1,Django Developer,44.29,['Python'],"['SQL', 'AWS', 'Git', 'Excel', 'Flask', 'Django', 'MySQL', 'R']"
0_r1,Backend Developer,44.26,[],"['SQL', 'AWS', 'MySQL', 'R']"
0_r1,Network Administrator,44.26,[],['R']
0_r1,PHP Developer,44.24,['Java'],"['SQL', 'Git', 'MySQL', 'R']"
0_r1,Backend Developer,44.23,['Java'],"['SQL', 'Kubernetes', 'R']"
0_r1,Data Analyst,44.22,"['Python', 'Machine Learning']","['SQL', 'Power BI', 'Excel', 'Tableau', 'R']"
0_r1,PHP Developer,44.17,['Java'],"['SQL', 'AWS', 'Git', 'MySQL', 'R']"
0_r1,Node js developer,44.17,[],"['AWS', 'Docker', 'Git', 'Excel', 'R']"
0_r1,Donor Data Analyst- Remote Opportunity,44.15,[],"['SQL', 'AWS', 'Excel', 'Tableau', 'R']"
0_r1,Backend Developer,44.15,"['Python', 'Java']","['AWS', 'Excel', 'Django', 'R']"
0_r1,Full Stack Developer,44.14,['Python'],"['SQL', 'AWS', 'MySQL', 'R']"
0_r1,Backend Developer,44.14,['Python'],"['Django', 'R']"
0_r1,Data Analyst – Junior,44.13,[],['R']
0_r1,Threat Intelligence Analyst,44.12,['Python'],"['Excel', 'R']"
0_r1,PHP Developer,44.1,[],"['SQL', 'MySQL', 'R']"
0_r1,Associate Business Intelligence Analyst,44.07,[],"['SQL', 'Power BI', 'Excel', 'Tableau', 'R']"
0_r1,Node js developer,44.06,['Java'],"['SQL', 'AWS', 'Docker', 'Git', 'Excel', 'MongoDB', 'R']"
0_r1,Data Analyst,44.03,['Python'],"['SQL', 'Git', 'Excel', 'R']"
0_r1,Senior Data Analyst,44.03,['Python'],"['SQL', 'AWS', 'Power BI', 'Excel', 'Tableau', 'R']"
0_r1,Data Analyst III,44.03,['Python'],"['SQL', 'Power BI', 'Tableau', 'R']"
0_r1,Data and Information Technology Analyst,44.03,[],"['Excel', 'R']"
0_r1,DevOps Engineer,44.03,"['Python', 'Java']","['SQL', 'AWS', 'Linux', 'Git', 'R']"
0_r1,Network Administrator,44.02,[],"['Linux', 'R']"
0_r1,DevOps Engineer,44.02,"['Python', 'Hadoop']","['SQL', 'AWS', 'Linux', 'MySQL', 'R']"
0_r1,Node js developer,44.02,['Java'],"['Linux', 'Git', 'Excel', 'R']"
0_r1,Backend Developer,44.02,"['Python', 'Java']","['SQL', 'AWS', 'Excel', 'MongoDB', 'MySQL', 'R']"
0_r1,Node js developer,44.01,['Java'],"['SQL', 'Git', 'MongoDB', 'MySQL', 'R']"
0_r1,"Senior Director, Digital Marketing - Remote",44.01,[],"['AWS', 'Git', 'Excel', 'R']"
0_r1,Software Engineer,43.99,"['Python', 'Java']","['Excel', 'R']"
0_r1,DevOps Engineer,43.98,"['Python', 'Java']","['AWS', 'Docker', 'Kubernetes', 'Linux', 'Git', 'R']"
0_r1,JavaScript Developer,43.96,['Java'],['R']
0_r1,"Data Analyst, GBM - MPIE",43.95,['Python'],"['SQL', 'AWS', 'Git', 'Power BI', 'Excel', 'Tableau', 'R']"
0_r1,Database Administrator,43.95,[],"['SQL', 'R']"
0_r1,Backend Developer,43.95,['Java'],"['SQL', 'MongoDB', 'MySQL', 'R']"
0_r1,Network Administrator,43.91,[],"['Linux', 'R']"
0_r1,Wordpress Developer,43.91,['Java'],"['SQL', 'AWS', 'Linux', 'Git', 'MySQL', 'R']"
0_r1,Machine Learning,43.9,"['Python', 'Machine Learning', 'Hadoop', 'Spark']","['SQL', 'Deep Learning', 'TensorFlow', 'PyTorch', 'AWS', 'Docker', 'Kubernetes', 'Git', 'Excel', 'NLP', 'R']"
0_r1,Java Developer,43.9,[],"['Kubernetes', 'R']"
0_r1,Web Developer,43.89,['Java'],"['SQL', 'Git', 'MongoDB', 'MySQL', 'R']"
0_r1,Internal Audit Data Analyst,43.88,['Python'],"['SQL', 'AWS', 'Excel', 'Tableau', 'R']"
0_r1,Senior Business Analyst,43.88,['Python'],"['SQL', 'Git', 'ETL', 'R']"
0_r1,Java Developer,43.88,['Java'],"['SQL', 'AWS', 'Docker', 'Kubernetes', 'Git', 'MySQL', 'R']"
0_r1,Wordpress Developer,43.86,['Java'],"['SQL', 'Git', 'MySQL', 'R']"
0_r1,PHP Developer,43.84,[],"['SQL', 'Excel', 'MySQL', 'R']"
0_r1,Database Administrator,43.82,['Hadoop'],"['SQL', 'Tableau', 'ETL', 'R']"
0_r1,PHP Developer,43.81,['Java'],"['SQL', 'Git', 'R']"
0_r1,Database Administrator,43.81,[],"['SQL', 'R']"
0_r1,Sr. Performance Analyst,43.8,['Python'],"['SQL', 'Excel', 'Tableau', 'R']"
0_r1,Full Stack Developer,43.76,['Java'],"['SQL', 'Git', 'MongoDB', 'MySQL', 'R']"
0_r1,Network Administrator,43.75,[],['R']
0_r1,Backend Developer,43.74,[],"['SQL', 'Git', 'MySQL', 'R']"
0_r1,Backend Developer,43.72,['Java'],"['Excel', 'R']"
0_r1,Business Analyst,43.71,[],['R']
0_r1,Node js developer,43.71,[],"['SQL', 'MongoDB', 'MySQL', 'R']"
0_r1,DevOps Engineer,43.71,['Python'],"['AWS', 'Docker', 'Kubernetes', 'Linux', 'R']"
0_r1,PHP Developer,43.68,['Java'],"['SQL', 'AWS', 'Linux', 'Git', 'Excel', 'MySQL', 'R']"
0_r1,Database Administrator,43.67,[],"['SQL', 'R']"
0_r1,Network Administrator,43.67,['Java'],"['SQL', 'Excel', 'R']"
0_r1,Backend Developer,43.66,[],['R']
0_r1,PHP Developer,43.65,[],"['SQL', 'Excel', 'MongoDB', 'MySQL', 'R']"
0_r1,Django Developer,43.64,['Python'],"['Django', 'R']"
0_r1,JavaScript Developer,43.64,['Java'],['R']
0_r1,Machine Learning,43.64,"['Java', 'Machine Learning']","['SQL', 'Linux', 'Git', 'Excel', 'NLP', 'MySQL', 'R']"
0_r1,Django Developer,43.63,['Python'],"['AWS', 'Docker', 'Kubernetes', 'Linux', 'Git', 'Flask', 'Django', 'R']"
0_r1,Backend Developer,43.62,[],"['SQL', 'Excel', 'R']"
0_r1,JavaScript Developer,43.61,['Java'],"['SQL', 'AWS', 'Excel', 'MySQL', 'R']"
0_r1,Associate Data Analyst,43.57,['Python'],"['SQL', 'Excel', 'R']"
0_r1,Data Analyst,43.56,['Machine Learning'],['R']
0_r1,DevOps Engineer,43.56,"['Python', 'Java']","['AWS', 'Kubernetes', 'Linux', 'Git', 'R']"
0_r1,Remote E-Commerce Technical Analyst,43.56,[],"['Excel', 'R']"
0_r1,Full-Cycle Recruiter (Remote),43.55,[],['R']
0_r1,Network Administrator,43.53,[],['R']
0_r1,Backend Developer,43.52,['C++'],['R']
0_r1,Java Developer,43.49,"['Java', 'Machine Learning']","['SQL', 'Git', 'R']"
0_r1,Database Administrator,43.49,[],"['SQL', 'R']"
0_r1,Data Analyst,43.48,['Python'],"['SQL', 'Excel', 'Tableau', 'R']"
0_r1,Database Administrator,43.48,['Python'],"['SQL', 'Linux', 'Excel', 'MySQL', 'R']"
0_r1,Software Engineer,43.46,"['Java', 'C++']",['R']
0_r1,JavaScript Developer,43.44,['Java'],"['AWS', 'Excel', 'MongoDB', 'R']"
0_r1,Software Engineer,43.44,"['Python', 'Machine Learning', 'Spark']","['Deep Learning', 'TensorFlow', 'PyTorch', 'R']"
0_r1,Machine Learning,43.42,"['Python', 'C++', 'Machine Learning']","['SQL', 'R']"
0_r1,Node js developer,43.41,['Java'],"['SQL', 'Git', 'MySQL', 'R']"
0_r1,Database Administrator,43.41,[],"['SQL', 'Linux', 'Excel', 'MongoDB', 'R']"
0_r1,Full Stack Developer,43.38,"['Python', 'Java']","['SQL', 'Git', 'MySQL', 'R']"
0_r1,PHP Developer,43.37,['Java'],"['SQL', 'AWS', 'R']"
0_r1,Database Administrator,43.37,[],"['SQL', 'R']"
0_r1,Data Analyst II,43.36,[],"['SQL', 'AWS', 'Power BI', 'Excel', 'Tableau', 'R']"
0_r1,iOS Developer,43.36,[],"['Git', 'R']"
0_r1,Django Developer,43.36,['Python'],"['SQL', 'Excel', 'Django', 'R']"
0_r1,Customer Service Representative L2 (Work-At-Home),43.36,[],"['Excel', 'R']"
0_r1,Backend Developer,43.34,"['Python', 'Java']","['Excel', 'R']"
0_r1,Java Developer,43.34,['Java'],"['SQL', 'Docker', 'Git', 'R']"
0_r1,Django Developer,43.33,"['Python', 'Java']","['Flask', 'Django', 'R']"
0_r1,Django Developer,43.29,[],"['SQL', 'AWS', 'Flask', 'Django', 'MongoDB', 'MySQL', 'R']"
0_r1,JavaScript Developer,43.24,['Java'],"['Git', 'R']"
0_r1,iOS Developer,43.24,['Java'],"['Git', 'Excel', 'R']"
0_r1,Wordpress Developer,43.23,['Java'],"['SQL', 'Git', 'Excel', 'MongoDB', 'MySQL', 'R']"
0_r1,Data Analyst,43.22,[],['R']
0_r1,PHP Developer,43.2,['Java'],"['SQL', 'Git', 'MySQL', 'R']"
0_r1,Sr. Manager E-Commerce Operations (Monsey),43.2,[],"['Git', 'Excel', 'R']"
0_r1,Contracting Project Management Intern,43.2,[],['R']
0_r1,Database Administrator,43.17,[],"['SQL', 'Excel', 'R']"
0_r1,DevOps Engineer,43.15,['Python'],"['AWS', 'Linux', 'Git', 'R']"
0_r1,Business & Data Analyst,43.11,['Python'],"['SQL', 'Power BI', 'Excel', 'Tableau', 'R']"
0_r1,PHP Developer,43.11,['Java'],"['SQL', 'Git', 'Excel', 'MySQL', 'R']"
0_r1,PHP Developer,43.1,['Java'],"['Excel', 'R']"
0_r1,Wordpress Developer,43.08,['Java'],"['SQL', 'MySQL', 'R']"
0_r1,Technical Support Representative - Work from Home!,43.07,[],"['Excel', 'R']"
0_r1,Network Administrator,43.06,[],['R']
0_r1,Node js developer,43.06,[],"['Git', 'R']"
0_r1,Software Engineer,43.06,"['Python', 'Java']","['SQL', 'Git', 'Excel', 'Flask', 'MongoDB', 'MySQL', 'R']"
0_r1,DevOps Engineer,43.05,"['Python', 'Java']","['AWS', 'Linux', 'Git', 'Excel', 'R']"
0_r1,Sales & Marketing Data Analyst,43.04,[],"['SQL', 'Power BI', 'Excel', 'Tableau', 'R']"
0_r1,Network Administrator,43.04,[],"['Excel', 'R']"
0_r1,"Sr. Product Marketing Manager - Growth, Music Industry",43.03,[],"['Git', 'R']"
0_r1,Network Administrator,43.01,[],['R']
0_r1,iOS Developer,43.0,[],"['Git', 'R']"
0_r1,Data Analyst,42.99,[],"['SQL', 'Git', 'Power BI', 'Excel', 'R']"
0_r1,Network Administrator,42.99,[],"['AWS', 'R']"
0_r1,PHP Developer,42.98,['Java'],['R']
0_r1,Wordpress Developer,42.97,['Java'],"['Git', 'Excel', 'R']"
0_r1,Data Analyst,42.96,['Python'],"['SQL', 'Excel', 'R']"
0_r1,Enterprise Sales Executive,42.95,[],['R']
0_r1,Data Reporting Analyst,42.94,[],"['SQL', 'Power BI', 'Excel', 'R']"
0_r1,Property and Casualty ETL (informatica) Analyst,42.92,[],"['SQL', 'ETL', 'R']"
0_r1,Backend Developer,42.92,['Java'],"['SQL', 'R']"
0_r1,DevOps Engineer,42.91,[],"['AWS', 'Docker', 'Linux', 'R']"
0_r1,Machine Learning,42.9,['Machine Learning'],['R']
0_r1,Wordpress Developer,42.87,['Java'],"['Git', 'R']"
0_r1,Full Stack Developer,42.82,[],"['SQL', 'Power BI', 'Excel', 'R']"
0_r1,Sr Data Analyst,42.8,[],"['Excel', 'R']"
0_r1,Marketing Analytics Manager,42.8,[],"['Git', 'R']"
0_r1,Business Development Executive,42.78,[],['R']
0_r1,Contractor - Food Systems Data and Intelligence Analyst,42.77,['Python'],"['SQL', 'Tableau', 'R']"
0_r1,Full Stack Developer,42.77,[],"['Git', 'R']"
0_r1,Database Administrator,42.77,[],"['SQL', 'Excel', 'R']"
0_r1,Machine Learning,42.76,"['Python', 'Machine Learning']","['TensorFlow', 'R']"
0_r1,Backend Developer,42.72,[],"['SQL', 'MySQL', 'R']"
0_r1,JavaScript Developer,42.71,['Java'],"['SQL', 'AWS', 'Linux', 'Git', 'Excel', 'R']"
0_r1,Machine Learning,42.71,"['Python', 'Machine Learning']","['SQL', 'Excel', 'NLP', 'R']"
0_r1,Data Analyst 1713,42.68,['Python'],"['SQL', 'Excel', 'Tableau', 'R']"
0_r1,iOS Developer,42.68,[],"['Git', 'R']"
0_r1,Senior Data Analyst,42.67,['Python'],"['SQL', 'Git', 'R']"
0_r1,JavaScript Developer,42.67,"['Java', 'Machine Learning']","['AWS', 'Git', 'R']"
0_r1,E-Commerce Account Manager,42.67,[],"['Excel', 'R']"
0_r1,PHP Developer,42.66,"['Python', 'Java']","['SQL', 'MySQL', 'R']"
0_r1,Django Developer,42.65,"['Python', 'Java']","['SQL', 'AWS', 'Git', 'Django', 'R']"
0_r1,Node js developer,42.63,"['Python', 'Java']","['SQL', 'AWS', 'Linux', 'Git', 'MongoDB', 'MySQL', 'R']"
0_r1,Network Administrator,42.63,[],"['Linux', 'R']"
0_r1,Machine Learning,42.62,['Machine Learning'],"['Git', 'R']"
0_r1,PHP Developer,42.61,['Java'],"['SQL', 'Git', 'MySQL', 'R']"
0_r1,Clinical Data Analyst,42.59,['Python'],"['SQL', 'Excel', 'R']"
0_r1,Senior Digital Marketing Analyst,42.57,[],"['SQL', 'Git', 'R']"
0_r1,DevOps Engineer,42.57,"['Python', 'Java']","['AWS', 'Linux', 'Excel', 'Django', 'R']"
0_r1,Flutter Developer,42.57,['Java'],['R']
0_r1,Network Administrator,42.57,[],"['SQL', 'Linux', 'R']"
0_r1,Backend Developer,42.57,[],"['Excel', 'R']"
0_r1,RESEARCH DATA ANALYST II,42.55,['Python'],"['SQL', 'R']"
0_r1,Network Administrator,42.55,[],"['Excel', 'R']"
0_r1,DevOps Engineer,42.55,"['Python', 'Java']","['SQL', 'AWS', 'Docker', 'Git', 'MySQL', 'R']"
0_r1,Reporting Analyst,42.53,[],"['SQL', 'Power BI', 'Excel', 'R']"
0_r1,Java Developer,42.53,['Java'],"['SQL', 'AWS', 'Docker', 'Git', 'R']"
0_r1,Business Intelligence & Data Analytics,42.52,['Python'],"['SQL', 'AWS', 'Excel', 'R']"
0_r1,PHP Developer,42.51,['Java'],"['SQL', 'Git', 'R']"
0_r1,Network Administrator,42.48,[],['R']
0_r1,Senior Data Analyst,42.48,['Python'],"['SQL', 'Git', 'Excel', 'Tableau', 'R']"
0_r1,Work From Home - BEGIN IMMEDIATELY - Data Entry Clerk,42.48,[],['R']
0_r1,Django Developer,42.47,"['Python', 'Java']","['Git', 'Flask', 'Django', 'R']"
0_r1,Machine Learning,42.47,"['Python', 'Java', 'Machine Learning', 'Hive']","['Deep Learning', 'TensorFlow', 'PyTorch', 'AWS', 'Docker', 'Git', 'Excel', 'R']"
0_r1,Full Stack Developer,42.46,['Java'],"['SQL', 'Linux', 'Git', 'Excel', 'MongoDB', 'MySQL', 'R']"
0_r1,Windows System Administrator,42.46,[],['R']
0_r1,Django Developer,42.44,"['Python', 'Java']","['Git', 'Flask', 'Django', 'R']"
0_r1,Node js developer,42.43,['Java'],"['SQL', 'AWS', 'Linux', 'Django', 'R']"
0_r1,DATA ANALYST - FULL TIME,42.42,[],"['Excel', 'R']"
0_r1,JavaScript Developer,42.42,['Java'],['R']
0_r1,Senior Full Stack Software Engineer- Remote,42.42,"['Python', 'Java']","['SQL', 'AWS', 'Docker', 'Git', 'Excel', 'Django', 'MongoDB', 'R']"
0_r1,PHP Developer,42.41,['Java'],"['SQL', 'MySQL', 'R']"
0_r1,Node js developer,42.41,[],['R']
0_r1,Network Administrator,42.37,[],['R']
0_r1,Software Engineer,42.37,"['Java', 'Hive']","['SQL', 'AWS', 'Excel', 'Tableau', 'ETL', 'R']"
0_r1,Staff Strategic Operations Manager,42.36,[],['R']
0_r1,Occupancy Planner/CAFM Analyst,42.33,[],"['Excel', 'R']"
0_r1,Java Developer,42.33,"['Python', 'Java', 'C++']","['SQL', 'Docker', 'Linux', 'MongoDB', 'MySQL', 'R']"
0_r1,Database Administrator,42.32,[],['R']
0_r1,Network Administrator,42.31,[],['R']
0_r1,BI Reporting Analyst,42.3,[],"['SQL', 'Power BI', 'Excel', 'R']"
0_r1,"Data Analyst 3 - Loyalty Analytics, Customer Insights - Hybrid - Seattle",42.28,['Python'],"['SQL', 'AWS', 'Git', 'Tableau', 'R']"
0_r1,Machine Learning,42.27,"['Python', 'C++', 'Machine Learning']","['Deep Learning', 'TensorFlow', 'Linux', 'Git', 'R']"
0_r1,Wordpress Developer,42.26,['Java'],"['SQL', 'Git', 'Excel', 'MySQL', 'R']"
0_r1,Network Administrator,42.26,[],['R']
0_r1,Wordpress Developer,42.26,['Java'],"['SQL', 'Git', 'MySQL', 'R']"
0_r1,Junior Data Analyst (ANP1) - Entry,42.25,[],"['Excel', 'R']"
0_r1,Java Developer,42.25,['Java'],"['SQL', 'Git', 'R']"
0_r1,Project Manager,42.25,[],"['AWS', 'Excel', 'R']"
0_r1,Node js developer,42.24,"['Python', 'Java']","['SQL', 'MongoDB', 'MySQL', 'R']"
0_r1,Network Administrator,42.23,[],['R']
0_r1,JavaScript Developer,42.22,"['Python', 'Java']","['SQL', 'AWS', 'Linux', 'MySQL', 'R']"
0_r1,Full Stack Developer,42.21,['Java'],"['SQL', 'Excel', 'MongoDB', 'R']"
0_r1,Database Administrator,42.19,[],"['SQL', 'Linux', 'Excel', 'R']"
0_r1,PHP Developer,42.19,['Java'],"['SQL', 'Git', 'MySQL', 'R']"
0_r1,PHP Developer,42.18,['Java'],"['SQL', 'Git', 'Excel', 'MySQL', 'R']"
0_r1,Backend Developer,42.17,['Java'],"['Excel', 'R']"
0_r1,Full Stack Developer,42.15,['Java'],"['AWS', 'Git', 'R']"
0_r1,Software Engineer,42.11,['Java'],"['Linux', 'Excel', 'R']"
0_r1,DevOps Engineer,42.1,['Python'],"['Linux', 'R']"
0_r1,Network Administrator,42.09,[],['R']
0_r1,JavaScript Developer,42.08,['Python'],"['Linux', 'Excel', 'R']"
0_r1,Network Administrator,42.07,[],['R']
0_r1,Water Resources Project Manager,42.07,[],"['Excel', 'R']"
0_r1,Full Stack Web Developer,42.04,['Java'],"['SQL', 'AWS', 'Linux', 'MongoDB', 'MySQL', 'R']"
0_r1,"Senior Data Analyst, Media",42.01,['Machine Learning'],"['SQL', 'AWS', 'R']"
0_r1,Full Stack Developer,42.01,['Java'],"['SQL', 'R']"
0_r1,PHP Developer,42.01,['Java'],"['SQL', 'Git', 'R']"
0_r1,Django Developer,42.01,"['Python', 'Java']","['SQL', 'AWS', 'Git', 'Django', 'R']"
0_r1,Data & Reporting Analyst,41.99,"['Hadoop', 'Hive']","['SQL', 'Power BI', 'Excel', 'Tableau', 'MySQL', 'R']"
0_r1,Wordpress Developer,41.99,['Java'],"['SQL', 'Git', 'Excel', 'MySQL', 'R']"
0_r1,Wordpress Developer,41.98,['Java'],['R']
0_r1,Network Administrator,41.98,[],['R']
0_r1,Backend Developer,41.95,[],"['SQL', 'AWS', 'Docker', 'Kubernetes', 'MongoDB', 'R']"
0_r1,Network Administrator,41.95,[],"['Excel', 'R']"
0_r1,JavaScript Developer,41.94,"['Java', 'Hadoop', 'Spark', 'Hive']","['SQL', 'AWS', 'Docker', 'Kubernetes', 'Linux', 'Git', 'MongoDB', 'MySQL', 'R']"
0_r1,Node js developer,41.93,[],"['SQL', 'AWS', 'R']"
0_r1,Wordpress Developer,41.91,['Java'],"['Git', 'R']"
0_r1,Systems Administrator,41.89,[],"['AWS', 'Excel', 'R']"
0_r1,Business Development Specialist,41.88,[],"['Excel', 'R']"
0_r1,Full Stack Developer,41.87,"['Java', 'C++']","['Kubernetes', 'R']"
0_r1,Network Administrator,41.84,[],['R']
0_r1,Customer Channel Service Representative,41.84,[],"['Excel', 'R']"
0_r1,Junior Data Analyst,41.83,[],['R']
0_r1,Backend Developer,41.83,['Java'],"['SQL', 'MySQL', 'R']"
0_r1,JavaScript Developer,41.82,['Machine Learning'],"['SQL', 'AWS', 'Git', 'MongoDB', 'R']"
0_r1,Executive Assistant--Remote,41.82,[],['R']
0_r1,Machine Learning,41.81,"['Python', 'Machine Learning']","['Deep Learning', 'TensorFlow', 'PyTorch', 'AWS', 'R']"
0_r1,Django Developer,41.81,"['Python', 'Java']","['AWS', 'Excel', 'Django', 'R']"
0_r1,Backend Developer,41.79,['Java'],"['SQL', 'Git', 'MySQL', 'R']"
0_r1,Django Developer,41.77,"['Python', 'Java']","['SQL', 'Django', 'R']"
0_r1,Database Administrator,41.77,[],"['SQL', 'Excel', 'R']"
0_r1,Network Administrator,41.75,[],"['Excel', 'R']"
0_r1,Wordpress Developer,41.75,['Java'],['R']
0_r1,Talent Acquisition Specialist / Recruiter,41.75,[],['R']
0_r1,PHP Developer,41.74,['Java'],['R']
0_r1,PHP Developer,41.74,['Java'],"['SQL', 'Git', 'MySQL', 'R']"
0_r1,Wordpress Developer,41.74,['Java'],"['SQL', 'Git', 'MySQL', 'R']"
0_r1,"Associate, Business Analytics & Strategy",41.72,['Python'],"['SQL', 'Excel', 'R']"
0_r1,Backend Developer,41.69,[],"['Excel', 'R']"
0_r1,Sustainability Data Analyst,41.67,['Python'],"['SQL', 'Excel', 'Tableau', 'R']"
0_r1,Machine Learning,41.67,['Machine Learning'],['R']
0_r1,Java Developer,41.67,['Java'],"['SQL', 'Linux', 'Git', 'MySQL', 'R']"
0_r1,Node js developer,41.67,['Java'],['R']
0_r1,Backend Developer,41.67,['Java'],"['Git', 'R']"
0_r1,Software Engineer,41.66,[],"['AWS', 'Git', 'Excel', 'Tableau', 'R']"
0_r1,JavaScript Developer,41.64,['Java'],"['Git', 'R']"
0_r1,iOS Developer,41.64,[],"['SQL', 'AWS', 'Excel', 'R']"
0_r1,Java Developer,41.63,['Java'],"['Kubernetes', 'R']"
0_r1,Machine Learning,41.63,"['Python', 'Machine Learning']","['SQL', 'Excel', 'NLP', 'R']"
0_r1,Node js developer,41.62,['Java'],"['Excel', 'MongoDB', 'R']"
0_r1,Full Stack Developer,41.62,['Java'],"['Git', 'R']"
0_r1,Growth Data Analyst,41.6,[],"['Excel', 'R']"
0_r1,Data Analyst,41.59,"['Python', 'Machine Learning']","['SQL', 'R']"
0_r1,DevOps Engineer,41.59,['Python'],"['AWS', 'Git', 'R']"
0_r1,Java Developer,41.58,['Java'],"['SQL', 'R']"
0_r1,Django Developer,41.57,"['Python', 'Java']","['SQL', 'Django', 'MySQL', 'R']"
0_r1,JavaScript Developer,41.55,"['Python', 'Java']","['SQL', 'Excel', 'MongoDB', 'R']"
0_r1,Django Developer,41.55,"['Python', 'Java']","['Linux', 'R']"
0_r1,Node js developer,41.55,['Java'],['R']
0_r1,Realtor,41.55,[],['R']
0_r1,Backend Developer,41.54,"['Python', 'Java', 'C++', 'Machine Learning']","['SQL', 'AWS', 'Git', 'MongoDB', 'MySQL', 'R']"
0_r1,Machine Learning,41.52,"['Python', 'Java', 'Machine Learning']",['R']
0_r1,Machine Learning,41.51,"['Python', 'Java', 'Machine Learning']","['SQL', 'Deep Learning', 'Git', 'Excel', 'NLP', 'R']"
0_r1,Node js developer,41.5,['Java'],"['SQL', 'AWS', 'MySQL', 'R']"
0_r1,Machine Learning,41.49,['Machine Learning'],['R']
0_r1,Master Data Analyst,41.48,[],"['Excel', 'R']"
0_r1,PHP Developer,41.48,['Python'],"['SQL', 'MySQL', 'R']"
0_r1,Full Stack Developer,41.47,['Java'],"['SQL', 'Excel', 'MongoDB', 'R']"
0_r1,Machine Learning,41.47,"['Python', 'Machine Learning']","['Deep Learning', 'TensorFlow', 'AWS', 'NLP', 'R']"
0_r1,Customer Service Representative - (1st Shift) - Remote,41.46,[],['R']
0_r1,JavaScript Developer,41.42,['Java'],"['AWS', 'R']"
0_r1,Vice president marketing,41.42,[],"['Git', 'R']"
0_r1,Software Engineer,41.41,"['Python', 'Java']","['AWS', 'Git', 'R']"
0_r1,Software Engineer,41.41,[],"['SQL', 'R']"
0_r1,PHP Developer,41.38,"['Python', 'Java']","['SQL', 'Git', 'R']"
0_r1,Backend Developer,41.37,['Python'],"['Excel', 'R']"
0_r1,Data Systems Analyst (SY24-25),41.36,[],"['SQL', 'Excel', 'ETL', 'R']"
0_r1,Django Developer,41.36,"['Python', 'Java']","['SQL', 'AWS', 'Linux', 'Git', 'Django', 'R']"
0_r1,File Clerk Remote,41.36,[],['R']
0_r1,JavaScript Developer,41.31,['Java'],['R']
0_r1,Data Center Facilities Analyst (ONE-4E),41.3,[],['R']
0_r1,Django Developer,41.3,['Python'],"['Git', 'Excel', 'Flask', 'Django', 'R']"
0_r1,Django Developer,41.29,['Python'],"['SQL', 'Linux', 'Git', 'Django', 'R']"
0_r1,Django Developer,41.28,['Python'],"['SQL', 'Excel', 'Django', 'MySQL', 'R']"
0_r1,Nursing Data Analyst,41.26,[],"['SQL', 'Excel', 'R']"
0_r1,PHP Developer,41.26,['Java'],"['SQL', 'Git', 'Excel', 'MongoDB', 'MySQL', 'R']"
0_r1,JavaScript Developer,41.25,['Java'],"['Git', 'R']"
0_r1,Django Developer,41.24,"['Python', 'Java']","['SQL', 'Flask', 'Django', 'MySQL', 'R']"
0_r1,Node js developer,41.24,['Java'],"['Git', 'R']"
0_r1,iOS Developer,41.23,[],"['Git', 'R']"
0_r1,Machine Learning,41.22,"['Python', 'C++', 'Machine Learning']","['Linux', 'Excel', 'R']"
0_r1,Data Analyst,41.21,[],"['SQL', 'Power BI', 'Excel', 'R']"
0_r1,Django Developer,41.21,"['Python', 'Java', 'Machine Learning']","['SQL', 'AWS', 'Git', 'Django', 'MongoDB', 'MySQL', 'R']"
0_r1,Technical Sourcing Recruiter (US Remote),41.21,[],"['Excel', 'R']"
0_r1,Java Developer,41.18,['Java'],"['SQL', 'Linux', 'R']"
0_r1,MASTER DATA MGMT ANALYST-SC,41.17,[],"['AWS', 'R']"
0_r1,Business Analyst,41.17,[],"['SQL', 'Git', 'Excel', 'R']"
0_r1,Statistical Reporting Analyst (Remote),41.17,[],"['SQL', 'Excel', 'R']"
0_r1,Data Analyst 1,41.16,[],"['AWS', 'R']"
0_r1,Network Administrator,41.16,['Hive'],"['SQL', 'Linux', 'Git', 'Excel', 'R']"
0_r1,Project Manager,41.16,[],['R']
0_r1,Database Administrator,41.15,[],"['Linux', 'Excel', 'R']"
0_r1,Software Engineer,41.1,['Java'],"['SQL', 'Excel', 'R']"
0_r1,Django Developer,41.1,"['Python', 'Java']","['Git', 'Django', 'R']"
0_r1,Django Developer,41.09,"['Python', 'Java']","['Flask', 'Django', 'R']"
0_r1,JavaScript Developer,41.09,['Java'],"['SQL', 'Git', 'R']"
0_r1,Collibra Business Analyst,41.08,[],"['SQL', 'Excel', 'R']"
0_r1,Sales Executive III Client Management,41.08,[],['R']
0_r1,Java Developer,41.05,"['Python', 'Java']","['AWS', 'Git', 'ETL', 'R']"
0_r1,iOS Developer,41.05,[],"['SQL', 'R']"
0_r1,JavaScript Developer,41.04,['Java'],"['Git', 'Excel', 'R']"
0_r1,Django Developer,41.04,"['Java', 'Machine Learning']","['AWS', 'Django', 'R']"
0_r1,Django Developer,41.04,"['Python', 'Java']","['SQL', 'Excel', 'Django', 'MongoDB', 'R']"
0_r1,JavaScript Developer,41.03,['Java'],"['Excel', 'R']"
0_r1,Node js developer,41.03,['Java'],['R']
0_r1,Backend Developer,41.03,"['Python', 'Java']",['R']
0_r1,Java Developer,41.02,['Java'],"['SQL', 'R']"
0_r1,Full Stack Developer,41.02,['Java'],"['SQL', 'Linux', 'Git', 'MySQL', 'R']"
0_r1,Django Developer,41.01,['Python'],"['Git', 'Django', 'R']"
0_r1,Database Administrator,41.01,[],"['SQL', 'R']"
0_r1,Network Administrator,41.0,['Python'],"['Linux', 'Excel', 'R']"
0_r1,PHP Developer,40.99,['Java'],"['SQL', 'Git', 'MySQL', 'R']"
0_r1,Sales leader,40.98,[],['R']
0_r1,Machine Learning,40.97,"['Python', 'Machine Learning']","['Git', 'R']"
0_r1,Database Administrator,40.97,[],"['AWS', 'Linux', 'R']"
0_r1,Node js developer,40.96,['Java'],"['SQL', 'AWS', 'Linux', 'Git', 'MongoDB', 'MySQL', 'R']"
0_r1,Backend Developer,40.94,[],"['AWS', 'Linux', 'Git', 'Excel', 'MongoDB', 'R']"
0_r1,Node js developer,40.92,['Java'],"['Git', 'R']"
0_r1,Vendor & Customer Master Data Analyst,40.9,[],['R']
0_r1,DevOps Engineer,40.89,[],['R']
0_r1,Supply Chain Analyst IV,40.89,[],"['Excel', 'R']"
0_r1,Technical Support Agent (Remote),40.89,[],['R']
0_r1,Derivative Systems Data Analyst,40.88,['Python'],"['SQL', 'Excel', 'ETL', 'R']"
0_r1,iOS Developer,40.87,[],"['SQL', 'Git', 'R']"
0_r1,"Intelligence Analyst (Rahway, New Jersey)",40.83,[],"['Excel', 'R']"
0_r1,Database Administrator,40.81,[],"['Linux', 'R']"
0_r1,Network Administrator,40.81,[],"['Linux', 'R']"
0_r1,Senior Talent Acquisition Specialist,40.81,[],['R']
0_r1,Network Administrator,40.8,[],['R']
0_r1,Wordpress Developer,40.78,['Java'],"['Excel', 'R']"
0_r1,Java Developer,40.78,"['Java', 'Hadoop']","['Linux', 'Git', 'Excel', 'R']"
0_r1,E-Commerce Manager,40.77,"['Java', 'Machine Learning']","['SQL', 'R']"
0_r1,JavaScript Developer,40.76,['Java'],"['AWS', 'Kubernetes', 'Excel', 'R']"
0_r1,Business Analyst,40.69,[],"['Excel', 'R']"
0_r1,Remote Technical Support Agent,40.68,[],"['Git', 'R']"
0_r1,Network Administrator,40.67,[],['R']
0_r1,Machine Learning,40.67,['Machine Learning'],['R']
0_r1,Full Stack Developer,40.66,"['Java', 'Hadoop', 'Spark']","['SQL', 'AWS', 'Excel', 'R']"
0_r1,JavaScript Developer,40.66,['Java'],"['Excel', 'R']"
0_r1,Full Stack Developer,40.65,"['Java', 'Hadoop', 'Hive']","['SQL', 'MySQL', 'R']"
0_r1,JavaScript Developer,40.65,['Java'],"['AWS', 'Kubernetes', 'Excel', 'R']"
0_r1,Network Administrator,40.64,[],"['Excel', 'R']"
0_r1,Backend Developer,40.62,['Java'],"['SQL', 'MySQL', 'R']"
0_r1,Django Developer,40.62,"['Python', 'Java']","['SQL', 'Django', 'MongoDB', 'MySQL', 'R']"
0_r1,PHP Developer,40.61,"['Python', 'Java']","['SQL', 'Excel', 'MySQL', 'R']"
0_r1,Django Developer,40.61,"['Python', 'Java']","['SQL', 'Linux', 'Git', 'Flask', 'Django', 'MySQL', 'R']"
0_r1,JavaScript Developer,40.61,"['Python', 'Java']","['SQL', 'AWS', 'Excel', 'Django', 'R']"
0_r1,JavaScript Developer,40.6,['Java'],"['SQL', 'R']"
0_r1,Software Engineer,40.6,['Java'],"['Git', 'R']"
0_r1,Data Analyst,40.58,['Python'],"['SQL', 'Git', 'Excel', 'Tableau', 'R']"
0_r1,Network Administrator,40.58,[],"['Excel', 'R']"
0_r1,Software Engineer,40.58,['Java'],"['SQL', 'R']"
0_r1,Django Developer,40.56,"['Python', 'Java', 'Machine Learning']","['SQL', 'TensorFlow', 'PyTorch', 'AWS', 'Django', 'MySQL', 'R']"
0_r1,iOS Developer,40.56,['Java'],"['Excel', 'R']"
0_r1,Django Developer,40.56,"['Python', 'Machine Learning']","['SQL', 'Linux', 'Flask', 'Django', 'MySQL', 'R']"
0_r1,iOS Developer,40.56,[],"['Git', 'R']"
0_r1,Full Stack Developer,40.56,"['Python', 'Java']","['SQL', 'Git', 'MySQL', 'R']"
0_r1,Full Stack Developer,40.55,"['Python', 'Java']","['SQL', 'Git', 'R']"
0_r1,Wordpress Developer,40.55,[],"['Git', 'R']"
0_r1,REMOTE Data Entry/Auditor,40.54,[],"['Excel', 'R']"
0_r1,Database Administrator,40.53,[],"['SQL', 'Linux', 'Excel', 'MongoDB', 'R']"
0_r1,Full Stack Developer,40.52,['Java'],"['SQL', 'Excel', 'R']"
0_r1,Node js developer,40.52,['Java'],['R']
0_r1,Backend Developer,40.52,"['Python', 'Java']","['SQL', 'Linux', 'Django', 'MongoDB', 'MySQL', 'R']"
0_r1,Mapping & Data Analyst,40.5,['Python'],"['Git', 'R']"
0_r1,Customer Service Representative,40.49,[],['R']
0_r1,Backend Developer,40.48,['Java'],"['SQL', 'Git', 'MongoDB', 'MySQL', 'R']"
0_r1,Software Engineer,40.48,"['Java', 'C++']","['Linux', 'Excel', 'R']"
0_r1,Database Administrator,40.48,['Hadoop'],"['SQL', 'Excel', 'MySQL', 'R']"
0_r1,Data Integration Analyst - Parametric,40.47,[],"['SQL', 'Excel', 'R']"
0_r1,Machine Learning,40.46,"['Python', 'Machine Learning']","['PyTorch', 'Excel', 'R']"
0_r1,CEO/Co-Founder,40.46,[],"['Excel', 'R']"
0_r1,Machine Learning,40.45,"['Python', 'Machine Learning', 'Hadoop', 'Spark', 'Hive']","['SQL', 'Excel', 'Tableau', 'NLP', 'MongoDB', 'R']"
0_r1,"Sr. Analyst, Business Insights and Technology",40.41,[],"['Excel', 'Tableau', 'R']"
0_r1,Network Administrator,40.39,[],['R']
0_r1,Machine Learning,40.37,"['Python', 'Java', 'C++']","['SQL', 'Excel', 'MySQL', 'R']"
0_r1,Network Administrator,40.36,[],['R']
0_r1,Software Engineer,40.36,['Java'],"['SQL', 'Docker', 'Kubernetes', 'Git', 'R']"
0_r1,Full Stack Developer,40.35,"['Python', 'Java']","['SQL', 'AWS', 'Git', 'R']"
0_r1,Java Developer,40.33,[],"['SQL', 'MySQL', 'R']"
0_r1,Network Administrator,40.33,[],['R']
0_r1,Full Stack Developer,40.33,[],"['SQL', 'Docker', 'R']"
0_r1,Machine Learning,40.32,"['Python', 'Machine Learning']","['SQL', 'Deep Learning', 'TensorFlow', 'PyTorch', 'Git', 'Excel', 'Tableau', 'NLP', 'R']"
0_r1,Full Stack Developer,40.32,[],"['Git', 'R']"
0_r1,Software Engineer,40.32,['C++'],"['Linux', 'Excel', 'R']"
0_r1,Senior Data Analyst,40.31,[],"['SQL', 'Excel', 'R']"
0_r1,Business Intelligence (BI) Analyst,40.3,[],"['SQL', 'AWS', 'Power BI', 'Excel', 'Tableau', 'ETL', 'R']"
0_r1,Database Administrator,40.3,"['Python', 'C++']",['R']
0_r1,Java Developer,40.28,"['Java', 'C++']","['Git', 'Excel', 'R']"
0_r1,DevOps Engineer,40.27,['Python'],"['Docker', 'Git', 'Excel', 'R']"
0_r1,Network Administrator,40.27,[],['R']
0_r1,Growth Marketing Specialist,40.27,[],"['Excel', 'R']"
0_r1,JavaScript Developer,40.26,"['Python', 'Java']","['Git', 'Flask', 'R']"
0_r1,PHP Developer,40.26,[],"['Git', 'R']"
0_r1,Node js developer,40.25,['Java'],"['SQL', 'Excel', 'R']"
0_r1,Full Stack Developer,40.24,['Java'],"['Excel', 'R']"
0_r1,Remote Logistics Customer Service Rep,40.23,[],"['Excel', 'R']"
0_r1,Full Stack Developer,40.22,['Java'],"['Excel', 'R']"
0_r1,Node js developer,40.22,['Java'],['R']
0_r1,Full Stack Developer,40.22,"['Python', 'Java', 'Machine Learning']","['SQL', 'Git', 'Excel', 'MySQL', 'R']"
0_r1,Java Developer,40.22,[],"['SQL', 'R']"
0_r1,Part-Time Technical Support Agent (Remote),40.21,[],['R']
0_r1,Business Analyst - McKinsey Digital,40.2,[],"['Git', 'R']"
0_r1,Senior Tech Recruiter (Remote),40.2,[],['R']
0_r1,Machine Learning,40.19,[],['R']
0_r1,Wordpress Developer,40.16,['Java'],['R']
0_r1,Software Developer,40.16,[],"['Git', 'R']"
0_r1,Network Administrator,40.14,[],['R']
0_r1,Node js developer,40.14,['Java'],"['SQL', 'Git', 'MongoDB', 'R']"
0_r1,Software Engineer,40.12,['Java'],"['SQL', 'AWS', 'Docker', 'Git', 'Excel', 'MySQL', 'R']"
0_r1,Java Developer,40.12,['Java'],"['SQL', 'AWS', 'Docker', 'Git', 'Excel', 'MySQL', 'R']"
0_r1,Full Stack Developer,40.12,['Java'],"['Git', 'R']"
0_r1,Network Administrator,40.12,[],['R']
0_r1,Django Developer,40.1,['Python'],"['Excel', 'Django', 'R']"
0_r1,Software Developer,40.1,['Java'],"['Git', 'R']"
0_r1,Environmental Project Manager,40.08,[],"['AWS', 'Excel', 'R']"
0_r1,PHP Developer,40.07,"['Python', 'Java']","['Git', 'R']"
0_r1,Economic Data Analyst,40.06,['Python'],"['Excel', 'R']"
0_r1,JavaScript Developer,40.06,['Java'],"['AWS', 'Excel', 'MongoDB', 'R']"
0_r1,Backend Developer,40.05,['Java'],"['SQL', 'Git', 'MySQL', 'R']"
0_r1,Node js developer,40.03,['Java'],"['SQL', 'Git', 'MongoDB', 'MySQL', 'R']"
0_r1,Data Analyst - Research & Accountability,40.01,[],"['SQL', 'Excel', 'R']"
0_r1,PHP Developer,40.01,['Java'],"['SQL', 'Git', 'Excel', 'R']"
0_r1,PHP Developer,40.01,['Java'],"['SQL', 'MySQL', 'R']"
0_r1,PHP Developer,40.0,['Java'],"['SQL', 'Excel', 'MySQL', 'R']"
0_r1,Software Engineer,39.98,['Python'],"['SQL', 'AWS', 'Linux', 'Excel', 'R']"
0_r1,Backend Developer,39.97,[],"['Excel', 'R']"
0_r1,Backend Developer,39.96,['Java'],['R']
0_r1,Network Administrator,39.96,[],['R']
0_r1,Machine Learning,39.94,"['Python', 'Java', 'Machine Learning']","['TensorFlow', 'PyTorch', 'Excel', 'R']"
0_r1,Django Developer,39.94,['Python'],"['SQL', 'Excel', 'Django', 'MySQL', 'R']"
0_r1,PHP Developer,39.92,['Java'],"['SQL', 'Linux', 'Git', 'MySQL', 'R']"
0_r1,Network Administrator,39.91,[],['R']
0_r1,PHP Developer,39.91,['Java'],"['SQL', 'AWS', 'Linux', 'Git', 'Excel', 'MySQL', 'R']"
0_r1,HR Initiatives Program Lead (Remote),39.91,[],['R']
0_r1,PHP Developer,39.89,['Java'],"['Excel', 'R']"
0_r1,Database Administrator,39.87,[],"['SQL', 'R']"
0_r1,Full Stack Developer,39.86,[],"['SQL', 'Excel', 'MySQL', 'R']"
0_r1,PHP Developer,39.85,[],['R']
0_r1,Software Engineer,39.85,['Java'],"['SQL', 'Git', 'R']"
0_r1,Node js developer,39.85,['Java'],"['Git', 'R']"
0_r1,Java Developer,39.83,['Java'],['R']
0_r1,iOS Developer,39.83,[],"['Docker', 'Git', 'R']"
0_r1,Full Stack Developer,39.83,['Java'],"['Excel', 'R']"
0_r1,"Senior Analyst, Research & Analytics",39.82,"['Python', 'Java']","['SQL', 'Excel', 'R']"
0_r1,Node js developer,39.81,['Java'],"['MongoDB', 'R']"
0_r1,"Data Analyst, Merchant Health",39.8,['Python'],"['SQL', 'R']"
0_r1,Machine Learning,39.8,"['Python', 'Machine Learning']","['AWS', 'Excel', 'R']"
0_r1,IT Systems Administrator,39.8,[],"['Linux', 'R']"
0_r1,Django Developer,39.79,['Python'],"['Django', 'R']"
0_r1,Node js developer,39.79,['Java'],"['Git', 'R']"
0_r1,Network Administrator,39.79,[],"['Excel', 'R']"
0_r1,Node js developer,39.77,['Java'],"['Git', 'R']"
0_r1,Django Developer,39.77,['Python'],"['AWS', 'Linux', 'Flask', 'Django', 'R']"
0_r1,Network Administrator,39.76,['Python'],['R']
0_r1,"Data Analyst II, Business Intelligence",39.72,['Python'],"['SQL', 'AWS', 'Power BI', 'Excel', 'R']"
0_r1,Machine Learning,39.71,['Machine Learning'],['R']
0_r1,Backend Developer,39.71,['Python'],"['Excel', 'R']"
0_r1,Java Developer,39.71,"['Python', 'Java']","['SQL', 'Excel', 'MongoDB', 'R']"
0_r1,Database Administrator,39.7,[],"['SQL', 'R']"
0_r1,iOS Developer,39.68,[],"['Git', 'Excel', 'R']"
0_r1,Machine Learning,39.67,[],['R']
0_r1,Data Analyst,39.66,['Python'],"['SQL', 'AWS', 'Power BI', 'Excel', 'ETL', 'R']"
0_r1,Data Entry Clerk,39.66,[],"['Git', 'R']"
0_r1,Business Analyst,39.65,[],['R']
0_r1,Backend Developer,39.65,[],"['Linux', 'Git', 'R']"
0_r1,Java Developer,39.61,"['Java', 'Machine Learning']","['SQL', 'AWS', 'MongoDB', 'R']"
0_r1,Node js developer,39.61,[],['R']
0_r1,Node js developer,39.57,['Java'],"['Excel', 'R']"
0_r1,Construction Project Manager - Remote,39.57,[],"['AWS', 'R']"
0_r1,PHP Developer,39.56,['Java'],"['SQL', 'MySQL', 'R']"
0_r1,Information Technology System Administrator,39.55,[],"['Excel', 'R']"
0_r1,Java Developer,39.54,"['Python', 'Java', 'C++']","['SQL', 'AWS', 'Docker', 'Kubernetes', 'MongoDB', 'MySQL', 'R']"
0_r1,Full Stack Developer,39.53,"['Java', 'C++']","['SQL', 'MongoDB', 'R']"
0_r1,Node js developer,39.53,['Java'],"['SQL', 'Excel', 'MongoDB', 'MySQL', 'R']"
0_r1,GLO - Data Analyst (DRGR Specialist),39.51,[],"['Excel', 'R']"
0_r1,Full Stack Developer,39.51,"['Python', 'Java', 'C++']","['SQL', 'Linux', 'Excel', 'MySQL', 'R']"
0_r1,Full Stack Developer,39.5,"['Java', 'Hadoop', 'Hive']","['SQL', 'Excel', 'R']"
0_r1,Software Engineer,39.49,['Java'],"['Git', 'Excel', 'R']"
0_r1,Wordpress Developer,39.49,['Java'],"['Excel', 'R']"
0_r1,Remote Project Manager,39.48,[],['R']
0_r1,Node js developer,39.45,['Java'],['R']
0_r1,Software Engineer,39.43,['Java'],"['SQL', 'Git', 'Excel', 'R']"
0_r1,Data Analyst,39.42,['Python'],"['SQL', 'AWS', 'Linux', 'Excel', 'R']"
0_r1,Network Administrator,39.42,[],['R']
0_r1,Node js developer,39.42,['Java'],"['AWS', 'R']"
0_r1,DevOps Engineer,39.39,['Java'],"['Docker', 'Kubernetes', 'Linux', 'Git', 'Excel', 'R']"
0_r1,Backend Developer,39.38,[],['R']
0_r1,Software Engineer,39.38,"['Python', 'Java']","['SQL', 'AWS', 'Linux', 'R']"
0_r1,JavaScript Developer,39.38,['Java'],"['Git', 'R']"
0_r1,Data Analyst - Remote Temporary Contract,39.37,['Python'],"['SQL', 'Power BI', 'Excel', 'Tableau', 'ETL', 'R']"
0_r1,iOS Developer,39.37,[],"['SQL', 'R']"
0_r1,Django Developer,39.36,['Python'],"['SQL', 'Linux', 'Flask', 'Django', 'R']"
0_r1,Java Developer,39.36,['Java'],"['SQL', 'Linux', 'Git', 'R']"
0_r1,Network Administrator,39.34,[],['R']
0_r1, Business Development Project Manager,39.34,[],"['Excel', 'R']"
0_r1,Backend Developer,39.33,[],"['SQL', 'Git', 'R']"
0_r1,Data Analyst,39.31,['Python'],"['SQL', 'AWS', 'Power BI', 'Excel', 'Tableau', 'R']"
0_r1,Strategic Analyst,39.31,[],"['Excel', 'R']"
0_r1,PHP Developer,39.3,['Java'],"['SQL', 'MySQL', 'R']"
0_r1,Site Administrative Assistant,39.3,[],"['Excel', 'R']"
0_r1,Java Developer,39.28,['Java'],"['SQL', 'Git', 'R']"
0_r1,Software Engineer,39.27,[],"['Git', 'Excel', 'R']"
0_r1,Network Administrator,39.27,[],"['Linux', 'R']"
0_r1,Business Intelligence Analyst,39.25,[],"['SQL', 'Power BI', 'Excel', 'Tableau', 'R']"
0_r1,Data Analyst/Manager,39.24,[],['R']
0_r1,Flutter Developer,39.23,['Java'],"['SQL', 'Excel', 'MySQL', 'R']"
0_r1,JavaScript Developer,39.22,['Java'],"['SQL', 'Git', 'R']"
0_r1,Project Manager - Strategy & Operations Transformation Lead,39.22,[],"['Excel', 'R']"
0_r1,Full Stack Developer,39.21,['Java'],"['SQL', 'AWS', 'Docker', 'Linux', 'Git', 'R']"
0_r1,Wordpress Developer,39.2,['Java'],"['SQL', 'Git', 'MySQL', 'R']"
0_r1,Software Engineer,39.19,['Java'],"['AWS', 'R']"
0_r1,Java Developer,39.19,"['Java', 'Hadoop']","['SQL', 'Git', 'R']"
0_r1,Flutter Developer,39.18,['Spark'],"['Git', 'R']"
0_r1,Full Stack Developer,39.18,['Java'],['R']
0_r1,Wordpress Developer,39.16,[],"['SQL', 'AWS', 'Git', 'Excel', 'MySQL', 'R']"
0_r1,Django Developer,39.14,"['Python', 'Java']","['SQL', 'AWS', 'Linux', 'Git', 'Flask', 'Django', 'MongoDB', 'MySQL', 'R']"
0_r1,PHP Developer,39.13,"['Python', 'Java']","['SQL', 'Excel', 'MySQL', 'R']"
0_r1,Project Manager I/II- Remote,39.12,[],['R']
0_r1,Manager ecommerce,39.12,[],"['Tableau', 'R']"
0_r1,Full Stack Developer,39.11,['Java'],"['Git', 'R']"
0_r1,Software Engineer,39.11,"['Python', 'Java']","['Linux', 'R']"
0_r1,Java Developer,39.1,"['Python', 'Java']","['SQL', 'AWS', 'Linux', 'Git', 'MongoDB', 'R']"
0_r1,iOS Developer,39.1,['Java'],['R']
0_r1,Backend Developer,39.08,[],"['SQL', 'Git', 'MySQL', 'R']"
0_r1,"Analyst – Digital: Content Data, Product Data & Catalog",39.07,[],"['Git', 'Excel', 'R']"
0_r1,Django Developer,39.07,"['Python', 'Java']","['SQL', 'Git', 'Excel', 'Django', 'MySQL', 'R']"
0_r1,Backend Developer,39.06,['Python'],"['SQL', 'Git', 'MongoDB', 'MySQL', 'R']"
0_r1,Java Developer,39.06,['Java'],"['SQL', 'Linux', 'Git', 'MySQL', 'R']"
0_r1,Commercial Data Analyst,39.05,['Python'],"['SQL', 'Power BI', 'Excel', 'Tableau', 'R']"
0_r1,Systems Administrator,39.04,[],"['SQL', 'Excel', 'Tableau', 'R']"
0_r1,iOS Developer,39.03,[],['R']
0_r1,Associate New Business Case Manager - Remote,39.03,[],['R']
0_r1,Associate Data & Bus Intelligence Analyst,39.0,[],"['Excel', 'R']"
0_r1,Data Analyst,38.99,[],"['SQL', 'AWS', 'R']"
0_r1,"Sr. Data Analyst, Finance",38.99,['Python'],"['SQL', 'Power BI', 'Excel', 'Tableau', 'R']"
0_r1,Database Administrator,38.99,[],"['SQL', 'Excel', 'R']"
0_r1,PHP Developer,38.98,['Java'],"['SQL', 'MySQL', 'R']"
0_r1,Machine Learning,38.97,"['Machine Learning', 'Spark']","['PyTorch', 'AWS', 'R']"
0_r1,Node js developer,38.97,['Java'],"['SQL', 'Git', 'Excel', 'R']"
0_r1,Data Analyst,38.96,[],"['Git', 'Power BI', 'Excel', 'Tableau', 'R']"
0_r1,Senior Project Manager - eCommerce-Certified Scrum Master,38.96,[],"['Git', 'Excel', 'R']"
0_r1,Software Engineer,38.93,['C++'],"['Git', 'R']"
0_r1,Django Developer,38.93,['Python'],"['SQL', 'Excel', 'Django', 'R']"
0_r1,Data Analyst,38.92,['Python'],"['SQL', 'AWS', 'Excel', 'Tableau', 'R']"
0_r1,Database Administrator,38.9,[],"['SQL', 'Excel', 'R']"
0_r1,JavaScript Developer,38.9,[],"['Excel', 'R']"
0_r1,US Sales & Marketing - Consumer Specialist - Executive Director,38.9,[],"['Excel', 'R']"
0_r1,Data Management Analyst,38.89,[],"['SQL', 'Excel', 'R']"
0_r1,Wordpress Developer,38.89,['Java'],"['SQL', 'AWS', 'Excel', 'MySQL', 'R']"
0_r1,JavaScript Developer,38.89,['Java'],"['Git', 'R']"
0_r1,Software Engineer,38.88,[],"['SQL', 'R']"
0_r1,iOS Developer,38.87,[],"['Git', 'R']"
0_r1,Node js developer,38.86,['Java'],"['SQL', 'AWS', 'MongoDB', 'MySQL', 'R']"
0_r1,Java Developer,38.83,['Java'],"['SQL', 'Excel', 'R']"
0_r1,DevOps Engineer,38.83,[],['R']
0_r1,Chief Executive Officer - CEO Consultant,38.83,[],['R']
0_r1,Database Administrator,38.82,[],['R']
0_r1,"Associate, Business Analysis",38.81,['Python'],"['SQL', 'AWS', 'Linux', 'Git', 'Excel', 'Tableau', 'R']"
0_r1,Wordpress Developer,38.8,['Java'],"['SQL', 'MySQL', 'R']"
0_r1,Wordpress Developer,38.8,['Java'],"['Git', 'R']"
0_r1,Network Administrator,38.8,[],['R']
0_r1,Customer Service Representative / Inside Sales,38.8,[],"['Excel', 'R']"
0_r1,e-Data Analyst (Hybrid),38.79,"['Python', 'Hive']","['SQL', 'Excel', 'R']"
0_r1,Wordpress Developer,38.79,['Java'],['R']
0_r1,Node js developer,38.79,['Java'],"['AWS', 'Git', 'R']"
0_r1,Software Engineer,38.79,['Java'],"['SQL', 'Docker', 'Git', 'R']"
0_r1,Java Developer,38.78,['Java'],"['SQL', 'Linux', 'R']"
0_r1,Software Engineer,38.77,"['Python', 'Java', 'C++', 'Machine Learning']","['Deep Learning', 'AWS', 'R']"
0_r1,iOS Developer,38.76,[],"['AWS', 'Git', 'R']"
0_r1,"Data Analyst 1 - 3477, 3498",38.75,"['Python', 'Machine Learning']","['SQL', 'Power BI', 'Tableau', 'R']"
0_r1,Network Administrator,38.75,[],"['Linux', 'Excel', 'R']"
0_r1,Full Stack Developer,38.73,['Java'],"['SQL', 'Linux', 'Excel', 'MySQL', 'R']"
0_r1,Software Engineer (JavaScript Backend),38.71,"['Java', 'Spark']","['AWS', 'Docker', 'Git', 'R']"
0_r1,Full Stack Developer,38.7,['Java'],"['SQL', 'Excel', 'R']"
0_r1,Public investigator,38.7,[],"['Excel', 'R']"
0_r1,Business Analyst - Data Science Team,38.67,[],"['Excel', 'R']"
0_r1,Java Developer,38.67,['Java'],"['SQL', 'Git', 'MySQL', 'R']"
0_r1,Wordpress Developer,38.66,['Java'],['R']
0_r1,Data Entry Operator Remote (Remote),38.66,[],['R']
0_r1,Django Developer,38.65,['Python'],"['SQL', 'Git', 'Django', 'MongoDB', 'MySQL', 'R']"
0_r1,Database Administrator,38.65,[],"['SQL', 'R']"
0_r1,Wordpress Developer,38.65,['Java'],"['SQL', 'Docker', 'Kubernetes', 'Git', 'MySQL', 'R']"
0_r1,Network Administrator,38.64,"['Python', 'Hadoop']","['Linux', 'R']"
0_r1,Java Developer,38.63,['Java'],"['SQL', 'Git', 'R']"
0_r1,DevOps Engineer,38.61,"['Python', 'Java']","['Docker', 'Git', 'Excel', 'R']"
0_r1,JavaScript Developer,38.6,['Java'],"['Excel', 'R']"
0_r1,Django Developer,38.6,['Python'],"['Django', 'MongoDB', 'R']"
0_r1,PHP Developer,38.6,['Java'],"['SQL', 'MySQL', 'R']"
0_r1,HR Generalist,38.6,['Machine Learning'],"['AWS', 'Excel', 'R']"
0_r1,Business Analyst I,38.59,[],"['SQL', 'Git', 'Excel', 'R']"
0_r1,Allstate Agency Owner - CEO of You,38.59,[],['R']
0_r1,Business Analyst - L5,38.57,[],"['Git', 'Excel', 'R']"
0_r1,Regional Sales Manager - Air Solutions NE,38.56,[],"['Excel', 'R']"
0_r1,Network Administrator,38.55,[],"['Git', 'R']"
0_r1,Node js developer,38.55,"['Python', 'Java']","['AWS', 'Git', 'R']"
0_r1,Database Administrator,38.53,['Hive'],"['Excel', 'R']"
0_r1,Software Engineer,38.53,"['Python', 'Java']",['R']
0_r1,"Senior Vice President and Managing Director, International Research",38.53,['Spark'],['R']
0_r1,Software Engineer,38.51,['Java'],['R']
0_r1,Java Developer,38.51,['Java'],"['SQL', 'Git', 'R']"
0_r1,Java Developer,38.51,['Java'],"['SQL', 'Git', 'Excel', 'R']"
0_r1,iOS Developer,38.5,[],"['Git', 'R']"
0_r1,Software Engineer,38.5,"['Java', 'C++']","['Excel', 'R']"
0_r1,Node js developer,38.49,"['Java', 'C++']","['SQL', 'Git', 'MongoDB', 'R']"
0_r1,Django Developer,38.49,['Python'],"['AWS', 'Git', 'Django', 'R']"
0_r1,Backend Developer,38.49,['Python'],"['AWS', 'Git', 'Django', 'R']"
0_r1,Machine Learning,38.48,"['Python', 'Machine Learning']","['SQL', 'AWS', 'Excel', 'R']"
0_r1,Management Consulting Director- Strategy and Operations (San...,38.48,[],"['Excel', 'R']"
0_r1,Full Stack Developer,38.47,"['Python', 'Java']","['SQL', 'Linux', 'Flask', 'Django', 'MongoDB', 'MySQL', 'R']"
0_r1,Full Stack Developer,38.47,['Java'],"['SQL', 'MySQL', 'R']"
0_r1,Backend Developer,38.46,['Java'],"['SQL', 'R']"
0_r1,Full Stack Developer,38.46,['Java'],"['Excel', 'R']"
0_r1,Database Administrator,38.45,[],"['Excel', 'R']"
0_r1,iOS Developer,38.45,['Java'],"['Git', 'Excel', 'R']"
0_r1,PHP Developer,38.44,['Java'],"['Git', 'R']"
0_r1,Full Stack Developer,38.44,['Java'],"['SQL', 'Excel', 'R']"
0_r1,JavaScript Developer,38.44,['Java'],"['Git', 'R']"
0_r1,Research Data Analyst II,38.42,['Python'],"['SQL', 'Git', 'Power BI', 'Excel', 'Tableau', 'ETL', 'R']"
0_r1,Machine Learning,38.42,[],"['Excel', 'R']"
0_r1,DevOps Engineer,38.42,[],"['SQL', 'Docker', 'R']"
0_r1,Vice President of Solution Sales - Financial Services,38.41,[],"['Git', 'Excel', 'R']"
0_r1,Network Administrator,38.4,[],"['Excel', 'R']"
0_r1,Wordpress Developer,38.38,['Java'],"['Git', 'R']"
0_r1,PHP Developer,38.38,"['Python', 'Java']","['SQL', 'MySQL', 'R']"
0_r1,Java Developer,38.37,"['Java', 'Hadoop', 'Spark', 'Hive']","['Git', 'Excel', 'R']"
0_r1,JavaScript Developer,38.37,['Java'],"['Git', 'R']"
0_r1,Software Engineer,38.35,['Python'],"['Git', 'Excel', 'R']"
0_r1,Java Developer,38.35,['Java'],"['Excel', 'R']"
0_r1,Search optimization,38.34,[],"['Git', 'Excel', 'R']"
0_r1,Wordpress Developer,38.33,['Java'],"['SQL', 'Git', 'Excel', 'MySQL', 'R']"
0_r1,Bilingual Spanish CUSTOMER SERVICE REPRESENTATIVE Work From Home...,38.33,[],['R']
0_r1,PHP Developer,38.32,['Java'],"['SQL', 'Git', 'Excel', 'MySQL', 'R']"
0_r1,JavaScript Developer,38.3,"['Java', 'Machine Learning']","['TensorFlow', 'PyTorch', 'Docker', 'Kubernetes', 'Git', 'R']"
0_r1,Business Analyst- Supply Chain,38.3,[],"['Excel', 'R']"
0_r1,Human Resources Data and Reporting Analyst,38.28,[],"['SQL', 'Excel', 'R']"
0_r1,Full Stack Developer,38.28,['Java'],['R']
0_r1,"Data Analyst I, II, III",38.27,"['Python', 'Spark']","['SQL', 'Power BI', 'Tableau', 'R']"
0_r1,Logistics Data Analyst (Mandarin Required),38.27,[],"['Excel', 'R']"
0_r1,Node js developer,38.27,['Java'],"['Git', 'R']"
0_r1,Senior Project Manager - Education,38.27,[],"['Excel', 'R']"
0_r1,Java Developer,38.24,['Java'],"['SQL', 'R']"
0_r1,JavaScript Developer,38.23,['Java'],"['SQL', 'AWS', 'R']"
0_r1,Full Stack Developer,38.23,['Java'],"['SQL', 'Git', 'Excel', 'MySQL', 'R']"
0_r1,Java Developer,38.22,"['Java', 'Hadoop']","['SQL', 'AWS', 'Docker', 'Git', 'Excel', 'MongoDB', 'MySQL', 'R']"
0_r1,DevOps Engineer,38.22,"['Python', 'Java']","['AWS', 'Docker', 'Linux', 'Git', 'R']"
0_r1,Software Engineer,38.22,"['Java', 'Hadoop']","['SQL', 'AWS', 'Docker', 'Git', 'Excel', 'MongoDB', 'MySQL', 'R']"
0_r1,Network Administrator,38.22,[],['R']
0_r1,JavaScript Developer,38.21,['Java'],"['SQL', 'AWS', 'R']"
0_r1,Geoscience Data Analyst,38.19,['Machine Learning'],"['AWS', 'R']"
0_r1,Node js developer,38.17,['Java'],['R']
0_r1,Java Developer,38.17,['Java'],"['SQL', 'AWS', 'Linux', 'R']"
0_r1,iOS Developer,38.17,[],['R']
0_r1,Node js developer,38.17,['Java'],['R']
0_r1,JavaScript Developer,38.15,['Java'],"['Excel', 'R']"
0_r1,Backend Developer,38.15,['Java'],"['SQL', 'MongoDB', 'MySQL', 'R']"
0_r1,Construction Project Manager,38.15,[],['R']
0_r1,Vulnerabilities Data Analyst and Business Intelligence Summer 2025 Analyst,38.14,[],"['Git', 'Excel', 'R']"
0_r1,Web Developer,38.14,[],"['SQL', 'Git', 'MySQL', 'R']"
0_r1,Full Stack Developer,38.13,['Java'],"['Git', 'R']"
0_r1,Node js developer,38.13,['Java'],['R']
0_r1,Software Engineer,38.12,['Java'],"['Linux', 'Excel', 'R']"
0_r1,Ecommerce Consultant,38.12,[],['R']
0_r1,Software Engineer,38.11,"['Python', 'Machine Learning', 'Spark']","['SQL', 'AWS', 'Linux', 'Git', 'MongoDB', 'ETL', 'R']"
0_r1,Django Developer,38.11,"['Python', 'Java']","['Linux', 'Django', 'R']"
0_r1,iOS Developer,38.11,[],"['Git', 'Excel', 'R']"
0_r1,Project Manager 100% Remote,38.11,[],"['Excel', 'R']"
0_r1,Database Administrator,38.1,[],"['Excel', 'R']"
0_r1,Machine Learning,38.1,"['Python', 'Java', 'C++', 'Machine Learning']",['R']
0_r1,Django Developer,38.09,['Python'],"['Django', 'R']"
0_r1,Business Intelligence Analyst,38.07,"['Python', 'Java', 'Spark']","['SQL', 'Power BI', 'Excel', 'Tableau', 'ETL', 'R']"
0_r1,Flutter Developer,38.07,[],"['Git', 'Excel', 'R']"
0_r1,PHP Developer,38.05,['Java'],['R']
0_r1,General Office Clerk,38.05,[],"['Git', 'R']"
0_r1,Work From Home Customer Service Representative,38.05,[],"['Excel', 'R']"
0_r1,Wordpress Developer,38.04,['Java'],"['SQL', 'MySQL', 'R']"
0_r1,Java Developer,38.04,['Java'],"['Docker', 'Kubernetes', 'Git', 'MongoDB', 'R']"
0_r1,Remote Customer Service Representative,38.04,[],"['Excel', 'R']"
0_r1,Machine Learning,38.01,"['Python', 'Machine Learning', 'Spark', 'Hive']","['SQL', 'Deep Learning', 'TensorFlow', 'PyTorch', 'AWS', 'Excel', 'NLP', 'R']"
0_r1,Software Engineer,38.01,"['Python', 'Machine Learning', 'Spark', 'Hive']","['SQL', 'Deep Learning', 'TensorFlow', 'PyTorch', 'AWS', 'Excel', 'NLP', 'R']"
0_r1,Node js developer,38.01,['Java'],['R']
0_r1,JavaScript Developer,38.0,['Java'],"['Excel', 'R']"
0_r1,Machine Learning,37.99,"['Python', 'Machine Learning']","['SQL', 'R']"
0_r1,JavaScript Developer,37.98,['Java'],"['SQL', 'AWS', 'Git', 'R']"
0_r1,Network Administrator,37.98,[],['R']
0_r1,DevOps Engineer,37.97,"['Python', 'Java']","['Linux', 'R']"
0_r1,PHP Developer,37.97,['Java'],"['SQL', 'Git', 'MySQL', 'R']"
0_r1,Node js developer,37.97,[],"['Git', 'Excel', 'R']"
0_r1,Node js developer,37.95,['Java'],"['Git', 'R']"
0_r1,PHP Developer,37.94,['Python'],"['SQL', 'AWS', 'Git', 'R']"
0_r1,Java Developer,37.94,['Java'],['R']
0_r1,Machine Learning,37.94,"['Python', 'Machine Learning']","['Deep Learning', 'TensorFlow', 'R']"
0_r1,Machine Learning,37.93,"['Python', 'Machine Learning', 'Hadoop', 'Spark']","['SQL', 'Git', 'Tableau', 'R']"
0_r1,Advisory Strategic Resource Manager,37.93,[],"['AWS', 'Excel', 'R']"
0_r1,Software Engineer,37.9,['Java'],"['Linux', 'Git', 'R']"
0_r1,Wordpress Developer,37.9,[],"['SQL', 'Excel', 'MySQL', 'R']"
0_r1,Construction Project Manager,37.89,[],"['Excel', 'R']"
0_r1,Full Stack Developer,37.88,['Java'],"['SQL', 'Git', 'R']"
0_r1,Database Administrator,37.88,[],"['Excel', 'R']"
0_r1,Senior Software Engineer -  Virtualization Group - (Remote),37.86,[],"['AWS', 'Git', 'R']"
0_r1,Sales Associate - Dalhousie,37.84,[],['R']
0_r1,Network Administrator,37.83,[],"['Linux', 'R']"
0_r1,Backend Developer,37.83,['Java'],"['SQL', 'AWS', 'MySQL', 'R']"
0_r1,Senior Accountant,37.83,[],"['Excel', 'R']"
0_r1,Full Stack Developer,37.82,['Java'],"['SQL', 'R']"
0_r1,JavaScript Developer,37.82,['Java'],['R']
0_r1,JavaScript Developer,37.82,['Java'],"['Git', 'Excel', 'R']"
0_r1,Backend Developer,37.81,['Java'],"['SQL', 'Git', 'Excel', 'MySQL', 'R']"
0_r1,Django Developer,37.79,"['Python', 'Machine Learning']","['Deep Learning', 'R']"
0_r1,JavaScript Developer,37.79,['Java'],"['Excel', 'R']"
0_r1,Java Developer,37.79,['Java'],"['SQL', 'Excel', 'R']"
0_r1,Data Analyst,37.76,[],"['SQL', 'Power BI', 'Excel', 'R']"
0_r1,iOS Developer,37.76,[],"['Git', 'R']"
0_r1,PHP Developer,37.75,[],['R']
0_r1,Machine Learning,37.75,"['Python', 'Machine Learning']","['TensorFlow', 'Git', 'R']"
0_r1,JavaScript Developer,37.74,['Java'],"['Git', 'Excel', 'R']"
0_r1,Node js developer,37.73,['Java'],"['Git', 'R']"
0_r1,Network Administrator,37.73,[],"['Linux', 'Git', 'Excel', 'R']"
0_r1,Java Developer,37.73,"['Java', 'Machine Learning']","['SQL', 'AWS', 'Git', 'Excel', 'R']"
0_r1,Staff Accountant,37.73,[],"['Excel', 'R']"
0_r1,Backend Developer,37.71,['Java'],"['Excel', 'R']"
0_r1,Backend Developer,37.69,['Java'],"['Git', 'MongoDB', 'R']"
0_r1,Java Developer,37.67,['Java'],"['SQL', 'Git', 'Excel', 'MySQL', 'R']"
0_r1,PHP Developer,37.67,"['Python', 'Java']","['SQL', 'Excel', 'MySQL', 'R']"
0_r1,JavaScript Developer,37.66,['Java'],"['Excel', 'R']"
0_r1,Backend Developer,37.65,['Java'],"['SQL', 'AWS', 'Excel', 'MongoDB', 'MySQL', 'R']"
0_r1,Wordpress Developer,37.65,[],"['AWS', 'R']"
0_r1,Java Developer,37.65,"['Python', 'Java']","['Git', 'Excel', 'R']"
0_r1,DevOps Engineer,37.63,[],"['AWS', 'Docker', 'Kubernetes', 'Git', 'R']"
0_r1,Django Developer,37.62,"['Python', 'Java']","['SQL', 'AWS', 'Git', 'Excel', 'Django', 'MongoDB', 'MySQL', 'R']"
0_r1,Network System Administrator,37.62,['Python'],"['Linux', 'R']"
0_r1,PHP Developer,37.61,[],"['SQL', 'Git', 'MySQL', 'R']"
0_r1,Software Engineer,37.61,[],['R']
0_r1,Java Developer,37.6,['Java'],"['Git', 'R']"
0_r1,Work From Home Part Time Administrative Assistant / Customer...,37.6,[],['R']
0_r1,Database Administrator,37.59,['Java'],"['Excel', 'ETL', 'R']"
0_r1,Network Administrator,37.59,[],"['Linux', 'R']"
0_r1,Java Developer,37.57,['Java'],"['SQL', 'Git', 'Excel', 'R']"
0_r1,Java Developer,37.57,[],['R']
0_r1,Django Developer,37.54,"['Python', 'Java']","['SQL', 'Django', 'MySQL', 'R']"
0_r1,iOS Developer,37.53,['C++'],"['Git', 'R']"
0_r1,Node js developer,37.53,['Java'],"['Git', 'Excel', 'R']"
0_r1,Data Intelligence / PowerBI Analyst,37.52,['Python'],"['SQL', 'Power BI', 'ETL', 'R']"
0_r1,Full Stack Developer,37.52,[],['R']
0_r1,Software Engineer,37.52,['Java'],"['SQL', 'Excel', 'MySQL', 'R']"
0_r1,Software Engineer,37.49,['Java'],"['SQL', 'AWS', 'Git', 'Excel', 'R']"
0_r1,Backend Developer,37.48,[],"['SQL', 'Excel', 'R']"
0_r1,Wordpress Developer,37.47,['Java'],"['SQL', 'MySQL', 'R']"
0_r1,Node js developer,37.47,['Java'],"['SQL', 'Git', 'MySQL', 'R']"
0_r1,Wordpress Developer,37.45,['Java'],"['SQL', 'Git', 'Excel', 'MySQL', 'R']"
0_r1,Django Developer,37.45,"['Python', 'Java']","['Docker', 'Flask', 'Django', 'R']"
0_r1,Java Developer,37.44,['Python'],"['AWS', 'Docker', 'Git', 'Excel', 'R']"
0_r1,Software Engineer,37.44,[],"['Git', 'Excel', 'R']"
0_r1,Network Administrator,37.43,['Python'],"['Excel', 'R']"
0_r1,PHP Developer,37.43,['Java'],"['SQL', 'MySQL', 'R']"
0_r1,Business Development Sales Representative - Columbus,37.42,[],"['Git', 'R']"
0_r1,JavaScript Developer,37.41,"['Java', 'C++']","['Excel', 'R']"
0_r1,People Data Analyst,37.4,[],"['SQL', 'Git', 'Excel', 'R']"
0_r1,JavaScript Developer,37.4,['Java'],"['Git', 'R']"
0_r1,Full Stack Developer,37.39,['Java'],"['Git', 'Excel', 'R']"
0_r1,Database Administrator,37.39,[],"['SQL', 'ETL', 'R']"
0_r1,Remote Customer Service Associate,37.38,[],"['Excel', 'R']"
0_r1,Java Developer,37.37,"['Python', 'Java']","['SQL', 'Git', 'MySQL', 'R']"
0_r1,Database Administrator,37.35,[],"['Excel', 'R']"
0_r1,Machine Learning,37.35,['Machine Learning'],"['Deep Learning', 'Linux', 'R']"
0_r1,Trade Operations & Data Analyst,37.33,[],"['AWS', 'Excel', 'R']"
0_r1,Java Developer,37.33,['Java'],"['Git', 'Excel', 'R']"
0_r1,"Marketing Program Manager, B2B",37.33,[],"['Excel', 'R']"
0_r1,Data Analyst,37.32,"['Python', 'Java']","['AWS', 'Git', 'R']"
0_r1,Business Analyst II,37.31,[],['R']
0_r1,Django Developer,37.31,"['Python', 'Machine Learning']","['Linux', 'Excel', 'Django', 'R']"
0_r1,PHP Developer,37.3,['Java'],"['SQL', 'MySQL', 'R']"
0_r1,Full Stack Developer,37.3,['Java'],"['Git', 'Excel', 'R']"
0_r1,Wordpress Developer,37.29,['Java'],"['Git', 'R']"
0_r1,iOS Developer,37.29,[],"['Git', 'R']"
0_r1,Java Developer,37.29,"['Java', 'C++']","['SQL', 'Tableau', 'R']"
0_r1,Data Analyst I,37.28,[],"['Excel', 'R']"
0_r1,Machine Learning,37.28,"['Python', 'Java', 'Machine Learning', 'Hadoop', 'Spark']","['SQL', 'Deep Learning', 'TensorFlow', 'PyTorch', 'Docker', 'Kubernetes', 'Git', 'R']"
0_r1,Claims Data & Reporting Analyst,37.27,[],"['AWS', 'Excel', 'R']"
0_r1,Database Administrator,37.27,[],['R']
0_r1,Full Stack Developer,37.27,[],"['SQL', 'Git', 'R']"
0_r1,JavaScript Developer,37.26,['Java'],"['Git', 'R']"
0_r1,Network Administrator,37.26,[],"['Linux', 'R']"
0_r1,Assistant Controller- Construction Industry,37.26,[],"['Excel', 'R']"
0_r1,Node js developer,37.25,['Java'],"['SQL', 'AWS', 'Docker', 'Git', 'Excel', 'MongoDB', 'MySQL', 'R']"
0_r1,Workday Sales Director,37.25,[],"['Git', 'Excel', 'R']"
0_r1,Node js developer,37.22,[],['R']
0_r1,Full Stack Developer,37.22,['Java'],"['Git', 'R']"
0_r1,Web Developer,37.21,['Java'],"['SQL', 'Git', 'Excel', 'MongoDB', 'MySQL', 'R']"
0_r1,Business Development Manager Private Equity,37.21,[],"['AWS', 'R']"
0_r1,"Business Development Manager, NA Marketing Services",37.21,[],"['Git', 'Excel', 'R']"
0_r1,Java Developer,37.2,['Java'],"['SQL', 'AWS', 'Docker', 'R']"
0_r1,Customer Service Representative,37.19,[],"['Excel', 'R']"
0_r1,Data Analyst (Risk and Control) (contract),37.18,[],"['Excel', 'R']"
0_r1,Java Developer,37.18,['Java'],"['MongoDB', 'R']"
0_r1,Software Engineer,37.17,[],"['SQL', 'Excel', 'R']"
0_r1,Software Engineer,37.17,['Java'],"['AWS', 'Linux', 'Git', 'Excel', 'R']"
0_r1,"Data Analyst II, Client Analytics",37.16,[],"['SQL', 'AWS', 'Excel', 'Tableau', 'R']"
0_r1,Data Analyst III,37.16,['Python'],['R']
0_r1,Django Developer,37.16,"['Python', 'Java']","['Django', 'R']"
0_r1,"Sr. Analyst, Analytics & Data Products",37.13,[],"['SQL', 'Excel', 'R']"
0_r1,"Analyst II, VIP Acquisition",37.13,['Python'],"['SQL', 'Excel', 'Tableau', 'R']"
0_r1,Network Administrator,37.13,[],['R']
0_r1,GRC Product Risk Analyst (Remote),37.13,[],"['Git', 'Excel', 'R']"
0_r1,Accounting Clerk,37.13,[],"['Excel', 'R']"
0_r1,JavaScript Developer,37.11,"['Java', 'C++']",['R']
0_r1,Java Developer,37.11,['Java'],"['SQL', 'R']"
0_r1,Java Developer,37.11,['Java'],['R']
0_r1,Full Stack Developer,37.1,['Java'],"['Git', 'Excel', 'R']"
0_r1,Software Engineer,37.1,"['Python', 'C++']","['AWS', 'Git', 'R']"
0_r1,Full Stack Developer,37.1,[],['R']
0_r1,Database Administrator,37.09,[],"['SQL', 'Linux', 'Git', 'R']"
0_r1,Django Developer,37.09,['Python'],"['SQL', 'Django', 'MySQL', 'R']"
0_r1,Django Developer,37.07,['Python'],"['AWS', 'Docker', 'Kubernetes', 'Django', 'R']"
0_r1,iOS Developer,37.06,[],"['Git', 'R']"
0_r1,PHP Developer,37.06,[],"['SQL', 'Git', 'MySQL', 'R']"
0_r1,Software Engineer,37.05,['Java'],"['SQL', 'Excel', 'MySQL', 'R']"
0_r1,Java Developer,37.03,['Java'],"['Excel', 'R']"
0_r1,JavaScript Developer,37.02,"['Java', 'Hadoop']","['SQL', 'AWS', 'Docker', 'Kubernetes', 'Git', 'MySQL', 'R']"
0_r1,Data Analyst,37.01,['Python'],"['SQL', 'Tableau', 'R']"
0_r1,PHP Developer,37.0,['Java'],['R']
0_r1,Node js developer,36.99,['Java'],"['SQL', 'MySQL', 'R']"
0_r1,Software Engineer,36.99,"['Python', 'Java']","['Excel', 'R']"
0_r1,Backend Developer,36.98,[],"['Git', 'R']"
0_r1,Wordpress Developer,36.97,['Java'],"['SQL', 'MySQL', 'R']"
0_r1,JavaScript Developer,36.97,['Java'],"['Excel', 'R']"
0_r1,PHP Developer,36.97,['Java'],"['SQL', 'Linux', 'Excel', 'MySQL', 'R']"
0_r1,Node js developer,36.97,[],['R']
0_r1,Business Analyst (Temenos T/24),36.96,[],"['SQL', 'Git', 'R']"
0_r1,Java Developer,36.96,['Java'],"['SQL', 'AWS', 'Docker', 'Git', 'Excel', 'MySQL', 'R']"
0_r1,Software Engineer,36.96,['Java'],"['SQL', 'AWS', 'Docker', 'Git', 'Excel', 'MySQL', 'R']"
0_r1,JavaScript Developer,36.93,['Java'],"['Excel', 'R']"
0_r1,Business Analyst- Remote,36.91,['Python'],"['SQL', 'Power BI', 'Excel', 'Tableau', 'ETL', 'R']"
0_r1,Database Administrator,36.91,[],"['SQL', 'Excel', 'R']"
0_r1,PHP Developer,36.91,['Java'],"['SQL', 'Linux', 'MySQL', 'R']"
0_r1,JavaScript Developer,36.91,['Java'],"['SQL', 'AWS', 'Git', 'Excel', 'R']"
0_r1,Backend Developer,36.91,['Python'],"['Django', 'R']"
0_r1,E-commerce Project Manager,36.91,[],"['Git', 'R']"
0_r1,JavaScript Developer,36.9,['Java'],"['Git', 'R']"
0_r1,Network Administrator,36.9,[],['R']
0_r1,Software Engineer,36.89,"['Python', 'Java', 'Machine Learning', 'Hadoop', 'Spark', 'Hive']","['SQL', 'AWS', 'Linux', 'Excel', 'R']"
0_r1,Manager Business Development,36.87,[],['R']
0_r1,Backend Developer,36.85,"['Python', 'Java']","['SQL', 'Git', 'Excel', 'MongoDB', 'R']"
0_r1,Machine Learning,36.85,"['Python', 'Java', 'Machine Learning']","['Deep Learning', 'Git', 'Excel', 'NLP', 'R']"
0_r1,PHP Developer,36.82,[],['R']
0_r1,Career Coach,36.82,[],['R']
0_r1,Full Stack Developer,36.81,['Java'],"['Git', 'R']"
0_r1,Fraud Awareness Educator – Associate,36.81,[],"['Excel', 'R']"
0_r1,iOS Developer,36.79,[],"['SQL', 'Git', 'Excel', 'R']"
0_r1,Human Resources Manager,36.79,[],"['AWS', 'Excel', 'R']"
0_r1,iOS Developer,36.78,[],['R']
0_r1,Software Engineer,36.78,[],['R']
0_r1,DATA ANALYST II,36.77,[],['R']
0_r1,Digital & IT Senior Analyst (Digital & Data Solutions),36.77,['Machine Learning'],"['SQL', 'AWS', 'Git', 'ETL', 'R']"
0_r1,DevOps Engineer,36.77,[],"['SQL', 'Git', 'Excel', 'R']"
0_r1,Vice President Operations,36.77,[],"['Excel', 'R']"
0_r1,Documentation Analyst / Specialist,36.76,[],"['Excel', 'R']"
0_r1,PHP Developer,36.76,['Java'],"['SQL', 'Git', 'MySQL', 'R']"
0_r1,Backend Developer,36.74,['Java'],['R']
0_r1,Database Administrator,36.74,[],"['SQL', 'ETL', 'R']"
0_r1,Automotive Business Development Center (BDC) Representative,36.74,[],"['Excel', 'R']"
0_r1,Java Developer,36.73,"['Java', 'Machine Learning']","['SQL', 'MySQL', 'R']"
0_r1,JavaScript Developer,36.72,['Java'],['R']
0_r1,Django Developer,36.72,['Java'],"['Git', 'Excel', 'Django', 'R']"
0_r1,Software Engineer,36.71,['Python'],"['SQL', 'Flask', 'Django', 'R']"
0_r1,iOS Developer,36.7,[],['R']
0_r1,Full Stack Developer,36.7,"['Python', 'Java']","['Linux', 'R']"
0_r1,Data Analyst,36.69,[],"['Power BI', 'Excel', 'R']"
0_r1,Java Developer,36.68,['Java'],['R']
0_r1,Wordpress Developer,36.67,['Java'],"['SQL', 'Excel', 'MySQL', 'R']"
0_r1,Network Administrator,36.67,['Python'],"['Linux', 'R']"
0_r1,PHP Developer,36.67,['Java'],"['SQL', 'Linux', 'MySQL', 'R']"
0_r1,PHP Developer,36.66,['Java'],"['SQL', 'MySQL', 'R']"
0_r1,PHP Developer,36.66,['Java'],"['SQL', 'Linux', 'MySQL', 'R']"
0_r1,Supply Chain Data Analyst,36.65,['Python'],"['SQL', 'Power BI', 'Excel', 'Tableau', 'R']"
0_r1,Wordpress Developer,36.64,[],['R']
0_r1,Flutter Developer,36.64,[],"['SQL', 'Git', 'MySQL', 'R']"
0_r1,Network Administrator,36.64,[],['R']
0_r1,Software Engineer,36.64,[],['R']
0_r1,Network Administrator,36.64,['Java'],"['Excel', 'R']"
0_r1,Wordpress Developer,36.64,[],"['SQL', 'MySQL', 'R']"
0_r1,iOS Developer,36.63,[],['R']
0_r1,Django Developer,36.63,['Python'],"['SQL', 'Django', 'MySQL', 'R']"
0_r1,JavaScript Developer,36.63,['Java'],['R']
0_r1,Network Administrator,36.62,[],"['Linux', 'Git', 'Excel', 'R']"
0_r1,Wordpress Developer,36.62,[],"['Excel', 'R']"
0_r1,Software Engineer,36.62,['C++'],"['Linux', 'Excel', 'R']"
0_r1,Real Estate Agent,36.62,[],"['Excel', 'R']"
0_r1,Wordpress Developer,36.61,['Java'],"['SQL', 'Git', 'MySQL', 'R']"
0_r1,Network Administrator,36.6,[],['R']
0_r1,DevOps Engineer,36.6,['Python'],"['SQL', 'AWS', 'Linux', 'MySQL', 'R']"
0_r1,Software Engineer,36.6,['Java'],"['SQL', 'Linux', 'Excel', 'R']"
0_r1,Java Developer,36.59,['Java'],['R']
0_r1,Data Analyst Senior,36.58,['Python'],"['SQL', 'Git', 'Excel', 'Tableau', 'ETL', 'R']"
0_r1,Wordpress Developer,36.58,['Java'],"['Git', 'R']"
0_r1,Full Stack Developer,36.58,['Java'],"['Git', 'R']"
0_r1,"Software Engineer - Reno, NV",36.58,"['Python', 'Java']",['R']
0_r1,iOS Developer,36.57,[],"['AWS', 'Docker', 'Git', 'Excel', 'R']"
0_r1,HR Data Analyst II (Workday),36.56,[],"['Excel', 'Tableau', 'R']"
0_r1,DevOps Engineer,36.56,['Python'],"['Linux', 'R']"
0_r1,Software Engineer,36.56,['Python'],"['Linux', 'R']"
0_r1,Network Administrator,36.56,['Python'],"['Linux', 'Git', 'Excel', 'R']"
0_r1,Senior Healthcare Data Analyst,36.55,"['Python', 'Machine Learning']","['SQL', 'Excel', 'Tableau', 'R']"
0_r1,Business Analyst - Manufacturing & Supply Chain,36.54,[],"['Excel', 'R']"
0_r1,Software Engineer,36.53,['Java'],"['Excel', 'R']"
0_r1,Network Administrator,36.53,[],"['Excel', 'R']"
0_r1,PHP Developer,36.52,['Java'],"['SQL', 'MySQL', 'R']"
0_r1,Software Developer- Entry Level,36.52,['Machine Learning'],"['Excel', 'R']"
0_r1,Machine Learning,36.51,"['Python', 'Machine Learning', 'Hadoop', 'Spark']","['SQL', 'Deep Learning', 'TensorFlow', 'Git', 'Excel', 'R']"
0_r1,Wordpress Developer,36.51,['Java'],"['Excel', 'R']"
0_r1,Full Stack Developer,36.51,['Java'],"['SQL', 'AWS', 'Linux', 'Git', 'MySQL', 'R']"
0_r1,Network Administrator,36.5,[],['R']
0_r1,Java Developer,36.5,['Java'],"['SQL', 'Excel', 'R']"
0_r1,Java Developer,36.49,['Java'],"['SQL', 'Git', 'R']"
0_r1,Software Engineer,36.49,['Java'],"['Git', 'Excel', 'R']"
0_r1,Django Developer,36.48,['Python'],"['SQL', 'Git', 'Django', 'MySQL', 'R']"
0_r1,Full Stack Developer,36.47,['Java'],"['SQL', 'AWS', 'Linux', 'Git', 'Excel', 'MySQL', 'R']"
0_r1,Backend Developer,36.47,[],['R']
0_r1,Machine Learning,36.45,['Machine Learning'],['R']
0_r1,Software Engineer,36.45,[],['R']
0_r1,Backend Developer,36.45,[],"['SQL', 'MongoDB', 'MySQL', 'R']"
0_r1,Full Stack Developer,36.44,['Java'],"['SQL', 'AWS', 'Docker', 'MySQL', 'R']"
0_r1,Business Analyst - Dynamics Center of Excellence,36.43,[],['R']
0_r1,Software Engineer,36.43,['Java'],['R']
0_r1,Network Administrator,36.43,[],"['Linux', 'R']"
0_r1,Marketing Intern,36.43,[],"['Git', 'Excel', 'R']"
0_r1,Software Engineer,36.42,[],['R']
0_r1,Full Stack Developer,36.42,"['Python', 'Java', 'C++']","['SQL', 'Git', 'R']"
0_r1,Django Developer,36.42,['Python'],"['SQL', 'Linux', 'Git', 'Django', 'R']"
0_r1,Dir Software Solutions Sales Senior,36.42,[],"['Excel', 'R']"
0_r1,Business Analyst,36.4,['Java'],"['SQL', 'Excel', 'R']"
0_r1,Senior Systems Business Analyst,36.4,[],"['SQL', 'Linux', 'R']"
0_r1,Data Analyst,36.4,[],"['SQL', 'Excel', 'R']"
0_r1,Customer Experience Specialist II - REMOTE,36.39,[],"['Excel', 'R']"
0_r1,Django Developer,36.38,['Python'],"['SQL', 'Django', 'R']"
0_r1,Wordpress Developer,36.38,['Java'],"['Git', 'R']"
0_r1,Wordpress Developer,36.38,['Java'],['R']
0_r1,System Software Development Engineer - Entry Level,36.38,"['Python', 'Java', 'Machine Learning']","['AWS', 'Docker', 'Kubernetes', 'Linux', 'Git', 'R']"
0_r1,"Senior Analyst, Data Science",36.35,['Python'],"['SQL', 'Git', 'Excel', 'R']"
0_r1,Node js developer,36.35,['Java'],"['Git', 'Excel', 'R']"
0_r1,Backend Developer,36.33,['Java'],"['Git', 'Excel', 'R']"
0_r1,"Full Time Digital Marketing Specialist - Columbus, OH",36.33,[],"['Git', 'Excel', 'R']"
0_r1,Benefits Data Analyst,36.3,[],"['Excel', 'R']"
0_r1,Java Developer,36.3,"['Python', 'Java']","['SQL', 'Git', 'Excel', 'R']"
0_r1,Software Engineer,36.3,['Machine Learning'],"['Excel', 'R']"
0_r1,Data Quality Analyst (Remote Opportunity),36.29,[],"['SQL', 'Kubernetes', 'Linux', 'Git', 'Power BI', 'R']"
0_r1,Wordpress Developer,36.29,['Java'],['R']
0_r1,Network and Systems Administrator (On-Site ~ NOT REMOTE),36.29,[],"['Git', 'Excel', 'R']"
0_r1,Full Stack Developer,36.27,[],"['Git', 'R']"
0_r1,Machine Learning,36.26,['Machine Learning'],"['Git', 'R']"
0_r1,Network Administrator,36.26,[],['R']
0_r1,Flutter Developer,36.25,['Java'],['R']
0_r1,Java Developer,36.24,"['Java', 'Machine Learning']",['R']
0_r1,Network Administrator,36.23,[],"['Linux', 'Excel', 'R']"
0_r1,Database Administrator,36.23,[],"['SQL', 'R']"
0_r1,"Business Analyst, Office of Human Resources (SY24-25)",36.22,[],"['SQL', 'Excel', 'R']"
0_r1,PHP Developer,36.22,[],"['SQL', 'AWS', 'Linux', 'Git', 'Django', 'MongoDB', 'MySQL', 'R']"
0_r1,Java Developer,36.2,"['Java', 'Machine Learning']","['SQL', 'AWS', 'MongoDB', 'R']"
0_r1,Network Administrator,36.2,[],['R']
0_r1,Entry Level - Transaction Monitoring Investigator ,36.2,[],"['AWS', 'Excel', 'R']"
0_r1,Senior Business Analyst,36.18,[],['R']
0_r1,Wordpress Developer,36.17,['Java'],"['SQL', 'Git', 'Excel', 'MySQL', 'R']"
0_r1,Software Engineer,36.16,[],"['Git', 'R']"
0_r1,Java Developer,36.16,[],"['SQL', 'R']"
0_r1,Django Developer,36.15,"['Python', 'Machine Learning']","['TensorFlow', 'Django', 'R']"
0_r1,Node js developer,36.14,['Java'],"['SQL', 'Docker', 'R']"
0_r1,Wordpress Developer,36.14,['Java'],"['SQL', 'Excel', 'MySQL', 'R']"
0_r1,Flutter Developer,36.14,['Java'],['R']
0_r1,Customer Service Representative - Remote,36.12,[],['R']
0_r1,PHP Developer,36.11,['Java'],"['SQL', 'Excel', 'MySQL', 'R']"
0_r1,Sr. E-Commerce Marketing Director,36.11,[],"['Git', 'R']"
0_r1,Full Stack Developer,36.1,['Java'],"['SQL', 'AWS', 'Git', 'Excel', 'R']"
0_r1,JavaScript Developer,36.09,['Java'],"['Linux', 'Git', 'Excel', 'R']"
0_r1,Django Developer,36.09,['Python'],"['Django', 'R']"
0_r1,Full Stack Developer,36.07,['Java'],"['Excel', 'R']"
0_r1,Wordpress Developer,36.07,['Java'],['R']
0_r1,JavaScript Developer,36.07,['Java'],['R']
0_r1,Web Developer,36.07,['Java'],"['SQL', 'MySQL', 'R']"
0_r1,Software Engineer,36.06,"['Java', 'Hadoop']","['SQL', 'Git', 'Excel', 'MongoDB', 'MySQL', 'R']"
0_r1,Backend Developer,36.06,['Java'],"['SQL', 'AWS', 'Git', 'Django', 'MongoDB', 'MySQL', 'R']"
0_r1,Backend Developer,36.06,['Java'],"['Git', 'R']"
0_r1,Node js developer,36.04,['Java'],['R']
0_r1,Data Analyst,36.03,['Python'],"['SQL', 'AWS', 'Power BI', 'Excel', 'Tableau', 'ETL', 'R']"
0_r1,iOS Developer,36.02,[],"['Git', 'R']"
0_r1,FP&A Data Analytics Analyst,36.01,[],"['Excel', 'R']"
0_r1,Machine Learning,36.0,"['Python', 'C++', 'Machine Learning']","['Deep Learning', 'TensorFlow', 'Linux', 'R']"
0_r1,Software Engineer (Remote),36.0,[],"['SQL', 'AWS', 'Git', 'Excel', 'R']"
0_r1,"Senior Data Analyst / Grand Prairie, TX",35.99,[],"['Excel', 'Tableau', 'R']"
0_r1,DevOps Engineer,35.99,[],"['AWS', 'Docker', 'Kubernetes', 'Linux', 'Git', 'R']"
0_r1,R0049: PM Full Time Material Handler,35.99,[],"['AWS', 'Git', 'R']"
0_r1,Career Coach,35.97,[],['R']
0_r1,Data & Reporting Analyst,35.96,[],"['SQL', 'AWS', 'Power BI', 'Excel', 'R']"
0_r1,Sr Analyst Data,35.96,[],"['SQL', 'Power BI', 'Excel', 'R']"
0_r1,Java Developer,35.94,['Java'],"['Git', 'R']"
0_r1,Wordpress Developer,35.9,['Java'],['R']
0_r1,Node js developer,35.89,[],"['MongoDB', 'R']"
0_r1,JavaScript Developer,35.88,['Java'],"['Git', 'R']"
0_r1,Node js developer,35.87,[],"['Git', 'R']"
0_r1,Java Developer,35.87,[],"['SQL', 'Excel', 'R']"
0_r1,Data Analyst Specialist,35.86,[],"['SQL', 'Excel', 'R']"
0_r1,Database Administrator,35.86,[],['R']
0_r1,JavaScript Developer,35.86,['Java'],"['SQL', 'AWS', 'Git', 'Excel', 'R']"
0_r1,Remote Administrative Assistant,35.85,[],"['Excel', 'R']"
0_r1,Software Engineer,35.84,"['Python', 'Java']","['SQL', 'Linux', 'R']"
0_r1,Machine Learning,35.83,"['Python', 'Machine Learning']","['Deep Learning', 'TensorFlow', 'PyTorch', 'AWS', 'Docker', 'Git', 'NLP', 'Flask', 'R']"
0_r1,Warehouse Manager IV,35.83,[],['R']
0_r1,Wordpress Developer,35.81,['Spark'],"['SQL', 'Excel', 'MySQL', 'R']"
0_r1,Data Analyst,35.8,['Spark'],"['SQL', 'Power BI', 'ETL', 'R']"
0_r1,Wordpress Developer,35.8,['Java'],['R']
0_r1,Full Stack Developer,35.77,['Java'],"['MongoDB', 'R']"
0_r1,Backend Developer,35.77,['Java'],"['SQL', 'Git', 'MongoDB', 'MySQL', 'R']"
0_r1,Django Developer,35.77,"['Python', 'Java']","['SQL', 'Excel', 'Django', 'MySQL', 'R']"
0_r1,PHP Developer,35.75,['Java'],"['SQL', 'MySQL', 'R']"
0_r1,Account Executive (Inside Sales),35.75,[],['R']
0_r1,Content and Data Analyst,35.74,[],"['Power BI', 'Excel', 'R']"
0_r1,Java Developer,35.74,['Java'],"['SQL', 'Excel', 'R']"
0_r1,Backend Developer,35.71,['Java'],['R']
0_r1,PHP Developer,35.71,[],['R']
0_r1,Wordpress Developer,35.71,['Java'],"['SQL', 'Git', 'MySQL', 'R']"
0_r1,"Data Analyst, Metrics & Reporting",35.7,['Python'],"['SQL', 'AWS', 'Excel', 'R']"
0_r1,Full Stack Developer,35.7,[],['R']
0_r1,Supply Chain Analyst,35.7,[],"['Excel', 'R']"
0_r1,Backend Developer,35.69,['Java'],"['SQL', 'MySQL', 'R']"
0_r1,Senior Corporate Recruiter (Contract) - (Remote - US),35.69,[],"['AWS', 'Git', 'R']"
0_r1,Django Developer,35.68,['Python'],"['Git', 'Django', 'R']"
0_r1,DevOps Engineer,35.67,"['Python', 'C++']","['Linux', 'Git', 'Excel', 'R']"
0_r1,Fraud Systems Analyst (REMOTE OPPORTUNITY),35.66,[],"['Excel', 'R']"
0_r1,Network Administrator,35.64,[],['R']
0_r1,Software Engineer,35.64,['Java'],"['Git', 'R']"
0_r1,Django Developer,35.63,"['Python', 'Java']",['R']
0_r1,Network Administrator,35.61,[],"['Excel', 'R']"
0_r1,Administrative Assistant to Global Real Estate Institutional...,35.61,[],"['Excel', 'R']"
0_r1,Java Developer,35.6,['Java'],"['SQL', 'R']"
0_r1,Data Governance Analyst- Remote (Anywhere in the U.S.),35.58,[],"['Excel', 'R']"
0_r1,Business Data Analyst,35.58,[],"['AWS', 'Power BI', 'Excel', 'Tableau', 'R']"
0_r1,Django Developer,35.58,['Python'],"['Excel', 'Django', 'R']"
0_r1,"Sr. Software Engineer, Networking (Remote)",35.58,[],['R']
0_r1,"Senior Analyst, Casino Analytics",35.57,[],"['SQL', 'Excel', 'Tableau', 'R']"
0_r1,JavaScript Developer,35.57,['Java'],"['Git', 'R']"
0_r1,Java Developer,35.57,['Java'],"['SQL', 'R']"
0_r1,Software Engineer,35.57,['Java'],"['AWS', 'Git', 'Excel', 'R']"
0_r1,Django Developer,35.56,['Python'],"['Flask', 'Django', 'R']"
0_r1,Node js developer,35.56,[],"['Git', 'MongoDB', 'R']"
0_r1,Business Analyst (Remote ET/CT),35.55,[],"['Git', 'Excel', 'R']"
0_r1,Customer Success Data Analyst,35.53,[],"['Git', 'Excel', 'R']"
0_r1,JavaScript Developer,35.53,['Java'],['R']
0_r1,Django Developer,35.51,['Python'],"['Linux', 'Django', 'R']"
0_r1,Node js developer,35.51,['Java'],"['SQL', 'MySQL', 'R']"
0_r1,Database Administrator,35.5,['Python'],"['SQL', 'Linux', 'MySQL', 'R']"
0_r1,PHP Developer,35.49,[],"['SQL', 'Git', 'R']"
0_r1,Supply Planning Analyst,35.48,[],"['SQL', 'Power BI', 'Excel', 'Tableau', 'R']"
0_r1,PHP Developer,35.48,['Java'],['R']
0_r1,Django Developer,35.48,['Python'],"['SQL', 'AWS', 'Django', 'R']"
0_r1,Business Analyst,35.47,[],"['SQL', 'R']"
0_r1,PHP Developer,35.47,['Java'],"['SQL', 'Git', 'Excel', 'MySQL', 'R']"
0_r1,Database Administrator,35.47,[],['R']
0_r1,Remote Work from Home Part Time Data Entry - Entry Level,35.47,[],['R']
0_r1,CRM Data Analyst,35.43,[],"['SQL', 'AWS', 'Git', 'Excel', 'Tableau', 'R']"
0_r1,Full Stack Developer,35.43,[],['R']
0_r1,JavaScript Developer,35.43,"['Java', 'C++']","['AWS', 'R']"
0_r1,Backend Developer,35.43,['Java'],"['SQL', 'AWS', 'Docker', 'Kubernetes', 'Linux', 'Git', 'NLP', 'MySQL', 'R']"
0_r1,Data Entry Clerk,35.43,[],['R']
0_r1,Java Developer,35.42,"['Python', 'Java']","['SQL', 'AWS', 'Git', 'Excel', 'R']"
0_r1,"Program Manager, Blended Learning",35.41,[],"['Git', 'Excel', 'R']"
0_r1,Clinical Business Analyst Lv 2,35.4,[],"['Excel', 'Tableau', 'R']"
0_r1,It Systems Administrator Ii,35.4,[],"['Excel', 'R']"
0_r1,Accounts Receivable-FC,35.38,[],"['Excel', 'R']"
0_r1,Java Developer,35.37,[],"['SQL', 'Linux', 'Git', 'Excel', 'R']"
0_r1,Full Stack Software Engineer,35.37,['Java'],"['SQL', 'AWS', 'MongoDB', 'MySQL', 'R']"
0_r1,Data Entry - Work from Home - International Applicants Accepted,35.37,[],"['AWS', 'Excel', 'R']"
0_r1,Customer Service Representative / Remote,35.36,[],"['Excel', 'R']"
0_r1,Django Developer,35.35,"['Python', 'Java']","['SQL', 'Django', 'MySQL', 'R']"
0_r1,Customer Support Agent (remote),35.35,[],"['Git', 'Excel', 'R']"
0_r1,Flutter Developer,35.34,['Hive'],"['Git', 'R']"
0_r1,Part-Time Office Services Clerk,35.34,[],"['Excel', 'R']"
0_r1,Network Administrator,35.33,[],['R']
0_r1,Software Engineer,35.33,['Java'],"['SQL', 'Excel', 'R']"
0_r1,Backend Developer,35.33,['Java'],"['SQL', 'Git', 'MongoDB', 'MySQL', 'R']"
0_r1,Node js developer,35.31,['Java'],"['Excel', 'R']"
0_r1,Business Analyst (Entry Level),35.31,[],['R']
0_r1,Network Administrator,35.29,[],"['SQL', 'R']"
0_r1,PHP Developer,35.28,['Java'],"['SQL', 'Excel', 'MySQL', 'R']"
0_r1,Node js developer,35.28,[],['R']
0_r1,PCA & ESA (Phase 1 & 2) Vice President,35.28,[],"['AWS', 'Excel', 'R']"
0_r1,Network Administrator,35.27,[],"['SQL', 'R']"
0_r1,Financial Risk Data Analyst,35.26,[],"['Excel', 'Tableau', 'R']"
0_r1,Software Engineer,35.26,['Java'],"['SQL', 'AWS', 'Docker', 'Kubernetes', 'Git', 'Excel', 'R']"
0_r1,Marketing Analytics - Data Analyst - ADP,35.23,[],"['SQL', 'AWS', 'Git', 'Excel', 'R']"
0_r1,Django Developer,35.23,['Python'],"['SQL', 'Git', 'Django', 'R']"
0_r1,iOS Developer,35.2,[],"['Excel', 'R']"
0_r1,Backend Developer,35.19,['Python'],"['SQL', 'Linux', 'Flask', 'Django', 'R']"
0_r1,Django Developer,35.18,['Python'],"['AWS', 'Django', 'R']"
0_r1,Node js developer,35.15,['Java'],"['Git', 'R']"
0_r1,"Business Analyst, ACS Publications Sales",35.14,[],"['SQL', 'Excel', 'Tableau', 'R']"
0_r1,Flutter Developer,35.13,['Java'],"['Git', 'R']"
0_r1,Bioinformatician/Research Data Analyst 1,35.12,[],"['Excel', 'R']"
0_r1,Data Visualization & Communications Analyst - REMOTE,35.12,[],"['AWS', 'Power BI', 'Tableau', 'R']"
0_r1,PHP Developer,35.12,['Java'],"['SQL', 'Git', 'MySQL', 'R']"
0_r1,iOS Developer,35.12,[],"['AWS', 'R']"
0_r1,Backend Developer,35.11,[],['R']
0_r1,Node js developer,35.11,['Java'],"['SQL', 'MySQL', 'R']"
0_r1,Fraud Investigator,35.11,[],"['Excel', 'R']"
0_r1,DevOps Engineer,35.1,[],"['Docker', 'Linux', 'Git', 'R']"
0_r1,Flutter Developer,35.09,['Java'],"['Git', 'R']"
0_r1,Data Analyst,35.08,[],"['Excel', 'R']"
0_r1,Business Analyst,35.08,[],"['SQL', 'AWS', 'Excel', 'R']"
0_r1,Data Analyst,35.07,[],"['Git', 'R']"
0_r1,Flutter Developer,35.07,[],"['Git', 'R']"
0_r1,"Assurance Senior, Public Accounting",35.07,[],['R']
0_r1,Wordpress Developer,35.06,['Java'],"['Git', 'R']"
0_r1,Full Stack Developer,35.06,['Java'],['R']
0_r1,Django Developer,35.05,"['Python', 'Java']","['SQL', 'AWS', 'Git', 'Excel', 'Django', 'MySQL', 'R']"
0_r1,Wordpress Developer,35.05,['Java'],"['Excel', 'R']"
0_r1,Node js developer,35.05,['Java'],"['Git', 'R']"
0_r1,Database Administrator,35.04,['Java'],"['SQL', 'R']"
0_r1,Node js developer,35.03,['Java'],"['Git', 'Excel', 'MongoDB', 'R']"
0_r1,Flutter Developer,35.0,[],['R']
0_r1,Java Developer,35.0,"['Python', 'Java']","['SQL', 'MySQL', 'R']"
0_r1,Full Stack Developer,34.98,"['Python', 'Java']","['AWS', 'Docker', 'Git', 'Django', 'R']"
0_r1,Data Analyst Manager,34.98,['Python'],"['SQL', 'R']"
0_r1,Senior Vice President of Property Management,34.97,[],['R']
0_r1,Database Administrator,34.95,[],"['SQL', 'R']"
0_r1,Backend Developer,34.95,[],"['SQL', 'Git', 'MySQL', 'R']"
0_r1,PHP Developer,34.93,['Java'],['R']
0_r1,Django Developer,34.9,['Python'],"['Excel', 'Django', 'R']"
0_r1,Senior Data Analyst - Patient Safety,34.87,[],"['SQL', 'AWS', 'Power BI', 'Tableau', 'R']"
0_r1,JavaScript Developer,34.86,['Java'],"['Excel', 'R']"
0_r1,Software Engineer,34.86,"['Python', 'Java', 'C++', 'Machine Learning']","['AWS', 'Excel', 'R']"
0_r1,Full Stack Developer,34.86,['Java'],"['SQL', 'Git', 'Excel', 'R']"
0_r1,2025 Corporate Analyst Program - Proposal Analyst,34.85,[],"['Git', 'Excel', 'R']"
0_r1,PHP Developer,34.85,['Java'],['R']
0_r1,Software Engineer,34.85,['Java'],['R']
0_r1,Database Administrator,34.85,[],"['Excel', 'R']"
0_r1,Node js developer,34.85,['Java'],"['SQL', 'MongoDB', 'R']"
0_r1,Reporting Analyst,34.84,[],"['SQL', 'Excel', 'R']"
0_r1,Machine Learning,34.84,"['Python', 'Machine Learning']","['SQL', 'R']"
0_r1,Full Stack Developer,34.83,['Java'],"['Git', 'Excel', 'R']"
0_r1,PHP Developer,34.81,[],"['SQL', 'Excel', 'MySQL', 'R']"
0_r1,Database Administrator,34.81,[],"['SQL', 'MySQL', 'R']"
0_r1,Network Administrator,34.81,[],['R']
0_r1,Software Engineer,34.81,"['Python', 'Java']","['SQL', 'AWS', 'Docker', 'Linux', 'R']"
0_r1,Backend Developer,34.8,[],['R']
0_r1,Django Developer,34.8,['Python'],"['AWS', 'Docker', 'Django', 'R']"
0_r1,Node js developer,34.79,['Java'],"['SQL', 'Linux', 'Git', 'Excel', 'MySQL', 'R']"
0_r1,Executive Assistant to CEO at Chartis Federal (Hybrid: Remote ...,34.77,[],"['Excel', 'R']"
0_r1,Full Stack Developer,34.76,"['Python', 'Java']","['SQL', 'AWS', 'Linux', 'Git', 'Flask', 'R']"
0_r1,iOS Developer,34.75,[],"['Git', 'R']"
0_r1,iOS Developer,34.75,['C++'],"['Excel', 'R']"
0_r1,Business Development & Sales Analyst II,34.75,[],"['AWS', 'Excel', 'R']"
0_r1,Senior Accountant (Remote) (Remote),34.73,[],"['Excel', 'R']"
0_r1,Node js developer,34.72,['Java'],"['MongoDB', 'R']"
0_r1,Software Engineer,34.72,[],['R']
0_r1,Backend Developer,34.72,['Java'],"['SQL', 'AWS', 'Git', 'R']"
0_r1,Wordpress Web Developer,34.72,['Java'],"['SQL', 'Linux', 'Git', 'MySQL', 'R']"
0_r1,Network Administrator,34.7,[],['R']
0_r1,Social Media Manager,34.7,[],"['Excel', 'R']"
0_r1,Network Administrator,34.69,[],"['AWS', 'Excel', 'R']"
0_r1,Flutter Developer,34.68,['Java'],"['Excel', 'R']"
0_r1,Senior Accountant,34.68,[],"['Excel', 'R']"
0_r1,Django Developer,34.66,"['Python', 'Java']","['Django', 'R']"
0_r1,PHP Developer,34.66,['Java'],"['SQL', 'Linux', 'MySQL', 'R']"
0_r1,JavaScript Developer,34.65,['Java'],['R']
0_r1,Full Stack Developer,34.65,"['Python', 'Java', 'C++', 'Machine Learning']","['AWS', 'Docker', 'R']"
0_r1,Senior Accountant (Remote),34.65,[],"['Git', 'Excel', 'R']"
0_r1,Java Developer,34.64,['Java'],['R']
0_r1,Data Analyst (R2071),34.63,[],"['SQL', 'Excel', 'R']"
0_r1,Executive Assistant,34.63,[],['R']
0_r1,Business Banking Relationship Manager,34.63,[],"['AWS', 'Excel', 'R']"
0_r1,Database Administrator,34.62,[],['R']
0_r1,Regional Sales Manager,34.62,[],['R']
0_r1,Construction Project Manager (Remote),34.61,[],"['Excel', 'R']"
0_r1,Investment Data Analyst,34.59,['Python'],"['SQL', 'Excel', 'R']"
0_r1,"Business Analyst II - Hybrid - Oakbrook Terrace, IL",34.59,[],"['AWS', 'Excel', 'R']"
0_r1,JavaScript Developer,34.59,"['Java', 'Spark']","['Excel', 'R']"
0_r1,Database Administrator,34.58,[],"['Excel', 'R']"
0_r1,Software Engineer I ( 100% Remote),34.57,"['Python', 'Java']","['Git', 'Excel', 'R']"
0_r1,iOS Developer,34.54,[],"['Excel', 'R']"
0_r1,Backend Developer,34.54,[],"['Excel', 'R']"
0_r1,PHP Developer,34.53,[],"['SQL', 'Git', 'MySQL', 'R']"
0_r1,"Director, Digital Strategy",34.53,[],"['AWS', 'Git', 'Excel', 'R']"
0_r1,Node js developer,34.52,['Java'],['R']
0_r1,HTML and Wordpress Developer,34.5,['Java'],['R']
0_r1,Business Development Executive,34.5,[],"['Git', 'Excel', 'ETL', 'R']"
0_r1,Business Development Manager,34.5,[],['R']
0_r1,"Analyst II, Supply Chain - Corporate - US (Open)",34.49,[],"['Excel', 'R']"
0_r1,JavaScript Developer,34.47,['Java'],"['SQL', 'Git', 'Excel', 'R']"
0_r1,Wordpress Developer,34.46,[],['R']
0_r1,Full Stack Developer,34.46,['Java'],['R']
0_r1,Luxury Sales Stylist - Mens Combo - Saks Fifth Avenue,34.46,[],"['AWS', 'Git', 'Excel', 'R']"
0_r1,iOS Developer,34.44,[],['R']
0_r1,Java Developer,34.43,['Java'],"['SQL', 'MySQL', 'R']"
0_r1,Software Engineer,34.42,[],['R']
0_r1,Software Engineer,34.42,['Python'],"['SQL', 'AWS', 'Linux', 'R']"
0_r1,Flutter Developer,34.42,['Java'],"['SQL', 'Excel', 'R']"
0_r1,Software Engineer,34.4,[],"['AWS', 'R']"
0_r1,Wordpress Developer,34.39,['Java'],['R']
0_r1,JavaScript Developer,34.39,['Java'],['R']
0_r1,Flutter Developer,34.38,[],"['SQL', 'Excel', 'R']"
0_r1,JavaScript Developer,34.37,['Java'],"['Git', 'Excel', 'R']"
0_r1,Flutter Developer,34.37,[],"['Excel', 'R']"
0_r1,PHP Developer,34.36,['Java'],"['SQL', 'MySQL', 'R']"
0_r1,Full Stack Developer,34.35,"['Java', 'C++']","['Excel', 'R']"
0_r1,Full Stack Developer,34.35,[],"['Git', 'R']"
0_r1,Flutter Developer,34.35,[],"['Git', 'R']"
0_r1,Marketing Manager,34.35,[],"['Git', 'Excel', 'R']"
0_r1,Regional Sales Manager,34.35,[],"['Excel', 'R']"
0_r1,Wordpress Developer,34.33,['Java'],"['Excel', 'R']"
0_r1,JavaScript Developer,34.33,['Java'],"['Git', 'R']"
0_r1,Institutional Reporting and Data Analyst - SUNY Orange,34.32,[],"['SQL', 'AWS', 'R']"
0_r1,Wordpress Developer,34.32,['Java'],"['SQL', 'MySQL', 'R']"
0_r1,iOS Developer,34.31,[],"['SQL', 'R']"
0_r1,Wordpress Developer,34.31,[],"['SQL', 'Excel', 'MySQL', 'R']"
0_r1,Remote Inbound Customer Service Representative,34.31,[],"['Excel', 'R']"
0_r1,Java Developer,34.3,['Java'],"['Linux', 'Git', 'Excel', 'R']"
0_r1,"Director, Audience Marketing",34.28,[],"['Git', 'R']"
0_r1,Full Stack Developer,34.27,['Java'],"['SQL', 'Linux', 'R']"
0_r1,Data Analyst,34.26,[],"['Git', 'Power BI', 'Excel', 'ETL', 'R']"
0_r1,iOS Developer,34.26,[],"['SQL', 'Git', 'Excel', 'R']"
0_r1,iOS Developer,34.25,['Java'],"['SQL', 'Git', 'R']"
0_r1,Software Engineer (US-Remote),34.24,['Java'],"['AWS', 'Docker', 'R']"
0_r1,"Associate Project Manager, IVD Product Development (San Diego, CA)",34.24,[],"['Excel', 'R']"
0_r1,Flutter Developer,34.23,[],"['Excel', 'R']"
0_r1,Software Engineer,34.23,"['Java', 'C++']","['Excel', 'R']"
0_r1,JavaScript Developer,34.22,['Java'],"['SQL', 'MySQL', 'R']"
0_r1,iOS Developer,34.22,[],['R']
0_r1,Assistant Manager,34.21,[],"['Excel', 'R']"
0_r1,Java Developer,34.19,"['Python', 'Java', 'C++']","['SQL', 'Excel', 'MySQL', 'R']"
0_r1,Software Engineer,34.17,[],"['SQL', 'Excel', 'R']"
0_r1,Account Delivery Manager,34.17,[],"['AWS', 'Git', 'Excel', 'R']"
0_r1,Senior Business Insights Analyst,34.15,[],"['Excel', 'Tableau', 'R']"
0_r1,Wordpress Developer,34.15,[],"['Excel', 'R']"
0_r1,Node js developer,34.15,['Java'],"['MongoDB', 'R']"
0_r1,Wordpress Developer,34.14,['Java'],['R']
0_r1,Machine Learning,34.13,"['Python', 'Machine Learning']","['NLP', 'R']"
0_r1,Remote Customer Service Representative,34.13,[],"['Excel', 'R']"
0_r1,"Senior Sales Executive- Revenue Cycle Management - MI, OH, KY, IN",34.12,[],"['AWS', 'R']"
0_r1,JavaScript Developer,34.11,['Java'],['R']
0_r1,Database Administrator,34.1,[],"['SQL', 'Excel', 'ETL', 'R']"
0_r1,"Regional Sales Manager, Video Conferencing (East)",34.1,[],"['AWS', 'Excel', 'R']"
0_r1,Network Administrator,34.08,[],['R']
0_r1,JavaScript Developer,34.04,"['Python', 'Java']","['SQL', 'R']"
0_r1,Data Operations Analyst,34.03,['Spark'],"['Git', 'Excel', 'Tableau', 'R']"
0_r1,Public Health Advisor - Data Analyst,34.02,['Python'],"['SQL', 'Excel', 'R']"
0_r1,iOS Developer,34.01,[],['R']
0_r1,Software Engineer,34.0,[],['R']
0_r1,Node js developer,34.0,[],"['SQL', 'MongoDB', 'MySQL', 'R']"
0_r1,Warehouse Supervisor,34.0,[],['R']
0_r1,Admin/Clerical Recruiter,34.0,[],"['AWS', 'R']"
0_r1,Node js developer,33.98,"['Python', 'Java', 'Hadoop', 'Spark', 'Hive']","['SQL', 'Git', 'R']"
0_r1,Software Engineer,33.97,['Java'],"['Git', 'R']"
0_r1,Healthcare Data Analyst,33.95,['Python'],"['SQL', 'Excel', 'Tableau', 'R']"
0_r1,Django Developer,33.95,['Python'],"['Django', 'R']"
0_r1,Django Developer,33.94,[],['R']
0_r1,Project Manager (CCR focused),33.94,[],"['Excel', 'R']"
0_r1,Sr. Healthcare Data Analyst,33.92,[],"['SQL', 'Tableau', 'R']"
0_r1,Backend Developer,33.92,[],"['SQL', 'Git', 'R']"
0_r1,Director - FP&A / Corporate Finance,33.92,[],"['Excel', 'R']"
0_r1,Machine Learning,33.91,"['Python', 'C++', 'Machine Learning']","['Deep Learning', 'TensorFlow', 'PyTorch', 'AWS', 'Docker', 'Git', 'R']"
0_r1,Fraud Resolution Analyst,33.91,[],"['Git', 'Excel', 'R']"
0_r1,Data Fulfillment Analyst,33.9,[],"['SQL', 'Git', 'Excel', 'R']"
0_r1,Healthcare Data Analyst I - Remote,33.88,['Python'],"['SQL', 'AWS', 'Git', 'Excel', 'Tableau', 'R']"
0_r1,Database Administrator,33.88,[],"['SQL', 'R']"
0_r1,Java Developer,33.87,['Java'],['R']
0_r1,Network Administrator,33.87,[],['R']
0_r1,Software Engineer,33.87,[],"['SQL', 'Excel', 'R']"
0_r1,Senior Software Developer - Up to 160k - 100% Remote,33.87,"['Python', 'Java']","['Flask', 'Django', 'R']"
0_r1,DevOps Engineer,33.85,['Python'],"['AWS', 'Git', 'Flask', 'Django', 'R']"
0_r1,Flutter Developer,33.85,['Java'],['R']
0_r1,Business Analyst,33.83,[],['R']
0_r1,Ecommerce Manager  Remote,33.83,[],"['Git', 'R']"
0_r1,Project Manager,33.83,[],['R']
0_r1,Network Administrator,33.81,[],"['Excel', 'R']"
0_r1,People Data Analyst,33.8,[],"['Excel', 'Tableau', 'R']"
0_r1,Software Engineer,33.8,[],"['SQL', 'R']"
0_r1,Web Designer,33.79,[],"['Git', 'R']"
0_r1,Full Stack Developer,33.78,['Java'],"['Git', 'Excel', 'R']"
0_r1,Software Engineer,33.76,[],"['SQL', 'R']"
0_r1,Student Success Data Analyst,33.74,[],"['Power BI', 'R']"
0_r1,PHP Developer,33.72,[],"['Excel', 'R']"
0_r1,Backend Developer,33.71,['Java'],"['SQL', 'Git', 'Excel', 'MySQL', 'R']"
0_r1,"Warehouse Manager - Lexington, KY",33.71,[],"['Excel', 'R']"
0_r1,Business Development Associate,33.71,[],"['Git', 'Excel', 'R']"
0_r1,Senior Marketing Specialist,33.67,[],"['Excel', 'R']"
0_r1,Data Analyst R25-22,33.65,[],"['SQL', 'Power BI', 'Excel', 'Tableau', 'R']"
0_r1,iOS Developer,33.65,[],"['SQL', 'R']"
0_r1,Django Developer,33.65,"['Python', 'Java']","['AWS', 'Git', 'Django', 'R']"
0_r1,PHP Developer,33.65,"['Python', 'Java']",['R']
0_r1,"Governance, Risk & Compliance Program Manager",33.65,[],['R']
0_r1,Customer Support Specialist,33.65,[],"['Excel', 'R']"
0_r1,Business Analyst,33.64,[],"['SQL', 'Excel', 'Tableau', 'R']"
0_r1,Machine Learning,33.64,"['Python', 'Machine Learning', 'Hadoop', 'Spark', 'Hive']","['SQL', 'Deep Learning', 'TensorFlow', 'Excel', 'R']"
0_r1,JavaScript Developer,33.64,['Java'],"['SQL', 'MySQL', 'R']"
0_r1,Supply Chain Analyst (ED),33.64,[],"['Excel', 'R']"
0_r1,Django Developer,33.63,"['Python', 'Java']","['Git', 'Django', 'R']"
0_r1,Warehouse Management Specialist,33.63,[],['R']
0_r1,Database Administrator,33.6,[],"['Excel', 'R']"
0_r1,Database Administrator,33.59,[],"['Excel', 'R']"
0_r1,Java Developer,33.58,['Java'],"['SQL', 'Excel', 'R']"
0_r1,Database Administrator,33.58,[],"['Excel', 'R']"
0_r1,Sales Service Representative,33.57,[],['R']
0_r1,Flutter Developer,33.56,['Java'],['R']
0_r1,Junior Administrative Analyst (1820) - Multiple Departments Citywide (C00185),33.53,[],"['AWS', 'Excel', 'Tableau', 'R']"
0_r1,Django Developer,33.52,['Python'],"['SQL', 'Excel', 'Flask', 'Django', 'R']"
0_r1,PHP Developer,33.51,['Java'],['R']
0_r1,PHP Developer,33.51,"['Python', 'Java']","['SQL', 'MySQL', 'R']"
0_r1,Wordpress Developer,33.51,['Java'],"['Git', 'R']"
0_r1,Java Developer,33.51,['Java'],"['SQL', 'Excel', 'R']"
0_r1,Flutter Developer,33.5,[],['R']
0_r1,iOS Developer,33.5,"['Java', 'C++']","['Git', 'Excel', 'R']"
0_r1,Clerical,33.5,[],['R']
0_r1,System Administrator,33.49,[],"['SQL', 'R']"
0_r1,Java Developer,33.48,['Java'],['R']
0_r1,Flutter Developer,33.48,[],"['SQL', 'Git', 'R']"
0_r1,Warehouse Manager,33.48,[],['R']
0_r1,Project Manager,33.48,[],"['AWS', 'Excel', 'R']"
0_r1,JavaScript Developer,33.45,['Java'],"['Git', 'R']"
0_r1,Windows Packaging Engineer,33.45,[],['R']
0_r1,Software Engineer,33.44,['Java'],"['SQL', 'Git', 'Excel', 'MongoDB', 'MySQL', 'R']"
0_r1,Full Stack Developer,33.43,['Java'],"['SQL', 'R']"
0_r1,PHP Developer,33.43,"['Python', 'Java']","['SQL', 'Excel', 'MySQL', 'R']"
0_r1,Full Stack Developer,33.43,['Java'],['R']
0_r1,Backend Developer,33.41,['Python'],['R']
0_r1,Node js developer,33.41,['Java'],"['Excel', 'R']"
0_r1,Data Analyst I,33.4,[],"['AWS', 'Excel', 'R']"
0_r1,Investment Service Partner – Customer Service Rep – REMOTE OPTION,33.4,[],['R']
0_r1,Java Developer,33.39,['Java'],"['AWS', 'R']"
0_r1,New Business Manager - St. Louis Area,33.39,[],"['Excel', 'R']"
0_r1,Full Stack Developer,33.38,"['Python', 'Java']","['Flask', 'Django', 'R']"
0_r1,Entry Level Surveillance Investigator,33.38,[],['R']
0_r1,JavaScript Developer,33.36,['Java'],"['Git', 'Excel', 'R']"
0_r1,Wordpress Developer,33.35,['Java'],"['Git', 'R']"
0_r1,"MARKETING COORDINATOR - HIGHER EDUCATION - Newark, NJ",33.35,[],"['Excel', 'R']"
0_r1,Database Administrator,33.34,[],['R']
0_r1,Backend Developer,33.34,[],"['SQL', 'R']"
0_r1,Database Administrator,33.34,[],"['Linux', 'R']"
0_r1,PHP Developer,33.33,['Java'],"['SQL', 'MySQL', 'R']"
0_r1,Java Developer,33.33,"['Java', 'C++']",['R']
0_r1,Research Data Analyst,33.32,"['Python', 'Machine Learning']","['Excel', 'R']"
0_r1,Django Developer,33.32,['Python'],"['Django', 'R']"
0_r1,MARKETING SPECIALIST,33.32,[],['R']
0_r1,iOS Developer,33.31,[],"['Git', 'R']"
0_r1,Assistant Controller,33.31,[],"['Excel', 'R']"
0_r1,Backend Developer,33.29,['Java'],"['SQL', 'Git', 'Django', 'MySQL', 'R']"
0_r1,Java Developer,33.28,"['Python', 'Java']","['AWS', 'Git', 'Django', 'R']"
0_r1,Data Solutions Analyst (Remote Opportunity),33.27,[],"['SQL', 'R']"
0_r1,Full Stack Developer,33.27,"['Python', 'Java']","['Excel', 'R']"
0_r1,Investor Relations Analyst,33.26,[],"['Excel', 'R']"
0_r1,Wordpress Developer,33.26,['Java'],"['SQL', 'MySQL', 'R']"
0_r1,Django Developer,33.26,"['Python', 'Java']","['Git', 'Flask', 'Django', 'R']"
0_r1,Banking Center Supervisor,33.26,[],"['Excel', 'R']"
0_r1,Flutter Developer,33.25,[],"['SQL', 'Git', 'R']"
0_r1,Django Developer,33.25,['Python'],"['SQL', 'Linux', 'Git', 'Django', 'R']"
0_r1,iOS Developer,33.22,[],['R']
0_r1,Flutter Developer,33.22,['Java'],['R']
0_r1,iOS Developer,33.22,[],"['Excel', 'R']"
0_r1,Machine Learning,33.21,"['Python', 'Machine Learning']","['Deep Learning', 'Git', 'Excel', 'R']"
0_r1,iOS Developer,33.21,[],"['Git', 'Excel', 'R']"
0_r1,JavaScript Developer,33.21,['Java'],['R']
0_r1,Software Engineer,33.2,['Java'],"['SQL', 'Git', 'R']"
0_r1,"Senior Accountant - Florham Park, NJ",33.19,[],"['Excel', 'R']"
0_r1,Java Developer,33.15,['Java'],['R']
0_r1,JavaScript Developer,33.15,['Java'],"['Git', 'Excel', 'R']"
0_r1,Business Development Executive /Remote with Travel/ - with Growth...,33.15,[],"['Excel', 'R']"
0_r1,PHP Developer,33.13,['Java'],['R']
0_r1,Full Stack Developer,33.12,"['Python', 'Java']","['Git', 'Excel', 'R']"
0_r1,Oracle E-Business Programmer & Decision Support,33.11,[],"['SQL', 'Excel', 'R']"
0_r1,Backend Developer,33.07,['Java'],"['SQL', 'Git', 'Django', 'MySQL', 'R']"
0_r1,Network Administrator,33.07,[],"['Linux', 'R']"
0_r1,JavaScript Developer,33.06,['Java'],"['Git', 'R']"
0_r1,iOS Developer,33.06,[],['R']
0_r1,Flutter Developer,33.05,[],"['SQL', 'Excel', 'R']"
0_r1,JavaScript Developer,33.04,['Java'],"['AWS', 'Git', 'R']"
0_r1,JavaScript Developer,33.04,['Java'],['R']
0_r1,Node js developer,33.03,['Java'],['R']
0_r1,Java Developer,33.02,['Java'],"['SQL', 'Git', 'Excel', 'R']"
0_r1,Wordpress Developer,33.01,[],"['Git', 'R']"
0_r1,Flutter Developer,32.98,['Java'],"['SQL', 'AWS', 'Git', 'MySQL', 'R']"
0_r1,Node js developer,32.98,[],['R']
0_r1,Machine Learning,32.98,[],"['Git', 'R']"
0_r1,Java Developer,32.97,"['Java', 'C++']",['R']
0_r1,Flutter Developer,32.97,['Java'],"['Git', 'R']"
0_r1,Sales & Marketing Specialist,32.96,[],"['Excel', 'R']"
0_r1,Data Reporting Analyst,32.94,"['Python', 'Java']","['SQL', 'Power BI', 'Excel', 'Tableau', 'R']"
0_r1,Flutter Developer,32.93,['Java'],"['SQL', 'MySQL', 'R']"
0_r1,Data Analyst,32.92,[],"['Excel', 'R']"
0_r1,Research Data Analyst,32.92,['Python'],"['SQL', 'AWS', 'Git', 'Excel', 'R']"
0_r1,Node js developer,32.92,['Java'],['R']
0_r1,Sales And Marketing Specialist,32.92,[],['R']
0_r1,Business Development Center Representative - Performance Columbus,32.91,[],"['Excel', 'R']"
0_r1,Business Development Center Representative - Performance Columbus,32.91,[],"['Excel', 'R']"
0_r1,PHP Developer,32.9,['Python'],"['SQL', 'MySQL', 'R']"
0_r1,Editor (Remote or Onsite),32.9,[],"['Excel', 'R']"
0_r1,Customer Service Representative (Fully Remote),32.9,[],"['Git', 'Excel', 'R']"
0_r1,Data Governance Analyst,32.89,['Python'],"['SQL', 'Power BI', 'Excel', 'R']"
0_r1,Assistant Vice President Premier Relationship Manager,32.89,[],"['Excel', 'R']"
0_r1,DevOps Engineer,32.88,"['Python', 'Java', 'Hadoop']","['SQL', 'AWS', 'Linux', 'Excel', 'R']"
0_r1,Database Administrator,32.88,[],"['Excel', 'R']"
0_r1,iOS Developer,32.88,[],"['Git', 'Excel', 'R']"
0_r1,Geospatial Data Analyst,32.87,['Java'],"['AWS', 'Excel', 'R']"
0_r1,Django Developer,32.87,"['Python', 'Java']","['SQL', 'Git', 'Django', 'MySQL', 'R']"
0_r1,Wordpress Developer,32.85,['Java'],['R']
0_r1,Wordpress Developer,32.85,['Java'],"['Git', 'R']"
0_r1,Software Engineer,32.84,[],['R']
0_r1,Full Stack Developer,32.84,['Java'],"['Git', 'R']"
0_r1,PHP Developer,32.84,"['Python', 'Java']","['SQL', 'MongoDB', 'MySQL', 'R']"
0_r1,"Field Sales Representative- Columbus, Ohio",32.84,[],"['Excel', 'R']"
0_r1,iOS Developer,32.83,[],"['Git', 'Excel', 'R']"
0_r1,Full Stack Developer,32.82,['Java'],"['Git', 'Excel', 'R']"
0_r1,Healthcare Data Analyst,32.81,[],"['SQL', 'Excel', 'R']"
0_r1,Flutter Developer,32.8,[],['R']
0_r1,JavaScript Developer,32.79,['Java'],['R']
0_r1,Java Developer,32.79,['Java'],"['SQL', 'Excel', 'R']"
0_r1,JavaScript Developer,32.78,['Java'],"['Git', 'R']"
0_r1,Full Stack Developer,32.78,['Python'],"['Excel', 'R']"
0_r1,Office Clerk,32.77,[],"['Excel', 'R']"
0_r1,"Acquisitions, Associate",32.76,[],"['Excel', 'ETL', 'R']"
0_r1,Business Data Analyst,32.75,[],"['SQL', 'Excel', 'Tableau', 'MySQL', 'R']"
0_r1,Card Fraud/Servcg Spec,32.75,[],"['Git', 'Excel', 'R']"
0_r1,Wordpress Developer,32.74,['Java'],"['SQL', 'Git', 'Excel', 'MySQL', 'R']"
0_r1,Database Administrator,32.74,['Hadoop'],"['Excel', 'R']"
0_r1,Marketing Data Analyst,32.71,[],"['SQL', 'AWS', 'Git', 'Excel', 'R']"
0_r1,iOS Developer,32.7,[],"['Git', 'R']"
0_r1,Wordpress Developer,32.69,[],"['Git', 'Excel', 'R']"
0_r1,Machine Learning,32.69,['Machine Learning'],['R']
0_r1,iOS Developer,32.67,['C++'],"['SQL', 'Git', 'R']"
0_r1,JavaScript Developer,32.67,['Java'],"['Git', 'R']"
0_r1,PHP Developer,32.66,[],"['SQL', 'MySQL', 'R']"
0_r1,Backend Developer,32.66,['Java'],['R']
0_r1,Flutter Developer,32.66,[],"['Git', 'R']"
0_r1,iOS Developer,32.65,[],"['Git', 'R']"
0_r1,Virtual administrative assistant,32.65,[],"['Excel', 'R']"
0_r1,PHP Developer,32.64,['Java'],"['SQL', 'MySQL', 'R']"
0_r1,iOS Developer,32.64,[],"['Excel', 'R']"
0_r1,JavaScript Developer,32.63,['Java'],"['SQL', 'Git', 'Excel', 'R']"
0_r1,Backend Developer,32.62,"['Python', 'Hadoop']","['SQL', 'MongoDB', 'R']"
0_r1,iOS Developer,32.62,['Java'],"['SQL', 'Excel', 'MySQL', 'R']"
0_r1,PHP Developer,32.61,['Python'],"['SQL', 'MySQL', 'R']"
0_r1,"Business Analyst, AI",32.59,[],"['Excel', 'R']"
0_r1,Database Administrator,32.58,[],"['SQL', 'ETL', 'R']"
0_r1,PHP Developer,32.58,['Java'],"['SQL', 'Git', 'MySQL', 'R']"
0_r1,JavaScript Developer,32.57,['Java'],['R']
0_r1,iOS Developer,32.56,[],['R']
0_r1,Flutter Developer,32.56,[],['R']
0_r1,JavaScript Developer,32.55,['Java'],"['SQL', 'AWS', 'MongoDB', 'R']"
0_r1,Warehouse Supervisor,32.55,[],"['Excel', 'R']"
0_r1,Database Administrator,32.53,[],"['SQL', 'R']"
0_r1,Java Developer,32.53,"['Java', 'C++']",['R']
0_r1,Facets Healthcare Claims Business Analyst (Local) (Fulltime) (Hybrid),32.52,[],"['SQL', 'Excel', 'R']"
0_r1,Django Developer,32.52,"['Python', 'Java']","['Linux', 'Excel', 'Django', 'R']"
0_r1,iOS Developer,32.51,[],['R']
0_r1,"Data Analyst I, II",32.48,[],"['SQL', 'AWS', 'R']"
0_r1,Associate Analyst,32.48,[],['R']
0_r1,Full Time Teller,32.48,[],"['AWS', 'Excel', 'R']"
0_r1,PHP Developer,32.47,"['Python', 'Java']",['R']
0_r1,Full Stack Developer,32.46,[],['R']
0_r1,"Senior Business Systems Analyst, Data",32.45,[],['R']
0_r1,Entry Level Software Engineer,32.45,[],"['AWS', 'R']"
0_r1,Software Engineer,32.44,[],"['AWS', 'Docker', 'Linux', 'Excel', 'R']"
0_r1,Talent Acquisition Manager,32.44,[],"['Excel', 'R']"
0_r1,Flutter Developer,32.41,[],"['AWS', 'Excel', 'R']"
0_r1,"Senior Analyst, Data Platforming Engineering",32.4,[],"['AWS', 'Git', 'R']"
0_r1,Network Administrator,32.4,[],['R']
0_r1,Java Developer,32.39,['Java'],"['SQL', 'MySQL', 'R']"
0_r1,Operations Data Analyst,32.36,[],"['AWS', 'Power BI', 'Excel', 'Tableau', 'R']"
0_r1,"Senior Data Security Engineer, Vice President - Remote",32.36,[],"['Linux', 'Excel', 'R']"
0_r1,PHP Developer,32.35,[],['R']
0_r1,"Sales Associate Totally Pagoda,Providence Place Mall",32.35,[],"['Excel', 'R']"
0_r1,Full Stack Developer,32.34,['Java'],['R']
0_r1,Node js developer,32.34,['Java'],"['SQL', 'MySQL', 'R']"
0_r1,Account Executive,32.34,[],['R']
0_r1,Business Sales Account Executive,32.34,[],['R']
0_r1,PHP Developer,32.32,['Java'],"['SQL', 'Excel', 'MySQL', 'R']"
0_r1,JavaScript Developer,32.32,['Java'],"['AWS', 'Linux', 'Git', 'R']"
0_r1,Data Entry Clerk,32.32,[],"['Excel', 'R']"
0_r1,Flutter Developer,32.3,[],['R']
0_r1,Wordpress Developer,32.3,['Java'],['R']
0_r1,IT Help Desk Technical Support Agent (Remote/Telecommute),32.3,[],['R']
0_r1,Java Developer,32.29,[],['R']
0_r1,Entry-Level Sales,32.29,[],['R']
0_r1,Wordpress Developer,32.28,[],"['SQL', 'Excel', 'MySQL', 'R']"
0_r1,iOS Developer,32.27,[],"['Git', 'R']"
0_r1,"Associate, Corporate Development",32.27,[],"['Excel', 'R']"
0_r1,Marketing Event Coordinator,32.25,[],"['Excel', 'R']"
0_r1,Database Administrator,32.24,[],['R']
0_r1,Wordpress Developer,32.23,['Java'],"['Git', 'R']"
0_r1,Java Developer,32.22,['Java'],"['Excel', 'R']"
0_r1,Wordpress Developer,32.2,['Java'],"['SQL', 'Linux', 'MySQL', 'R']"
0_r1,Project Manager,32.2,[],"['Excel', 'R']"
0_r1,Licensed Insurance Agent Remote Executive Sales Manager,32.2,[],"['Git', 'Excel', 'R']"
0_r1,iOS Developer,32.19,[],"['Git', 'R']"
0_r1,Django Developer,32.19,['Python'],"['Git', 'Flask', 'Django', 'R']"
0_r1,iOS Developer,32.18,[],"['Git', 'R']"
0_r1,Java Developer,32.16,[],"['Excel', 'R']"
0_r1,Network Administrator,32.16,[],['R']
0_r1,Backend Developer,32.16,['Java'],"['SQL', 'Git', 'Excel', 'MongoDB', 'MySQL', 'R']"
0_r1,Frontend Web Developer,32.16,[],['R']
0_r1,Java Developer,32.15,['Java'],"['Excel', 'R']"
0_r1,Career Coach (Remote Accepted),32.15,[],"['AWS', 'R']"
0_r1,Wordpress Developer,32.14,['Java'],"['Git', 'R']"
0_r1,Network Administrator,32.14,[],"['Linux', 'R']"
0_r1,iOS Developer,32.13,[],['R']
0_r1,Node js developer,32.12,['Java'],"['AWS', 'R']"
0_r1,PHP Developer,32.12,['Java'],"['SQL', 'Excel', 'MySQL', 'R']"
0_r1,PHP Developer,32.11,[],['R']
0_r1,DevOps Engineer,32.1,['Java'],"['AWS', 'Docker', 'Kubernetes', 'Linux', 'Git', 'R']"
0_r1,iOS Developer,32.09,[],['R']
0_r1,Executive Assistant to CEO,32.09,[],"['Excel', 'R']"
0_r1,iOS Developer,32.07,[],"['Git', 'R']"
0_r1,Django Developer,32.07,['Python'],"['SQL', 'Django', 'R']"
0_r1,Full Stack Developer,32.06,['Python'],"['Flask', 'R']"
0_r1,iOS Developer,32.06,['Python'],"['Excel', 'R']"
0_r1,Node js developer,32.05,['Java'],['R']
0_r1,JavaScript Developer,32.04,['Java'],"['Git', 'R']"
0_r1,Full Stack Developer,32.03,"['Java', 'Spark']","['Git', 'R']"
0_r1,Sales Intern (CLE),32.02,[],"['Excel', 'R']"
0_r1,Full Stack Developer,32.01,"['Python', 'Java']","['AWS', 'R']"
0_r1,Wordpress Developer,32.01,['Java'],"['Git', 'R']"
0_r1,"Software Engineer, Test, Advertising",32.01,[],['R']
0_r1,Infrastructure Services Project Manager,32.01,[],"['Excel', 'R']"
0_r1,PHP Developer,31.99,['Java'],"['SQL', 'MySQL', 'R']"
0_r1,Django Developer,31.99,['Python'],"['Django', 'R']"
0_r1,Wordpress Developer,31.99,['Java'],"['Git', 'R']"
0_r1,Node js developer,31.99,['Java'],['R']
0_r1,"Analyst, Data Activation",31.96,[],"['Git', 'Excel', 'Tableau', 'R']"
0_r1,Full Stack Developer,31.96,[],"['SQL', 'ETL', 'R']"
0_r1,Wordpress Developer,31.95,['Java'],"['SQL', 'Git', 'MySQL', 'R']"
0_r1,Java Developer,31.94,['Java'],['R']
0_r1,Flutter Developer,31.93,['Java'],"['Git', 'R']"
0_r1,Government Bid Analyst,31.92,[],"['Excel', 'R']"
0_r1,Django Developer,31.92,['Python'],"['Django', 'MongoDB', 'R']"
0_r1,Java Developer,31.92,['Java'],"['SQL', 'Excel', 'MySQL', 'R']"
0_r1,Software Engineer,31.91,"['Java', 'C++']",['R']
0_r1,Marketing Content Specialist (Remote),31.91,[],"['Git', 'R']"
0_r1,Sales Associate- FT,31.91,[],"['Excel', 'R']"
0_r1,"Business Analyst, Master Data Office",31.9,[],"['Excel', 'R']"
0_r1,Performance Analyst,31.89,[],"['SQL', 'Excel', 'Tableau', 'R']"
0_r1,Node js developer,31.89,['Java'],"['Git', 'R']"
0_r1,Software Engineer,31.89,"['Java', 'C++']","['Linux', 'Excel', 'R']"
0_r1,Remote Education Advocate,31.89,[],"['AWS', 'R']"
0_r1,iOS Developer,31.88,[],"['Git', 'R']"
0_r1,Django Developer,31.85,['Java'],"['Django', 'MongoDB', 'R']"
0_r1,Flutter Developer,31.85,['Java'],"['Git', 'R']"
0_r1,Financial Analyst,31.85,[],"['Excel', 'R']"
0_r1,Software Engineer,31.84,[],['R']
0_r1,Java Developer,31.83,['Java'],"['SQL', 'R']"
0_r1,iOS Developer,31.8,['C++'],['R']
0_r1,Automotive Performance Analyst,31.79,[],"['Excel', 'R']"
0_r1,iOS Developer,31.78,[],['R']
0_r1,Data Analyst,31.77,['Python'],"['SQL', 'Excel', 'Tableau', 'ETL', 'R']"
0_r1,Database Administrator,31.77,[],['R']
0_r1,JavaScript Developer,31.77,['Java'],"['SQL', 'AWS', 'R']"
0_r1,Node js developer,31.76,[],['R']
0_r1,PHP Developer,31.75,['Java'],"['Excel', 'R']"
0_r1,Wordpress Developer,31.75,['Java'],"['Git', 'R']"
0_r1,Real Estate Acquisitions Sales Associate - Start Immediately,31.75,[],['R']
0_r1,Service Manager,31.74,[],"['AWS', 'R']"
0_r1,Database Administrator,31.73,[],"['Excel', 'R']"
0_r1,Java Developer,31.72,['Java'],['R']
0_r1,Wordpress Developer,31.72,['Java'],['R']
0_r1,Corporate Recruiter,31.71,[],"['Excel', 'R']"
0_r1,Flutter Developer,31.68,[],"['SQL', 'Excel', 'R']"
0_r1,Project Management Administrator,31.68,[],"['AWS', 'R']"
0_r1,"Marketing Director – E-Learning – Columbus, OH",31.67,[],"['Git', 'Excel', 'R']"
0_r1,Vice President of Marketing,31.67,[],"['Git', 'R']"
0_r1,Wordpress Developer,31.66,[],['R']
0_r1,Flutter Developer,31.64,['Java'],['R']
0_r1,iOS Developer,31.64,[],"['SQL', 'Excel', 'R']"
0_r1,iOS Developer,31.62,[],"['SQL', 'R']"
0_r1,Office Administrator,31.62,[],"['Excel', 'R']"
0_r1,"Senior Analyst, Advanced Analytics",31.61,['Spark'],"['Excel', 'R']"
0_r1,Equity Research Associate - Biotechnology,31.61,[],"['Excel', 'R']"
0_r1,Data Analyst,31.6,['Python'],"['SQL', 'Power BI', 'Excel', 'Tableau', 'R']"
0_r1,Full Stack Developer,31.6,['Java'],"['SQL', 'MySQL', 'R']"
0_r1,Backend Developer,31.59,[],"['SQL', 'MySQL', 'R']"
0_r1,iOS Developer,31.57,[],"['Git', 'Excel', 'R']"
0_r1,iOS Developer,31.57,[],"['Git', 'Excel', 'R']"
0_r1,iOS Developer,31.55,[],['R']
0_r1,Database Administrator,31.55,[],"['Excel', 'R']"
0_r1,iOS Developer,31.54,[],['R']
0_r1,JavaScript Developer,31.54,['Java'],"['Git', 'R']"
0_r1,"Outside Sales Executive, Remote",31.54,[],['R']
0_r1,Full Stack Developer,31.53,['Python'],['R']
0_r1,Contract Analyst,31.52,[],"['Excel', 'R']"
0_r1,JavaScript Developer,31.52,['Java'],['R']
0_r1,Wordpress Developer,31.52,['Java'],"['SQL', 'MySQL', 'R']"
0_r1,Full Stack Developer,31.5,['Java'],"['SQL', 'Git', 'MySQL', 'R']"
0_r1,Web Developer (Front-End),31.5,[],['R']
0_r1,Technical Support Agent (Remote),31.49,[],"['AWS', 'R']"
0_r1,JavaScript Developer,31.48,['Java'],['R']
0_r1,PHP Developer,31.46,"['Python', 'Java', 'C++']","['SQL', 'MySQL', 'R']"
0_r1,Django Developer,31.45,"['Python', 'Java']","['SQL', 'Docker', 'Linux', 'Git', 'Django', 'R']"
0_r1,Java Developer,31.44,['Java'],"['Git', 'R']"
0_r1,Wordpress Developer,31.39,['Java'],"['Excel', 'R']"
0_r1,Database Administrator,31.39,[],"['Excel', 'R']"
0_r1,Django Developer,31.38,['Spark'],"['Django', 'R']"
0_r1,Database Administrator,31.38,[],"['Excel', 'R']"
0_r1,Real Estate Acquisitions Analyst / Sr. Analyst,31.38,[],"['Excel', 'R']"
0_r1,Supply Chain Analyst,31.37,[],"['Excel', 'R']"
0_r1,Part-Time Sales Associate | Crowfoot,31.36,[],['R']
0_r1,Chief Financial Officer,31.35,[],"['AWS', 'Excel', 'R']"
0_r1,"Assistant Manager, Operations | Nyc Downtown (Multiple Locations)",31.35,[],['R']
0_r1,Wordpress Developer,31.34,['Java'],"['Git', 'R']"
0_r1,Django Developer,31.34,"['Python', 'Java']","['SQL', 'Git', 'Django', 'R']"
0_r1,iOS Developer,31.34,[],"['Git', 'Excel', 'R']"
0_r1,Wordpress Developer,31.33,['Java'],"['Git', 'Excel', 'R']"
0_r1,Licensing Coordinator - Consumer Products,31.33,[],"['Excel', 'R']"
0_r1,REMOTE FLEX - Construction Project Manager,31.33,[],"['Git', 'Excel', 'R']"
0_r1,Wordpress Developer,31.3,['Java'],"['Git', 'R']"
0_r1,Machine Learning,31.3,['Python'],"['Git', 'Excel', 'R']"
0_r1,iOS Developer,31.29,[],"['SQL', 'Excel', 'R']"
0_r1,Data Analyst,31.27,[],['R']
0_r1,Full Stack Developer,31.26,['Java'],"['AWS', 'Git', 'R']"
0_r1,JavaScript Developer,31.26,['Java'],"['SQL', 'Excel', 'R']"
0_r1,Digital Development Project Manager,31.26,[],"['Git', 'Excel', 'R']"
0_r1,Healthcare Data Analyst,31.24,"['Python', 'Machine Learning']","['SQL', 'Tableau', 'R']"
0_r1,PHP Developer,31.24,['Java'],['R']
0_r1,"Sr. Manager, Customer Experience Center Business Process",31.23,[],"['Excel', 'R']"
0_r1,Database Administrator,31.21,[],"['SQL', 'Git', 'Excel', 'R']"
0_r1,Sales Executive,31.2,[],['R']
0_r1,iOS Developer,31.19,[],"['Git', 'R']"
0_r1,Wordpress Developer,31.17,['Java'],['R']
0_r1,JavaScript Developer,31.17,['Java'],"['SQL', 'AWS', 'MongoDB', 'R']"
0_r1,Software Engineer,31.16,[],"['SQL', 'AWS', 'Excel', 'R']"
0_r1,iOS Developer,31.15,[],"['Excel', 'R']"
0_r1,Human Resources Internship - Corporate  (Year-Round),31.15,[],"['AWS', 'Excel', 'R']"
0_r1,Backend Developer,31.12,['Java'],"['Git', 'R']"
0_r1,Flutter Developer,31.12,['Java'],"['Git', 'R']"
0_r1,Wordpress Developer,31.12,['Java'],"['SQL', 'Git', 'Excel', 'MySQL', 'R']"
0_r1,JavaScript Developer,31.12,"['Python', 'Java']","['Excel', 'R']"
0_r1,PHP Developer,31.11,['Java'],['R']
0_r1,Retail Sales Assistant,31.1,[],['R']
0_r1,Work From Home Administrative Assistant Skills (Data Entry - Remote),31.07,[],"['Excel', 'R']"
0_r1,Backend Developer,31.05,[],['R']
0_r1,Software Engineer,31.03,['Java'],['R']
0_r1,JavaScript Developer,31.02,"['Python', 'Java']","['SQL', 'Docker', 'Linux', 'Git', 'Flask', 'R']"
0_r1,Database Administrator,31.02,[],"['AWS', 'R']"
0_r1,Database Administrator,31.02,[],['R']
0_r1,Java Developer,31.02,['Java'],"['SQL', 'MySQL', 'R']"
0_r1,Marketing Project Intern,31.02,[],"['Excel', 'ETL', 'R']"
0_r1,Talent Acquisition Advisor (Healthcare)   REMOTE,30.98,[],"['Excel', 'R']"
0_r1,Wordpress Developer,30.97,['Java'],['R']
0_r1,Wordpress Developer,30.95,[],['R']
0_r1,iOS Developer,30.95,['Java'],"['Excel', 'R']"
0_r1,Remote Case Manager II,30.95,[],"['Excel', 'R']"
0_r1,PHP Developer,30.93,"['Python', 'Java']","['Excel', 'R']"
0_r1,Marketing Intern,30.93,[],"['Git', 'R']"
0_r1,Merchant Services Data Analyst,30.91,[],"['AWS', 'Excel', 'R']"
0_r1,"Senior Director, Sales - Retail & E-Commerce (Monsey)",30.91,[],['R']
0_r1,Senior Reporting Analyst,30.9,[],"['AWS', 'Excel', 'R']"
0_r1,iOS Developer,30.9,['C++'],['R']
0_r1,Software Engineer,30.9,[],['R']
0_r1,Backend Developer,30.9,"['Python', 'Java']",['R']
0_r1,iOS Developer,30.89,[],"['Git', 'R']"
0_r1,Provider Network Data Analyst,30.88,[],"['SQL', 'Git', 'Power BI', 'Excel', 'R']"
0_r1,JavaScript Developer,30.88,['Java'],"['Excel', 'R']"
0_r1,iOS Developer,30.88,['Java'],"['Excel', 'R']"
0_r1,Database Administrator,30.88,[],"['Excel', 'R']"
0_r1,iOS Developer,30.88,[],"['Git', 'R']"
0_r1,Django Developer,30.87,"['Python', 'Java']","['Django', 'R']"
0_r1,Wordpress Developer,30.85,[],['R']
0_r1,JavaScript Developer,30.85,[],['R']
0_r1,PHP Developer,30.85,[],"['SQL', 'Excel', 'MySQL', 'R']"
0_r1,Office Clerk,30.83,[],"['Excel', 'R']"
0_r1,Flutter Developer,30.82,[],"['Excel', 'R']"
0_r1,Database Administrator,30.82,[],"['SQL', 'Excel', 'R']"
0_r1,Career Coach Counselor,30.82,[],"['AWS', 'R']"
0_r1,Programmer Analyst with R Consultant,30.82,['Spark'],"['SQL', 'Git', 'R']"
0_r1,Flutter Developer,30.81,['Java'],['R']
0_r1,iOS Developer,30.81,[],"['SQL', 'R']"
0_r1,Flutter Developer,30.8,[],['R']
0_r1,iOS Developer,30.8,[],"['Git', 'R']"
0_r1,JavaScript Developer,30.79,['Java'],"['Excel', 'R']"
0_r1,JavaScript Developer,30.79,['Java'],"['Excel', 'R']"
0_r1,Data Analyst 1,30.78,[],['R']
0_r1,Software Engineer,30.77,['Java'],"['SQL', 'AWS', 'Git', 'R']"
0_r1,PHP Developer,30.76,['Java'],"['SQL', 'MySQL', 'R']"
0_r1,Node js developer,30.76,[],['R']
0_r1,Enterprise Fraud Data Strategy Analyst,30.74,[],"['Git', 'Excel', 'R']"
0_r1,iOS Developer,30.74,[],['R']
0_r1,Digital Marketing Specialist (REMOTE),30.74,[],"['Git', 'Excel', 'R']"
0_r1,Business Support Analyst - Special Fraud,30.72,[],['R']
0_r1,JavaScript Developer,30.72,['Java'],"['SQL', 'AWS', 'MongoDB', 'R']"
0_r1,Database Administrator,30.72,[],"['SQL', 'Linux', 'Excel', 'R']"
0_r1,Flutter Developer,30.71,['Java'],"['SQL', 'Excel', 'R']"
0_r1,Vice President Operations,30.71,[],['R']
0_r1,Customer Service Agent,30.69,[],['R']
0_r1,Wordpress Developer,30.68,[],['R']
0_r1,Project Manager/Ship Manager,30.67,[],['R']
0_r1,Analyst Sr Quality Data,30.66,[],"['Excel', 'R']"
0_r1,Mainframe Programmer Analyst,30.65,[],"['SQL', 'Excel', 'R']"
0_r1,Health Informatics Analyst (Remote),30.64,['Python'],"['SQL', 'Git', 'Power BI', 'R']"
0_r1,iOS Developer,30.64,[],['R']
0_r1,Django Developer,30.62,"['Python', 'Java']","['Linux', 'Excel', 'Django', 'R']"
0_r1,Software Engineer,30.61,['Java'],"['SQL', 'Docker', 'Kubernetes', 'Git', 'Excel', 'MongoDB', 'R']"
0_r1,Network Administrator,30.61,[],['R']
0_r1,Senior Statistical Programmer,30.59,[],"['Excel', 'R']"
0_r1,OMB Data Analyst,30.57,['Python'],"['SQL', 'Excel', 'Tableau', 'R']"
0_r1,Wordpress Developer,30.56,['Java'],"['SQL', 'MySQL', 'R']"
0_r1,iOS Developer,30.56,[],"['Git', 'R']"
0_r1,iOS Developer,30.55,[],"['Git', 'Excel', 'R']"
0_r1,Wordpress Developer,30.54,[],"['SQL', 'MySQL', 'R']"
0_r1,Software Engineer,30.54,['Java'],['R']
0_r1,Career Coach Waitlist (Part-time/Contract/US Remote),30.53,['Machine Learning'],['R']
0_r1,iOS Developer,30.52,[],"['Git', 'R']"
0_r1,B2B Marketing Manager,30.52,[],['R']
0_r1,Flutter Developer,30.51,"['Java', 'C++']",['R']
0_r1,Compliance Manager,30.51,[],"['AWS', 'R']"
0_r1,"Manager, Sales and Customer Service",30.51,[],"['Excel', 'R']"
0_r1,Runner (Mail Clerk),30.47,[],"['AWS', 'Excel', 'R']"
0_r1,Wordpress Developer,30.46,['Java'],"['SQL', 'MySQL', 'R']"
0_r1,Systems Programmer,30.46,[],"['SQL', 'R']"
0_r1,Full Stack Developer,30.45,['Java'],"['AWS', 'R']"
0_r1,PHP Developer,30.45,['Java'],['R']
0_r1,Technical Support Agent (Remote CT/MT/PT USA),30.45,[],"['Git', 'R']"
0_r1,Senior Financial Analyst,30.44,[],"['Excel', 'R']"
0_r1,Wordpress Developer,30.43,[],"['Git', 'R']"
0_r1,Flutter Developer,30.42,[],['R']
0_r1,Java Developer,30.42,['Java'],"['SQL', 'MySQL', 'R']"
0_r1,Senior Sales Marketing Specialist (Programmatic),30.42,[],"['Git', 'Excel', 'R']"
0_r1,DI Case Manager - 100% remote US,30.41,[],"['Git', 'R']"
0_r1,Executive Data Reporting Analyst,30.38,[],"['Excel', 'R']"
0_r1,Network Administrator,30.38,[],"['Linux', 'R']"
0_r1,"Director, E-commerce & Growth",30.37,[],"['Git', 'Excel', 'R']"
0_r1,Business Analyst,30.36,[],"['AWS', 'Excel', 'R']"
0_r1,"Holman Frenia Allison, PC Hiring for Audit Staff Accountant Job at...",30.36,[],"['Excel', 'R']"
0_r1,"Global Investment Research, Equity Research, Heathcare - Biotech...",30.36,[],"['Excel', 'R']"
0_r1,Full Stack Developer,30.35,['Java'],"['Git', 'R']"
0_r1,Recruiter,30.34,[],['R']
0_r1,Wordpress Developer,30.33,['Java'],"['SQL', 'MySQL', 'R']"
0_r1,Database Administrator,30.33,[],"['Excel', 'R']"
0_r1,PHP Developer,30.31,[],['R']
0_r1,Django Developer,30.31,"['Python', 'Java']","['Django', 'R']"
0_r1,PHP Developer,30.31,[],['R']
0_r1,PHP Developer,30.31,[],['R']
0_r1,Senior HR Business Partner,30.31,[],"['Excel', 'R']"
0_r1,Wordpress Developer,30.3,['Java'],"['SQL', 'MySQL', 'R']"
0_r1,Software Engineer,30.25,"['Java', 'Machine Learning']","['Git', 'Excel', 'R']"
0_r1,Java Developer,30.23,['Java'],['R']
0_r1,JavaScript Developer,30.22,"['Python', 'Java']","['Git', 'Django', 'R']"
0_r1,Java Developer,30.22,"['Python', 'C++']","['SQL', 'R']"
0_r1,Customer Service Representative,30.19,[],"['Excel', 'R']"
0_r1,Network Administrator,30.17,[],"['Excel', 'R']"
0_r1,Warehouse Manager,30.16,[],['R']
0_r1,Node js developer,30.15,['Java'],['R']
0_r1,iOS Developer,30.15,[],"['SQL', 'R']"
0_r1,iOS Developer,30.15,"['Java', 'C++']","['Excel', 'R']"
0_r1,Backend Developer,30.14,['Python'],"['Django', 'R']"
0_r1,Salesforce Business Analyst,30.13,[],['R']
0_r1,DevOps Engineer,30.13,[],['R']
0_r1,PHP Developer,30.13,['Java'],['R']
0_r1,Inventory Clerk,30.13,[],['R']
0_r1,JavaScript Developer,30.12,['Java'],['R']
0_r1,Sr. HR Business Partner (Hybrid/Remote Role),30.11,[],"['Excel', 'R']"
0_r1,Java Developer,30.09,[],['R']
0_r1,iOS Developer,30.07,[],['R']
0_r1,iOS Developer,30.06,[],"['Excel', 'R']"
0_r1,Equity Research Associate - Biotechnology,30.06,['Python'],"['SQL', 'Excel', 'R']"
0_r1,Flutter Developer,30.04,['Java'],"['SQL', 'MySQL', 'R']"
0_r1,Administrative Assistant - Remote / Online / Work From Home (PT/FT),30.04,[],"['AWS', 'R']"
0_r1,Node js developer,30.03,['Java'],"['SQL', 'MongoDB', 'MySQL', 'R']"
0_r1,Flutter Developer,30.02,['Java'],"['SQL', 'R']"
0_r1,Software Engineer,30.02,['Java'],"['Git', 'R']"
0_r1,DevOps Engineer,30.02,['Java'],"['Git', 'R']"
0_r1,Vice President of Business Intelligence,30.02,[],"['SQL', 'Power BI', 'Tableau', 'R']"
0_r1,Database Administrator,29.98,[],"['SQL', 'AWS', 'Excel', 'ETL', 'R']"
0_r1,Business Development Center Representative - Performance Cadillac GMC,29.97,[],"['Excel', 'R']"
0_r1,T Mobile Work From Home – Customer Service Associate Expert – $20/hr.,29.97,[],['R']
0_r1,Part Time Team Member R50775,29.96,[],"['AWS', 'Excel', 'R']"
0_r1,Retail Floor Leader - Anthem,29.95,[],['R']
0_r1,iOS Developer,29.94,[],['R']
0_r1,Wordpress Developer,29.92,['Java'],"['SQL', 'Git', 'Excel', 'MySQL', 'R']"
0_r1,Network Administrator,29.92,"['Python', 'Hadoop']","['Linux', 'R']"
0_r1,Django Developer,29.91,['Java'],"['SQL', 'Django', 'MySQL', 'R']"
0_r1,Sales Leader I - Business Banking Sales Manager,29.91,[],['R']
0_r1,iOS Developer,29.9,[],['R']
0_r1,Wordpress Developer,29.87,[],"['Git', 'Excel', 'R']"
0_r1,JavaScript Developer,29.85,['Java'],['R']
0_r1,Wordpress Developer,29.84,['Java'],"['SQL', 'MySQL', 'R']"
0_r1,Node js developer,29.83,[],['R']
0_r1,Java Developer,29.81,['Java'],"['Git', 'R']"
0_r1,JavaScript Developer,29.79,['Java'],['R']
0_r1,Node js developer,29.77,['Java'],['R']
0_r1,Remote Administrative Assistant,29.73,[],['R']
0_r1,"Equity Research Associate, Biotechnology",29.72,[],"['Excel', 'R']"
0_r1,Multi-Media Advertising Sales Executive,29.69,[],"['Excel', 'R']"
0_r1,Sr. Project Manager,29.69,[],"['Git', 'Excel', 'R']"
0_r1,Salesforce.com QA Tester,29.68,[],['R']
0_r1,iOS Developer,29.67,[],['R']
0_r1,Sr analyst compliance,29.67,[],"['AWS', 'Excel', 'R']"
0_r1,Machine Learning,29.66,"['Python', 'C++', 'Machine Learning']","['Deep Learning', 'TensorFlow', 'R']"
0_r1,Wordpress Developer,29.65,['Java'],['R']
0_r1,Software Engineer (Web),29.65,[],['R']
0_r1,"Staff Engineer, BI Reporting",29.64,[],"['Git', 'R']"
0_r1,JavaScript Developer,29.63,['Java'],['R']
0_r1,PHP Developer,29.62,[],['R']
0_r1,Flutter Developer,29.62,[],"['SQL', 'R']"
0_r1,Corporate Recruiter (Remote),29.62,[],"['AWS', 'Excel', 'R']"
0_r1,"Associate Director, Global Capital Markets Documentation, GBM...",29.61,[],"['Excel', 'R']"
0_r1,Analyst - Data & Systems,29.59,['Python'],"['SQL', 'Power BI', 'Excel', 'R']"
0_r1,CNC Programmer Machinist,29.58,[],"['Git', 'R']"
0_r1,Django Developer,29.57,['Python'],"['Flask', 'Django', 'R']"
0_r1,Node js developer,29.56,[],"['SQL', 'R']"
0_r1,Database Administrator,29.56,[],"['Excel', 'R']"
0_r1,PHP Developer,29.55,['Java'],"['SQL', 'Git', 'Excel', 'MySQL', 'R']"
0_r1,Career Services Coach-Remote Full Time,29.55,[],"['Excel', 'R']"
0_r1,Node js developer,29.54,[],['R']
0_r1,JavaScript Developer,29.54,['Java'],['R']
0_r1,Wordpress Developer,29.54,['Java'],"['SQL', 'MySQL', 'R']"
0_r1,JavaScript Developer,29.54,['Java'],['R']
0_r1,iOS Developer,29.51,['C++'],"['Excel', 'R']"
0_r1,Network Administrator,29.51,[],['R']
0_r1,JavaScript Developer,29.51,['Java'],"['SQL', 'AWS', 'MongoDB', 'R']"
0_r1,Django Developer,29.5,"['Python', 'Java']","['SQL', 'Git', 'Django', 'MySQL', 'R']"
0_r1,Flutter Developer,29.5,[],['R']
0_r1,Java Developer,29.49,['Java'],"['SQL', 'Git', 'MySQL', 'R']"
0_r1,Backend Developer,29.47,"['Python', 'Java']","['SQL', 'R']"
0_r1,Flutter Developer,29.46,[],"['Git', 'R']"
0_r1,JavaScript Developer,29.46,['Java'],"['Excel', 'R']"
0_r1,Customer Service - Fraud Liaison Specialist,29.46,[],['R']
0_r1,Flutter Developer,29.45,[],"['Git', 'R']"
0_r1,Retail Sales Associate,29.45,[],['R']
0_r1,(3) Construction Project Managers (Remote) (industrial structures),29.44,[],"['Excel', 'R']"
0_r1,Wordpress Developer,29.42,[],['R']
0_r1,Senior Analyst; Data Science; Business Intelligence | Engineer I,29.41,['Python'],"['AWS', 'Excel', 'R']"
0_r1,Django Developer,29.41,"['Python', 'Java']","['Django', 'R']"
0_r1,Software test Engineer ( Entry Level ),29.39,[],['R']
0_r1,Field Sales Account Executive,29.38,[],"['AWS', 'Excel', 'R']"
0_r1,Real Estate Agent - Training Provided,29.37,[],"['Excel', 'R']"
0_r1,PHP Developer,29.36,['Python'],['R']
0_r1,Loss Prevention (LP) Detective,29.36,[],"['AWS', 'Excel', 'R']"
0_r1,Network Administrator,29.33,[],['R']
0_r1,iOS Developer,29.32,['Machine Learning'],['R']
0_r1,Marketing Specialist,29.31,[],"['Git', 'Excel', 'R']"
0_r1,Machine Learning,29.3,['Machine Learning'],"['Git', 'R']"
0_r1,Flutter Developer,29.3,[],['R']
0_r1,Application Development -L6,29.3,[],['R']
0_r1,iOS Developer,29.29,"['Java', 'C++']","['Excel', 'R']"
0_r1,Backend Developer,29.27,['Java'],['R']
0_r1,Youth Career Coach,29.26,[],['R']
0_r1,Wordpress Developer,29.25,[],"['Git', 'R']"
0_r1,iOS Developer,29.22,[],['R']
0_r1,Flutter Developer,29.19,[],"['Linux', 'R']"
0_r1,Flutter Developer,29.18,['Java'],['R']
0_r1,Network Administrator,29.18,[],['R']
0_r1,Flutter Developer,29.18,['Java'],['R']
0_r1,Backend Developer,29.18,['Java'],['R']
0_r1,Business Data Analyst,29.17,['Python'],"['SQL', 'Power BI', 'Excel', 'Tableau', 'ETL', 'R']"
0_r1,Data Analyst/R Programmer,29.16,[],"['SQL', 'Git', 'Excel', 'R']"
0_r1,iOS Developer,29.16,[],['R']
0_r1,Flutter Developer,29.16,[],"['Git', 'R']"
0_r1,Network Administrator,29.16,[],['R']
0_r1,Software Engineer,29.14,"['Java', 'C++']",['R']
0_r1,Software Engineer,29.14,[],['R']
0_r1,Retail Sales Associate,29.14,[],['R']
0_r1,Flutter Developer,29.13,['Java'],"['Linux', 'R']"
0_r1,Flutter Developer,29.13,['Java'],"['SQL', 'R']"
0_r1,Fraud Strategy Analytics Analyst II (Entry / Intermediate Level),29.12,['Python'],"['SQL', 'Excel', 'Tableau', 'R']"
0_r1,iOS Developer,29.12,[],['R']
0_r1,Wordpress Developer,29.11,['Java'],"['SQL', 'Git', 'MySQL', 'R']"
0_r1,Seasonal Teller,29.11,[],['R']
0_r1,Java Developer,29.1,['Java'],"['Docker', 'Kubernetes', 'Git', 'MongoDB', 'R']"
0_r1,Data Collection Analyst & Panel Coordinator (Research Assistant),29.09,[],"['Git', 'Excel', 'R']"
0_r1,Fleet Benchmarking & Reporting Analyst,29.09,[],"['Power BI', 'Tableau', 'R']"
0_r1,Sustainability Business Analyst (Hybrid),29.06,[],"['Git', 'Excel', 'R']"
0_r1,iOS Developer,29.05,[],"['Git', 'R']"
0_r1,Network Administrator,29.05,[],"['AWS', 'Excel', 'R']"
0_r1,Data Analyst IV - Construction Division,29.03,[],"['SQL', 'Power BI', 'Excel', 'Tableau', 'R']"
0_r1,Flutter Developer,29.0,[],"['Git', 'R']"
0_r1,JavaScript Developer,28.99,['Java'],['R']
0_r1,JavaScript Developer,28.99,[],['R']
0_r1,DevOps Engineer,28.97,[],['R']
0_r1,JavaScript Developer,28.97,['Java'],"['Git', 'R']"
0_r1,"Data Analyst 2, Central Office;",28.95,[],"['Tableau', 'R']"
0_r1,Flutter Developer,28.93,['Java'],['R']
0_r1,iOS Developer,28.93,['Java'],['R']
0_r1,Inventory Clerk,28.93,[],"['Excel', 'R']"
0_r1,Institutional Research Analyst,28.91,[],"['SQL', 'Power BI', 'Excel', 'Tableau', 'R']"
0_r1,Marketing Data Analyst,28.91,[],"['SQL', 'Excel', 'R']"
0_r1,"Business Analyst, Amazon Merch on Demand",28.91,[],"['SQL', 'Tableau', 'ETL', 'R']"
0_r1,Network Administrator,28.9,[],['R']
0_r1,Machine Learning,28.9,['Machine Learning'],['R']
0_r1,Flutter Developer,28.89,['Java'],"['Git', 'R']"
0_r1,Analyst Product Analysis,28.88,[],"['Excel', 'R']"
0_r1,Software Engineer,28.87,['Python'],"['SQL', 'AWS', 'Linux', 'R']"
0_r1,Flutter Developer,28.87,[],"['SQL', 'Git', 'R']"
0_r1,Business Development Manager,28.79,[],"['AWS', 'Excel', 'R']"
0_r1,Contract Data Analyst,28.78,['Python'],"['AWS', 'Excel', 'Tableau', 'R']"
0_r1,Software Engineer,28.78,"['Python', 'Java']","['Docker', 'Kubernetes', 'Linux', 'R']"
0_r1,Flutter Developer,28.78,[],['R']
0_r1,Java Developer,28.78,['Java'],"['AWS', 'Docker', 'Git', 'Excel', 'R']"
0_r1,Node js developer,28.77,['Java'],['R']
0_r1,JavaScript Developer,28.73,['Java'],['R']
0_r1,PHP Developer,28.72,['Java'],"['Git', 'R']"
0_r1,Analyst - Customer Analytics,28.7,['Python'],"['SQL', 'Power BI', 'Excel', 'Tableau', 'R']"
0_r1,Flutter Developer,28.7,[],['R']
0_r1,Flutter Developer,28.7,[],"['SQL', 'Git', 'R']"
0_r1,"Account Executive, Urology - Ohio and parts of W.PA, W.VA",28.7,[],"['Excel', 'R']"
0_r1,Software Engineer,28.69,['C++'],"['Linux', 'Git', 'R']"
0_r1,PHP Developer,28.68,[],"['SQL', 'MySQL', 'R']"
0_r1,Project Manager,28.68,[],['R']
0_r1,Furniture Product Sales Liasion,28.68,[],['R']
0_r1,Wordpress Developer,28.67,[],"['AWS', 'R']"
0_r1,Machine Learning,28.66,"['Python', 'Hive']","['SQL', 'Git', 'Excel', 'R']"
0_r1,"Coordinator, Customer Care Center",28.65,[],"['Excel', 'R']"
0_r1,Machine Learning,28.63,"['Python', 'Machine Learning']",['R']
0_r1,Node js developer,28.63,['Java'],"['SQL', 'MongoDB', 'MySQL', 'R']"
0_r1,JavaScript Developer,28.63,['Java'],"['Git', 'R']"
0_r1,Data Analyst,28.62,['Python'],"['SQL', 'Power BI', 'Excel', 'Tableau', 'R']"
0_r1,Network Administrator,28.6,[],"['Linux', 'R']"
0_r1,iOS Developer,28.59,[],['R']
0_r1,General Office Clerk / Data Entry,28.59,[],['R']
0_r1,Network Administrator,28.57,[],"['Excel', 'R']"
0_r1,"Project Manager, Construction Manager (Remote), Project ...",28.56,[],['R']
0_r1,DevOps Engineer,28.55,['Python'],"['SQL', 'Docker', 'Kubernetes', 'Linux', 'Git', 'MongoDB', 'MySQL', 'R']"
0_r1,Flutter Developer,28.54,['Machine Learning'],"['Git', 'Excel', 'R']"
0_r1,Flutter Developer,28.53,[],"['Git', 'R']"
0_r1,iOS Developer,28.52,[],['R']
0_r1,Flutter Developer,28.51,[],"['Git', 'R']"
0_r1,Digital Marketing Specialist,28.49,[],"['Git', 'R']"
0_r1,Regional Vice President of Sales,28.48,[],['R']
0_r1,Vice President Operations Excellence,28.48,[],"['Excel', 'R']"
0_r1,Software Engineer,28.46,[],['R']
0_r1,Sales Associate / Design Consultant - Full Time,28.46,[],['R']
0_r1,"Senior Analyst, ECommerce, Search Marketing",28.45,[],"['Git', 'Excel', 'R']"
0_r1,JavaScript Developer,28.42,['Java'],['R']
0_r1,Flutter Developer,28.4,[],['R']
0_r1,Database Administrator,28.37,[],"['Excel', 'R']"
0_r1,Flutter Developer,28.35,['Java'],"['Git', 'Excel', 'R']"
0_r1,Talent Acquisition Specialist,28.34,[],['R']
0_r1,Backend Developer,28.33,['Java'],"['Git', 'Excel', 'R']"
0_r1,Full Stack Developer,28.33,"['Java', 'C++']","['SQL', 'MySQL', 'R']"
0_r1,Software Engineer,28.32,[],"['Git', 'R']"
0_r1,Network Administrator,28.29,[],['R']
0_r1,Flutter Developer,28.27,[],"['SQL', 'Git', 'R']"
0_r1,"Senior Business Analyst- (Hybrid: Chicago, IL)",28.23,[],"['SQL', 'AWS', 'Excel', 'MongoDB', 'ETL', 'R']"
0_r1,Wordpress Developer,28.2,['Java'],"['SQL', 'Excel', 'MySQL', 'R']"
0_r1,Java Developer,28.2,['Java'],['R']
0_r1,Sales and Marketing Coordinator,28.19,[],"['Git', 'Excel', 'R']"
0_r1,Satellite TV Installer - Entry Level,28.17,[],['R']
0_r1,Wordpress Developer,28.16,['Java'],"['SQL', 'Git', 'MySQL', 'R']"
0_r1,Django Developer,28.15,['Python'],"['SQL', 'Excel', 'Django', 'R']"
0_r1,Java Developer,28.14,['Java'],"['SQL', 'Git', 'Excel', 'R']"
0_r1,Marketing Coordinator,28.13,[],"['Excel', 'R']"
0_r1,iOS Developer,28.11,[],['R']
0_r1,Full Stack Developer,28.08,['Spark'],"['AWS', 'MongoDB', 'R']"
0_r1,Flutter Developer,28.07,[],['R']
0_r1,iOS Developer,28.06,[],['R']
0_r1,Compliance Director,28.06,[],"['AWS', 'Excel', 'R']"
0_r1,Data Analyst,28.05,['Python'],"['SQL', 'Power BI', 'Excel', 'Tableau', 'R']"
0_r1,PHP Developer,28.05,['Java'],"['SQL', 'R']"
0_r1,CNC Programmer,28.04,[],"['Git', 'R']"
0_r1,JavaScript Developer,28.02,[],['R']
0_r1,Senior Data Analyst,28.01,"['Python', 'Machine Learning']","['SQL', 'Power BI', 'Excel', 'Tableau', 'ETL', 'R']"
0_r1,Flutter Developer,28.01,['Java'],"['SQL', 'Git', 'R']"
0_r1,Commercial Construction Manager,27.99,[],['R']
0_r1,Flutter Developer,27.98,['Java'],['R']
0_r1,Flutter Developer,27.98,[],"['Git', 'R']"
0_r1,iOS Developer,27.97,[],"['Excel', 'R']"
0_r1,Flutter Developer,27.95,[],"['Excel', 'R']"
0_r1,Strategic Business Data Analyst - Graduate College,27.92,[],"['Power BI', 'Excel', 'Tableau', 'R']"
0_r1,Java Developer,27.92,['Java'],['R']
0_r1,Software Engineer,27.91,['Python'],"['Git', 'R']"
0_r1,Node js developer,27.9,['Hive'],"['Git', 'R']"
0_r1,Data Provider Analyst,27.89,['Python'],"['SQL', 'Excel', 'R']"
0_r1,Java Developer,27.88,['Java'],['R']
0_r1,Flutter Developer,27.86,['Java'],"['SQL', 'R']"
0_r1,Database Administrator,27.83,[],"['Excel', 'R']"
0_r1,Sales Manager,27.81,[],['R']
0_r1,iOS Developer,27.8,[],['R']
0_r1,Network Administrator,27.78,[],"['Excel', 'R']"
0_r1,PT-Sales Associate - ProServices-Flexible,27.78,[],"['Excel', 'R']"
0_r1,"Executive Administrative Assistant, Brokerage",27.78,[],"['Excel', 'R']"
0_r1,"Vice President, Operations",27.77,[],"['Excel', 'R']"
0_r1,"Senior Manager, Test",27.76,['Python'],"['AWS', 'R']"
0_r1,Fraud Data Analyst,27.74,['Python'],"['SQL', 'AWS', 'Excel', 'R']"
0_r1,iOS Developer,27.72,[],['R']
0_r1,Software Engineer,27.71,"['Java', 'C++']",['R']
0_r1,Warehouse Manager,27.71,[],"['Excel', 'R']"
0_r1,Flutter Developer,27.7,[],['R']
0_r1,Marketing Director,27.7,[],[]
0_r1,Health Data Analyst,27.69,[],"['Excel', 'R']"
0_r1,iOS Developer,27.69,[],"['Excel', 'R']"
0_r1,iOS Developer,27.68,[],['R']
0_r1,Database Administrator,27.68,[],"['Excel', 'R']"
0_r1,Social Media and Marketing Intern,27.65,[],['R']
0_r1,iOS Developer,27.64,"['Java', 'C++']",['R']
0_r1,DATA RESEARCH ANALYST,27.63,[],"['Excel', 'R']"
0_r1,Software Developer - New Graduate,27.6,['Java'],"['SQL', 'AWS', 'Excel', 'R']"
0_r1,TCEQ - Data Analyst III,27.59,[],"['ETL', 'R']"
0_r1,SR. Web Designer,27.59,['Java'],"['AWS', 'R']"
0_r1,JavaScript Developer,27.58,['Java'],"['Git', 'R']"
0_r1,Machine Learning,27.57,"['Python', 'Java', 'C++', 'Machine Learning']","['Git', 'R']"
0_r1,iOS Developer,27.53,['C++'],"['Excel', 'R']"
0_r1,JavaScript Developer,27.45,"['Java', 'C++']",['R']
0_r1,Sales Executive Richmond Hotel,27.45,[],"['Excel', 'R']"
0_r1,Sr. Director of Strategy & External Relations,27.43,[],"['Excel', 'R']"
0_r1,Wordpress Developer,27.42,['Java'],"['SQL', 'Git', 'Excel', 'MySQL', 'R']"
0_r1,Bank Teller,27.42,[],['R']
0_r1,Assistant Manager,27.42,[],['R']
0_r1,Migrations Sales Executive- Credit Union,27.4,[],['R']
0_r1,iOS Developer,27.37,[],['R']
0_r1,Supply Chain Analyst,27.37,[],"['Excel', 'R']"
0_r1,Data Analyst,27.36,[],"['SQL', 'Excel', 'R']"
0_r1,PHP Developer,27.35,[],"['Git', 'R']"
0_r1,Django Developer,27.34,['Python'],"['Django', 'R']"
0_r1,Business Analyst,27.31,[],['R']
0_r1,Software Engineer,27.31,[],['R']
0_r1,Java Developer,27.3,['Java'],['R']
0_r1,Flutter Developer,27.29,[],['R']
0_r1,Flutter Developer,27.27,[],"['Excel', 'R']"
0_r1,Fraud Data Analyst,27.26,"['Python', 'Machine Learning']","['SQL', 'Git', 'Excel', 'R']"
0_r1,PHP Developer,27.25,['Java'],['R']
0_r1,IT Business Analyst,27.24,[],"['SQL', 'Excel', 'R']"
0_r1,Flutter Developer,27.24,[],"['Excel', 'R']"
0_r1,JavaScript Developer,27.22,['Java'],"['AWS', 'Git', 'Excel', 'R']"
0_r1,Django Developer,27.2,"['Python', 'Java']","['SQL', 'Git', 'Django', 'MySQL', 'R']"
0_r1,iOS Developer,27.19,[],"['SQL', 'R']"
0_r1,Flutter Developer,27.18,['Java'],"['Git', 'R']"
0_r1,Java Developer,27.18,"['Python', 'Java']","['SQL', 'Excel', 'MySQL', 'R']"
0_r1,Database Administrator,27.17,[],['R']
0_r1,iOS Developer,27.15,['Java'],"['Git', 'Excel', 'R']"
0_r1,"Analyst, Data Operations - Liquidity",27.14,[],"['Excel', 'R']"
0_r1,"Retail Sales Associate - Full Time or Part Time (Columbus, Ohio)",27.14,[],['R']
0_r1,"Equity Research Associate, Biotechnology",27.14,[],"['Excel', 'R']"
0_r1,Data Entry Specialist,27.13,[],['R']
0_r1,Java Developer,27.12,['Java'],['R']
0_r1,Network Administrator,27.1,[],['R']
0_r1,Management Analyst I - Planning & Sustainability,27.08,[],['R']
0_r1,Flutter Developer,27.08,['Java'],"['Git', 'R']"
0_r1,Wordpress Developer,27.06,[],['R']
0_r1,Sales Representatives,27.06,[],"['Excel', 'R']"
0_r1,Machine Learning,27.05,['Machine Learning'],"['TensorFlow', 'PyTorch', 'R']"
0_r1,Sports Data Entry Analyst (Part-Time) - AZ,27.04,[],"['Excel', 'R']"
0_r1,iOS Developer,27.01,[],['R']
0_r1,CDL-A Truck Driver - $5K Sign On Bonus,27.0,[],['R']
0_r1,"Retail Commission Sales Associate - Fine Jewelry, Northridge...",26.99,[],['R']
0_r1,Supply Chain Analyst,26.98,[],"['SQL', 'Excel', 'R']"
0_r1,Wordpress Developer,26.97,['Java'],['R']
0_r1,Audit Staff Accountant,26.9,[],"['Excel', 'R']"
0_r1,Full Stack Developer,26.89,"['Python', 'Java', 'Machine Learning']","['SQL', 'TensorFlow', 'Excel', 'MongoDB', 'R']"
0_r1,Flutter Developer,26.89,[],"['Git', 'R']"
0_r1,Selling - Inside Sales Associate,26.88,[],"['AWS', 'Excel', 'R']"
0_r1,Customer Service/Sales,26.88,[],['R']
0_r1,Healthcare Administrative Assistant – Urgent Hiring,26.88,[],"['Excel', 'R']"
0_r1,Backend Developer,26.87,"['Python', 'Java']",['R']
0_r1,iOS Developer,26.86,[],"['Git', 'ETL', 'R']"
0_r1,PHP Developer,26.86,['Java'],"['SQL', 'Excel', 'MySQL', 'R']"
0_r1,VP of Finance (East Meadow),26.86,[],['R']
0_r1,iOS Developer,26.85,[],['R']
0_r1,CEO,26.85,[],['R']
0_r1,JavaScript Developer,26.82,['Java'],"['AWS', 'Git', 'Excel', 'R']"
0_r1,JavaScript Developer,26.82,['Java'],"['AWS', 'Git', 'Excel', 'R']"
0_r1,Solo Class A CDL Driver,26.81,[],"['AWS', 'R']"
0_r1,Machine Learning,26.79,"['Python', 'Machine Learning']","['Deep Learning', 'Git', 'Excel', 'NLP', 'R']"
0_r1,Social Content Creator (TikTok & Reels Specialist),26.78,[],['R']
0_r1,PHP Developer,26.77,['Java'],"['SQL', 'R']"
0_r1,Wordpress Developer,26.74,['Java'],['R']
0_r1,Web Designer,26.74,['Java'],['R']
0_r1,Real Estate Agent,26.74,[],['R']
0_r1,"Kitchen Exhaust Associate (Commerce, CA)",26.73,[],"['Excel', 'R']"
0_r1,Network Administrator,26.72,[],['R']
0_r1,Database Administrator,26.69,[],"['Excel', 'R']"
0_r1,"Analyst, eCommerce Insights & Data Analytics",26.64,['Python'],"['SQL', 'Git', 'Excel', 'Tableau', 'R']"
0_r1,Network Administrator,26.61,[],"['Excel', 'R']"
0_r1,Senior Director Finance,26.61,[],"['Excel', 'R']"
0_r1,Java Developer,26.6,['Java'],"['ETL', 'R']"
0_r1,Network Administrator,26.58,[],['R']
0_r1,Machine Learning,26.58,['Machine Learning'],['R']
0_r1,Associate Software Engineering,26.58,[],['R']
0_r1,Data Analyst (6257U) 77671,26.57,"['Python', 'Java', 'Machine Learning']","['Git', 'Excel', 'R']"
0_r1,Wordpress Developer,26.57,[],['R']
0_r1,Backend Developer,26.56,['Java'],"['SQL', 'AWS', 'Git', 'Excel', 'MongoDB', 'MySQL', 'R']"
0_r1,Flutter Developer,26.55,[],"['Git', 'R']"
0_r1,JavaScript Developer,26.53,['Java'],['R']
0_r1,"VP, Marketing - Advertising Revenue",26.52,[],"['Git', 'Excel', 'R']"
0_r1,Research Data Analyst (6257U) 75505,26.5,[],"['Excel', 'R']"
0_r1,Java Developer,26.49,['Java'],['R']
0_r1,Flutter Developer,26.49,['Java'],"['Git', 'R']"
0_r1,Network Administrator,26.48,[],['R']
0_r1,Organized Retail Crime Investigator- Virtual- Columbus,26.46,[],"['Excel', 'R']"
0_r1,Assistant Manager(02204) - 620 N Memorial Dr,26.45,[],['R']
0_r1,Flutter Developer,26.44,[],"['Git', 'R']"
0_r1,Wordpress Developer,26.44,['Java'],"['Excel', 'R']"
0_r1,Java Developer,26.43,['Java'],"['SQL', 'Docker', 'Git', 'Excel', 'R']"
0_r1,Career Specialist Instructor,26.42,[],"['Excel', 'R']"
0_r1, Construction Project Manager,26.42,[],['R']
0_r1,PHP Developer,26.41,['Java'],['R']
0_r1,Flutter Developer,26.41,[],['R']
0_r1,Retail Sales Associate,26.41,[],['R']
0_r1,Data Analyst,26.38,['Python'],"['SQL', 'AWS', 'Excel', 'Tableau', 'R']"
0_r1,PHP Developer,26.37,['Java'],['R']
0_r1,iOS Developer,26.36,[],['R']
0_r1,Django Developer,26.35,['Python'],"['Django', 'R']"
0_r1,Bank Teller,26.35,[],"['Excel', 'R']"
0_r1,Marketing Data Analyst,26.34,[],['R']
0_r1,Senior Data Analyst,26.33,['Python'],"['SQL', 'Excel', 'Tableau', 'R']"
0_r1,Flutter Developer,26.33,[],['R']
0_r1,Flutter Developer,26.32,[],['R']
0_r1,Wordpress Developer,26.3,['Java'],['R']
0_r1,Product Development Associate in NYC,26.29,[],['R']
0_r1,Program Coordinator,26.29,[],"['Excel', 'R']"
0_r1,Database Administrator,26.25,[],['R']
0_r1,Grocery Inventory clerk Part Time,26.24,[],['R']
0_r1,Credit Collections Lead,26.23,[],"['Excel', 'R']"
0_r1,Firmware Test Engineer,26.21,[],"['Git', 'R']"
0_r1,Associate Research/Data Analyst 5034196,26.2,[],"['Excel', 'R']"
0_r1,Node js developer,26.16,"['Java', 'Machine Learning', 'Hadoop']","['Docker', 'Git', 'Excel', 'MongoDB', 'R']"
0_r1,Flutter Developer,26.16,[],"['Git', 'R']"
0_r1,Vice President/General Manager (VP/GM),26.12,[],['R']
0_r1,Sales Associate,26.12,[],"['Excel', 'R']"
0_r1,Data Entry Clerk,26.11,[],['R']
0_r1,Node js developer,26.08,[],"['MongoDB', 'R']"
0_r1,Wordpress Developer,26.06,['Java'],['R']
0_r1,PHP Developer,26.06,['Java'],['R']
0_r1,Data Quality Analyst,26.04,[],"['AWS', 'Excel', 'R']"
0_r1,Flutter Developer,26.01,[],"['Git', 'R']"
0_r1,Fraud Representative,26.01,[],"['AWS', 'Git', 'R']"
0_r1,"Vice President, Product Marketing",26.01,[],['R']
0_r1,JavaScript Developer,26.0,['Java'],['R']
0_r1,JavaScript Developer,25.99,['Java'],['R']
0_r1,Django Developer,25.96,['Python'],"['Django', 'R']"
0_r1,"Sales Associate (Providence, RI)",25.96,[],['R']
0_r1,Database Administrator,25.95,[],"['Excel', 'R']"
0_r1,Full Stack Developer,25.94,"['Python', 'C++']",['R']
0_r1,Django Developer,25.92,"['Python', 'C++']","['SQL', 'Django', 'MySQL', 'R']"
0_r1,Software Engineer,25.89,['C++'],"['Excel', 'R']"
0_r1,Flutter Developer,25.89,[],['R']
0_r1,Insurance Agent,25.89,[],['R']
0_r1,"US Consumer Services, Marketing Analyst",25.86,[],"['AWS', 'Git', 'Excel', 'R']"
0_r1,iOS Developer,25.84,[],"['SQL', 'Excel', 'R']"
0_r1,"Office Specialist I, Behavioral Health, Full Time/Days",25.84,[],"['Excel', 'R']"
0_r1,Backend Developer,25.82,['Python'],['R']
0_r1,Web Developer,25.82,['Java'],"['SQL', 'Git', 'MySQL', 'R']"
0_r1,Escalations Specialist - Customer/Patient Experience Coordinator - Full Time Contract/Remote,25.82,[],"['AWS', 'Git', 'Excel', 'R']"
0_r1,OPS DEPUTY CLERK,25.78,[],"['Excel', 'R']"
0_r1,Software Engineer,25.77,[],['R']
0_r1,Digital Marketing Sales - Own the Territory – Run the Show,25.77,[],['R']
0_r1,Data Analyst,25.76,['Python'],"['Excel', 'R']"
0_r1,Executive Assistant,25.75,[],"['Excel', 'R']"
0_r1,iOS Developer,25.74,[],"['SQL', 'Git', 'R']"
0_r1,JavaScript Developer,25.71,['Java'],['R']
0_r1,Sales Associate – Luxury Brand in NYC!,25.71,[],"['AWS', 'R']"
0_r1,iOS Developer,25.7,['Java'],['R']
0_r1,Machine Learning,25.69,"['Python', 'Machine Learning', 'Hadoop']","['SQL', 'Git', 'R']"
0_r1,"Data Analyst, Clinical Operations",25.68,['Python'],"['SQL', 'Excel', 'Tableau', 'R']"
0_r1,Chief Financial Officer (CFO),25.67,[],['R']
0_r1,Backend Developer,25.64,['Python'],['R']
0_r1,iOS Developer,25.63,['Java'],['R']
0_r1,Flutter Developer,25.63,[],['R']
0_r1,PHP Developer,25.62,[],"['SQL', 'MySQL', 'R']"
0_r1,DevOps Engineer,25.61,['Python'],"['SQL', 'Docker', 'Kubernetes', 'Git', 'Excel', 'MySQL', 'R']"
0_r1,JavaScript Developer,25.6,['Java'],['R']
0_r1,Real Estate Agent - Cleveland (Future Opportunities),25.55,[],['R']
0_r1,Data Analyst,25.53,[],"['Excel', 'R']"
0_r1,Database Administrator,25.52,[],"['Excel', 'R']"
0_r1,Django Developer,25.51,"['Python', 'Java']","['SQL', 'Django', 'R']"
0_r1,Executive Assistant,25.5,[],['R']
0_r1,Ecommerce Account Manager,25.49,[],"['Git', 'R']"
0_r1,Real Estate Investment Management Associate (Monsey),25.48,[],"['Excel', 'ETL', 'R']"
0_r1,Senior Catering Sales Executive,25.47,[],"['Excel', 'R']"
0_r1,Data Analyst,25.46,['Python'],"['SQL', 'Excel', 'R']"
0_r1,"Account Executive - Columbus, OH - AMO Sales and Services, Inc..",25.44,[],['R']
0_r1,PHP Developer,25.43,['Python'],['R']
0_r1,"Specialist, Embedded C++ Software Engineer",25.43,[],['R']
0_r1,Construction Project Manager - Remote,25.42,[],['R']
0_r1,Machine Learning,25.39,['Machine Learning'],['R']
0_r1,Commission Sales Associate,25.39,[],['R']
0_r1,Django Developer,25.38,['Python'],"['Django', 'R']"
0_r1,Django Developer,25.37,"['Python', 'Java']","['Flask', 'Django', 'R']"
0_r1,Remote Customer Service Representative ($16/hr),25.37,[],"['Excel', 'R']"
0_r1,Network Administrator,25.36,[],['R']
0_r1,Marketing Director,25.35,[],"['Git', 'Tableau', 'R']"
0_r1,JavaScript Developer,25.34,['Java'],"['AWS', 'Git', 'Excel', 'R']"
0_r1,Flutter Developer,25.34,['Java'],['R']
0_r1,Entry Level Customer Service Representative (Remote),25.33,[],['R']
0_r1,Backend Developer,25.32,[],['R']
0_r1,iOS Developer,25.32,[],['R']
0_r1,Information Security Business Analyst II,25.31,[],"['Git', 'Excel', 'R']"
0_r1,Flutter Developer,25.31,[],['R']
0_r1,JavaScript Developer,25.3,['Java'],['R']
0_r1,Remote Fraud Support Call Center Representative (CCC),25.29,[],"['Git', 'R']"
0_r1,Flutter Developer,25.27,[],['R']
0_r1,Marketing Visionary,25.27,[],['R']
0_r1,"Senior Business Associate, VP",25.27,[],"['Excel', 'R']"
0_r1,Network Administrator,25.25,[],['R']
0_r1,Career Coach,25.24,[],"['Excel', 'R']"
0_r1,Digital Marketing Internship at EdTech Start-up,25.23,[],"['Git', 'R']"
0_r1,Machine Learning,25.22,"['Python', 'Machine Learning']",['R']
0_r1,Node js developer,25.22,['Java'],['R']
0_r1,JavaScript Developer,25.21,['Java'],"['Git', 'R']"
0_r1,Lead Commercial Counsel,25.21,[],"['AWS', 'R']"
0_r1,"RN, Registered Nurse - Endoscopy",25.21,[],['R']
0_r1,Network Administrator,25.2,[],"['SQL', 'Linux', 'R']"
0_r1,Full Stack Developer,25.2,['Java'],"['SQL', 'Git', 'Excel', 'MySQL', 'R']"
0_r1,Flutter Developer,25.18,['Java'],['R']
0_r1,Investigator Support Assistant (OA),25.18,[],"['AWS', 'R']"
0_r1,Claims Investigator,25.16,[],"['AWS', 'Excel', 'R']"
0_r1,Database Administrator,25.14,[],"['Excel', 'R']"
0_r1,"Vice President, Business Development",25.13,[],"['Excel', 'R']"
0_r1,CFO - Fast Growing Startup,25.11,['Machine Learning'],"['Excel', 'R']"
0_r1,iOS Developer,25.07,[],['R']
0_r1,Dump Truck Driver,25.05,[],['R']
0_r1,Content Data Analyst,25.03,[],['R']
0_r1,Senior Embedded C++ Developer,25.03,[],['R']
0_r1,"Business Analyst, Finance",25.02,[],"['SQL', 'Excel', 'Tableau', 'R']"
0_r1,iOS Developer,25.02,"['Python', 'Java', 'C++']",['R']
0_r1,Sales And Marketing Representative,25.01,[],['R']
0_r1,"Global Business Development, Business Solutions Specialist",25.01,[],"['Git', 'R']"
0_r1,Flutter Developer,24.97,[],['R']
0_r1,iOS Developer,24.96,[],['R']
0_r1,Patient Services Specialist (Remote),24.95,[],"['Excel', 'R']"
0_r1,"Part Time Sales - Zanesville, OH",24.95,[],['R']
0_r1,Data Analyst,24.94,['Python'],"['SQL', 'Power BI', 'Excel', 'R']"
0_r1,Flutter Developer,24.94,['Java'],"['SQL', 'MySQL', 'R']"
0_r1,PHP Developer,24.94,['Java'],['R']
0_r1,iOS Developer,24.92,[],['R']
0_r1,"Development Associate, Philanthropy",24.92,[],"['AWS', 'Git', 'Excel', 'R']"
0_r1,Commercial Real Estate Attorney,24.91,[],"['Excel', 'R']"
0_r1,"Data Analyst, Bioinformatics",24.88,['Python'],"['SQL', 'AWS', 'Linux', 'Power BI', 'Excel', 'Tableau', 'R']"
0_r1,"Entry Level Claims and Customer Service Positions! Training Program and Career Growth! Chicago, IL",24.88,[],"['Excel', 'R']"
0_r1,Database Administrator,24.86,[],['R']
0_r1,Sales Associate,24.86,[],['R']
0_r1,Customer Service Representative (Work at Home),24.85,[],"['Excel', 'R']"
0_r1,Flutter Developer,24.84,['Java'],['R']
0_r1,Inventory Clerk,24.84,[],['R']
0_r1,Project Intern,24.84,[],['R']
0_r1,Node js developer,24.82,[],['R']
0_r1,General Clerk II,24.81,[],"['AWS', 'R']"
0_r1,Vice President Marketing,24.79,[],"['Git', 'Excel', 'R']"
0_r1,Executive Assistant,24.79,[],"['Excel', 'R']"
0_r1,Full Stack Developer,24.78,['Java'],['R']
0_r1,Java Developer,24.77,['Java'],"['SQL', 'AWS', 'Linux', 'Git', 'Excel', 'R']"
0_r1,Sr. Director/Head of Strategy and Business Operations,24.77,[],"['Git', 'Excel', 'R']"
0_r1,Research Analyst,24.76,['Python'],"['Excel', 'R']"
0_r1,Senior Project Manager,24.75,[],"['Excel', 'R']"
0_r1,CCRD Customer Service Representative - Work from Home (Remote),24.75,[],"['AWS', 'Excel', 'R']"
0_r1,Flutter Developer,24.74,['Java'],"['SQL', 'MySQL', 'R']"
0_r1,Flutter Developer,24.73,"['Python', 'Java', 'C++']","['Git', 'Excel', 'R']"
0_r1,Surveillance Investigator,24.73,[],['R']
0_r1,Marketing Specialist,24.73,[],"['Git', 'Excel', 'R']"
0_r1,Database Administrator,24.72,[],"['Excel', 'R']"
0_r1,Travel Nurse - RN - TELE - Telemetry - $2397.79 / Week,24.71,[],['R']
0_r1,OR Data Analyst,24.7,[],"['Excel', 'R']"
0_r1,Data Management Analyst - McWilliams School of Biomedical Informatics,24.69,[],"['Excel', 'R']"
0_r1,iOS Developer,24.69,[],['R']
0_r1,Flutter Developer,24.69,[],['R']
0_r1,"Furniture Sales Associates - Bridgewater, N.J.",24.67,[],"['Excel', 'R']"
0_r1,JavaScript Developer,24.64,['Java'],"['SQL', 'MySQL', 'R']"
0_r1,Accountant,24.64,[],"['Excel', 'R']"
0_r1,"Career Coach, Alumni Talent Services",24.63,[],['R']
0_r1,Full Stack Developer,24.62,['Java'],"['Excel', 'R']"
0_r1,Flutter Developer,24.57,['Java'],"['Git', 'R']"
0_r1,Animation Programmer,24.57,[],['R']
0_r1,Retail Sales Associate,24.56,[],['R']
0_r1,Assistant Manager- NYC,24.55,[],"['Excel', 'R']"
0_r1,Career Coach (Remote),24.55,[],"['AWS', 'R']"
0_r1,ISRM Data & Analytics GEM Fellow 2025,24.52,['Python'],"['SQL', 'Excel', 'Tableau', 'R']"
0_r1,Java Developer,24.52,['Java'],"['MongoDB', 'R']"
0_r1,Office Clerk,24.52,[],['R']
0_r1,Director human resources,24.52,[],"['Excel', 'R']"
0_r1,Owner Operators Just Announced: Largest rate increase in Forward...,24.52,[],['R']
0_r1,Patient Access Representative,24.5,[],"['Excel', 'R']"
0_r1,Machine Learning,24.49,"['Python', 'Machine Learning']","['Deep Learning', 'TensorFlow', 'PyTorch', 'Git', 'NLP', 'R']"
0_r1,Sr. Art Director,24.49,[],"['AWS', 'Git', 'R']"
0_r1,"Analyst, Quantitative Research",24.48,[],"['Git', 'Excel', 'R']"
0_r1,Database Administrator,24.48,[],"['Excel', 'R']"
0_r1,Accountant,24.46,[],"['Excel', 'R']"
0_r1,Java Developer,24.43,['Java'],['R']
0_r1,Sales Manager,24.4,[],"['Excel', 'R']"
0_r1,"Senior Data Analyst, Product & Marketing (Remote)",24.37,"['Python', 'Machine Learning']","['SQL', 'Git', 'Excel', 'R']"
0_r1,JavaScript Developer,24.37,['Java'],['R']
0_r1,Java Developer,24.37,"['Python', 'Java']","['SQL', 'R']"
0_r1,Flutter Developer,24.37,[],['R']
0_r1,iOS Developer,24.35,['Java'],"['SQL', 'R']"
0_r1,Part-Time Customer Service Representative (Remote),24.35,[],['R']
0_r1,Flutter Developer,24.32,['Java'],['R']
0_r1,Database Administrator,24.31,[],"['SQL', 'Linux', 'R']"
0_r1,Node js developer,24.31,[],['R']
0_r1,PHP Developer,24.3,[],['R']
0_r1,Node js developer,24.28,[],['R']
0_r1,Email marketing specialist,24.27,[],['R']
0_r1,"Director, Human Resources",24.26,[],"['AWS', 'Excel', 'R']"
0_r1,Retail Sales Associate,24.25,[],['R']
0_r1,Administrative assistant,24.24,[],"['Excel', 'R']"
0_r1,Marketing Specialist,24.23,[],"['Excel', 'R']"
0_r1,"Health Solutions, Vice President Actuary",24.22,[],['R']
0_r1,JavaScript Developer,24.21,['Java'],"['Git', 'R']"
0_r1,Management Internship,24.2,[],['R']
0_r1,Pricing Data Analyst,24.19,[],"['AWS', 'Excel', 'R']"
0_r1,DATA INTELLIGENCE ANALYST,24.18,[],"['SQL', 'Power BI', 'Excel', 'Tableau', 'R']"
0_r1,Java Developer,24.18,['Java'],"['SQL', 'MySQL', 'R']"
0_r1,Wordpress Developer,24.15,[],['R']
0_r1,Java Developer,24.13,[],"['SQL', 'Excel', 'R']"
0_r1,iOS Developer,24.12,"['Java', 'C++']","['Git', 'Excel', 'R']"
0_r1,Database Administrator,24.1,[],"['Excel', 'R']"
0_r1,Furniture Sales Associate,24.08,[],['R']
0_r1,Real Estate Agent - Training Provided,24.07,[],"['Excel', 'R']"
0_r1,Furniture Sales Associate,24.07,[],"['Git', 'R']"
0_r1,Writer / Journalist Internship,24.07,[],['R']
0_r1,iOS Developer,24.04,[],['R']
0_r1,Software Engineering,24.04,[],['R']
0_r1,Network Administrator,24.03,[],['R']
0_r1,Backend Developer,24.03,['Java'],"['AWS', 'Git', 'Excel', 'MongoDB', 'R']"
0_r1,Node js developer,23.98,[],['R']
0_r1,Senior Data Analyst,23.97,"['Python', 'Machine Learning']","['SQL', 'Git', 'Power BI', 'Tableau', 'ETL', 'R']"
0_r1,Marketing Specialist,23.97,[],['R']
0_r1,Flutter Developer,23.96,['Java'],['R']
0_r1,JavaScript Developer,23.95,['Java'],"['Git', 'R']"
0_r1,"Analyst, Data Mgmt & Analytics - Liberty Mutual Investments",23.94,[],"['Excel', 'R']"
0_r1,"Sales Associate (Entry Level) Phoenix, AZ",23.93,[],['R']
0_r1,Node js developer,23.88,[],['R']
0_r1,Director of Finance,23.8,[],"['AWS', 'Excel', 'R']"
0_r1,Java Developer,23.79,['Java'],['R']
0_r1,CEO,23.77,[],"['Excel', 'R']"
0_r1,Flutter Developer,23.76,[],['R']
0_r1,Data Entry - Brecksville,23.75,[],['R']
0_r1,iOS Developer,23.74,[],['R']
0_r1,Front-End Engineer/UI Developer,23.74,['Java'],"['SQL', 'AWS', 'Docker', 'Git', 'Excel', 'R']"
0_r1,Video Art Director,23.71,[],"['Git', 'R']"
0_r1,Assistant Sales Manager - Full Time,23.7,[],"['Excel', 'R']"
0_r1,Database Administrator,23.68,[],"['Excel', 'R']"
0_r1,Network Administrator,23.68,[],['R']
0_r1,Human Resources Generalist,23.68,[],"['AWS', 'Excel', 'R']"
0_r1,Flutter Developer,23.67,[],"['Git', 'R']"
0_r1,"Analyst, Data Exchange",23.65,[],"['SQL', 'AWS', 'Excel', 'R']"
0_r1,TiMi Bellevue- Data analyst,23.65,[],"['SQL', 'Excel', 'R']"
0_r1,Fractional CEO - B2B - Remote,23.63,[],['R']
0_r1,Java Developer,23.6,['Java'],"['AWS', 'Linux', 'Git', 'Excel', 'R']"
0_r1,Wordpress Developer,23.6,['Java'],"['SQL', 'MySQL', 'R']"
0_r1,Software Engineer,23.58,[],"['Excel', 'R']"
0_r1,Private Investigator,23.58,[],"['Excel', 'R']"
0_r1,Data Analyst (100% Remote),23.53,['Python'],"['SQL', 'Power BI', 'Excel', 'Tableau', 'R']"
0_r1,"Assistant Manager, Social Media, La Mer",23.53,[],"['AWS', 'Excel', 'R']"
0_r1,"Commission Sales Associate - Men's, Full Time - Beverly Center",23.52,[],"['Excel', 'R']"
0_r1,Sales Associates- Providence Place,23.52,[],['R']
0_r1,Flutter Developer,23.51,['Java'],"['Excel', 'R']"
0_r1,Database Administrator,23.49,[],"['Excel', 'R']"
0_r1,iOS Developer,23.48,[],"['Excel', 'R']"
0_r1,Part-Time Retail Sales Associate,23.48,[],"['Excel', 'R']"
0_r1,Part-Time Retail Sales Associate,23.48,[],"['Excel', 'R']"
0_r1,Commercial Contracts Lawyer,23.48,[],"['Excel', 'R']"
0_r1,Flutter Developer,23.47,['Java'],"['SQL', 'Git', 'Excel', 'R']"
0_r1,Database Administrator,23.43,[],['R']
0_r1,Wordpress Developer,23.42,[],['R']
0_r1,Executive Assistant to the CEO,23.42,[],"['Excel', 'R']"
0_r1,Flutter Developer,23.41,[],"['Git', 'R']"
0_r1,Data Analyst,23.4,[],"['SQL', 'Excel', 'Tableau', 'R']"
0_r1,Flutter Developer,23.4,['C++'],"['SQL', 'MySQL', 'R']"
0_r1,Flutter Developer,23.39,['Java'],['R']
0_r1,Flutter Developer,23.37,[],['R']
0_r1,Executive Assistant to CEO,23.35,[],"['Excel', 'R']"
0_r1,Project Manager,23.33,[],"['Excel', 'R']"
0_r1,Entry Level Office Assistant,23.33,[],"['Excel', 'R']"
0_r1,Backend Developer,23.32,[],['R']
0_r1,Flutter Developer,23.29,['Java'],"['Excel', 'R']"
0_r1,Executive Administrator,23.29,[],"['Excel', 'R']"
0_r1,Flutter Developer,23.28,['Java'],"['SQL', 'MySQL', 'R']"
0_r1,Case Manager II - Remote,23.28,[],"['Excel', 'R']"
0_r1,iOS Developer,23.27,[],"['Excel', 'R']"
0_r1,Flutter Developer,23.25,['Java'],['R']
0_r1,"Attorney in Brooklyn, NY",23.24,[],['R']
0_r1,Biotech Equity Research Associate,23.23,[],"['AWS', 'Excel', 'R']"
0_r1,Flutter Developer,23.21,[],['R']
0_r1,privacy analyst sr (Hybrid-US/ Seattle),23.2,['Machine Learning'],"['AWS', 'Git', 'R']"
0_r1,iOS Developer,23.18,[],['R']
0_r1,Equity Research Biotech Associate,23.18,[],"['Excel', 'R']"
0_r1,Entry Level Real Estate Agent,23.17,[],['R']
0_r1,"Administrative Assistant III (Part time) – Remote, Work from Anywhere",23.16,[],"['AWS', 'Excel', 'R']"
0_r1,Vice President/Practice Leader of Tax,23.15,[],"['AWS', 'R']"
0_r1,Sales Associate-COLONY SQUARE MALL,23.15,[],['R']
0_r1,Sales Associate,23.14,[],"['Excel', 'R']"
0_r1,Wordpress Developer,23.1,['Java'],"['Git', 'R']"
0_r1,iOS Developer,23.1,[],['R']
0_r1,Java Developer,23.1,['Java'],"['SQL', 'R']"
0_r1,CDL-A Flatbed Truck Driver,23.09,[],['R']
0_r1,SAP Functional BASIS Business Analyst,23.08,[],"['Excel', 'R']"
0_r1,Business Analyst/Associate,23.08,[],['R']
0_r1,Retail Furniture Sales Consultant,23.08,[],['R']
0_r1,"Analyst II, Data Science",23.07,"['Python', 'Machine Learning']","['NLP', 'R']"
0_r1,Real Estate Agent,23.04,[],['R']
0_r1,Senior Software Developer- Full Stack (Remote),23.01,[],"['Git', 'R']"
0_r1,NAM E-Commerce Retail Channel Marketing Leader,22.99,[],"['Git', 'R']"
0_r1,PHP Developer,22.97,['Java'],['R']
0_r1,Bank Teller,22.97,[],"['Excel', 'R']"
0_r1,"Executive Coordinator, Office of The President",22.94,[],"['Git', 'Excel', 'R']"
0_r1,Construction Project Manager (Remote),22.91,[],"['Excel', 'R']"
0_r1,"Systems Administrator, IT (Brooklyn, NY)",22.91,[],"['AWS', 'Linux', 'R']"
0_r1,Dishwasher,22.89,[],['R']
0_r1,Flutter Developer,22.88,[],['R']
0_r1,iOS Developer,22.82,[],['R']
0_r1,Proposals - Senior Analyst,22.79,[],"['AWS', 'Git', 'Excel', 'R']"
0_r1,Software Engineer,22.78,['Java'],['R']
0_r1,Advertising Design Intern - 2022,22.77,[],['R']
0_r1,Database Administrator,22.76,[],"['Excel', 'R']"
0_r1,Django Developer,22.76,['Python'],"['Django', 'R']"
0_r1,"Construction Project Manager- (Remote in Detroit, Cleveland, or...",22.75,[],"['Excel', 'R']"
0_r1,Wordpress Developer,22.74,[],['R']
0_r1,Restaurant Team Member - Cashier,22.74,[],"['Excel', 'R']"
0_r1,Vice President & Chief Financial Officer,22.74,[],"['Excel', 'R']"
0_r1,Backend Developer,22.72,['Java'],"['SQL', 'R']"
0_r1,Data Analyst II,22.69,[],"['Excel', 'Tableau', 'R']"
0_r1,iOS Developer,22.69,[],['R']
0_r1,Remote Patient Advocate Specialist,22.67,[],"['AWS', 'Excel', 'R']"
0_r1,Research Data Analyst,22.65,[],['R']
0_r1,Database Administrator,22.65,[],['R']
0_r1,Full Stack Developer,22.64,['Java'],"['Git', 'Excel', 'R']"
0_r1,Career Coach (Remote),22.62,[],"['Excel', 'R']"
0_r1,Career Coach (Remote),22.62,[],"['Excel', 'R']"
0_r1,"CEO, Positivly",22.59,[],"['Excel', 'R']"
0_r1,Executive Assistant to President,22.59,[],['R']
0_r1,iOS Developer,22.58,['C++'],"['Excel', 'R']"
0_r1,Director Financial Business Management (Freeport),22.55,[],"['Excel', 'R']"
0_r1,"Systems Administrator, IT (Brooklyn, NY)",22.54,[],"['AWS', 'Linux', 'R']"
0_r1,Network Administrator,22.52,[],['R']
0_r1,Machine Learning,22.51,"['Python', 'Machine Learning']","['Deep Learning', 'TensorFlow', 'PyTorch', 'NLP', 'R']"
0_r1,Remote Website Designer,22.48,[],"['Excel', 'R']"
0_r1,Design Consultant,22.47,[],"['Excel', 'R']"
0_r1,Flutter Developer,22.46,[],['R']
0_r1,RN Case Manager- REMOTE,22.44,[],"['Excel', 'R']"
0_r1,FT Sales Associate,22.41,[],"['Git', 'Excel', 'R']"
0_r1,Sylmar Certified Nursing Assistant CNA for Psychiatric lockdown...,22.4,[],['R']
0_r1,JavaScript Developer,22.39,['Java'],"['SQL', 'Excel', 'R']"
0_r1,Data Analyst,22.37,['Python'],"['AWS', 'Excel', 'R']"
0_r1,Java Developer,22.37,['Java'],"['Docker', 'Kubernetes', 'Git', 'R']"
0_r1,Correctional Officer,22.37,[],['R']
0_r1,DevOps Engineer,22.36,"['Python', 'Java']","['SQL', 'AWS', 'Docker', 'Kubernetes', 'Linux', 'Git', 'Excel', 'MySQL', 'R']"
0_r1,PHP Developer,22.36,['Java'],"['SQL', 'MySQL', 'R']"
0_r1,Real Estate Paralegal or Executive Assistant,22.36,[],"['Excel', 'R']"
0_r1,JavaScript Developer,22.34,[],['R']
0_r1,Database Administrator,22.34,[],"['SQL', 'Git', 'Excel', 'R']"
0_r1,Senior Supply Chain Data Analyst,22.3,['Python'],"['SQL', 'Excel', 'Tableau', 'R']"
0_r1,Design Consultant- Interior Design/Sales Consultant in Englishtown at Ethan Allen Global Inc.,22.29,[],['R']
0_r1,Brand Analytics Analyst - Arby's,22.28,[],"['SQL', 'Excel', 'R']"
0_r1,"Senior Accountant, Banking (Lakewood)",22.28,[],"['AWS', 'Excel', 'R']"
0_r1,Vice President of Operations - Indianapolis & St. Louis,22.28,[],['R']
0_r1,Wordpress Developer,22.23,[],['R']
0_r1,"Coach, Career Prep",22.22,[],['R']
0_r1,IS Business Analyst,22.2,[],"['SQL', 'AWS', 'Power BI', 'Excel', 'R']"
0_r1,Investigator - Network Services,22.2,[],['R']
0_r1,Part-Time Sales Associate,22.13,[],"['Excel', 'R']"
0_r1,Software Engineer (remote),22.12,['Java'],['R']
0_r1,Backend Developer,22.1,[],"['AWS', 'R']"
0_r1,Network Administrator,22.1,[],['R']
0_r1,Case Manager I - Remote,22.1,[],['R']
0_r1,Criminal justice,22.09,[],['R']
0_r1,JavaScript Developer,22.08,['Java'],['R']
0_r1,Web Designer,22.08,[],"['Git', 'R']"
0_r1,Talent acquisition recruiter,22.06,[],"['AWS', 'Excel', 'R']"
0_r1,Data Analyst (Title V),22.05,[],"['SQL', 'Excel', 'Tableau', 'R']"
0_r1,Backend Developer,21.99,[],['R']
0_r1,Database Administrator,21.98,[],"['SQL', 'Excel', 'R']"
0_r1,Wordpress Developer,21.98,['Java'],['R']
0_r1,Development Associate,21.96,[],"['Excel', 'R']"
0_r1,Flutter Developer,21.93,['Java'],['R']
0_r1,"Manager, Commerce Marketing",21.93,[],"['Git', 'Excel', 'R']"
0_r1,Equity research associate,21.93,[],['R']
0_r1,Flutter Developer,21.9,['Java'],"['Git', 'R']"
0_r1,Flutter Developer,21.87,['Java'],"['SQL', 'R']"
0_r1,Testing Monitor (DGE) - Part Time (NYC),21.87,[],"['Excel', 'R']"
0_r1,Java Developer,21.84,['Java'],"['SQL', 'Excel', 'R']"
0_r1,Part-Time Sales Associate,21.84,[],['R']
0_r1,Senior Web Designer (REMOTE),21.75,[],"['Excel', 'R']"
0_r1,Patient Engagement Liaison,21.74,[],"['AWS', 'R']"
0_r1,Sr Manager - Business Development,21.72,[],"['Git', 'Excel', 'R']"
0_r1,JavaScript Developer,21.68,['Java'],"['Git', 'R']"
0_r1,Science Data Analyst for MAVEN/IUVS,21.67,['Python'],"['Excel', 'R']"
0_r1,Bank Teller,21.67,[],"['Excel', 'R']"
0_r1,Sales Associate,21.67,[],['R']
0_r1,Database Administrator,21.66,[],['R']
0_r1,iOS Developer,21.65,[],['R']
0_r1,Development Associate,21.62,[],"['Excel', 'R']"
0_r1,"Data Analyst, Early College & Career Education",21.61,"['Python', 'Java']","['SQL', 'Excel', 'R']"
0_r1,Class A - Regional Truck Driver - Home Weekly - Out 2 Days or Less,21.61,[],['R']
0_r1,Data Analyst,21.59,[],"['SQL', 'Excel', 'R']"
0_r1,JavaScript Developer,21.59,['Java'],['R']
0_r1,Backend Developer,21.55,[],['R']
0_r1,Flutter Developer,21.52,[],['R']
0_r1,Marketing Communications Intern - Fall 2023,21.51,[],['R']
0_r1,Marketing Specialist/ Brand Marketing || Work from Home,21.49,['Machine Learning'],"['Git', 'Excel', 'R']"
0_r1,Django Developer,21.46,['Python'],"['Flask', 'Django', 'R']"
0_r1,Flutter Developer,21.44,['Java'],"['SQL', 'Git', 'Excel', 'R']"
0_r1,Bulk Product Testing Coordinator,21.4,[],"['Excel', 'R']"
0_r1,Member Health Advocate ~ remote,21.4,[],['R']
0_r1,Criminal Investigator (Special Agent),21.38,[],['R']
0_r1,Network Administrator,21.37,"['Java', 'C++']","['Git', 'Excel', 'R']"
0_r1,Senior UI Designer,21.37,[],"['AWS', 'Git', 'R']"
0_r1,Java Developer,21.34,['Java'],"['SQL', 'MySQL', 'R']"
0_r1,Warehouse Manager,21.34,[],"['Excel', 'R']"
0_r1,Wordpress Developer,21.3,[],['R']
0_r1,"Associate, Data Analytics",21.28,[],"['SQL', 'Excel', 'R']"
0_r1,Sales Associate,21.27,[],['R']
0_r1,Data Analyst,21.26,[],"['Git', 'Excel', 'R']"
0_r1,PHP Developer,21.25,"['Java', 'C++']","['Excel', 'R']"
0_r1,Financial Analyst,21.24,[],['R']
0_r1,iOS Developer,21.24,[],['R']
0_r1,"Retail Commission Sales Associate - Fine Jewelry, Del Amo Fashion...",21.21,[],['R']
0_r1,Database Administrator,21.19,[],"['Excel', 'R']"
0_r1,JavaScript Developer,21.19,[],['R']
0_r1,"Integrated Marketing, VP (Retirement Group)",21.18,[],"['Git', 'R']"
0_r1,VP Client Development,21.16,[],"['Git', 'Excel', 'R']"
0_r1,Broadcast Media Sales,21.14,[],"['Git', 'R']"
0_r1,Marketing Intern,21.14,[],['R']
0_r1,Full Stack Developer,21.13,[],"['SQL', 'MySQL', 'R']"
0_r1,Full Stack Developer,21.12,['Java'],"['Git', 'R']"
0_r1,"VP, Healthcare Services",21.12,[],['R']
0_r1,Senior graphic designer,21.09,[],"['Git', 'Excel', 'R']"
0_r1,Executive Assistant - New York Office,21.06,[],"['Git', 'R']"
0_r1,Real Estate Attorney (4+ yrs),21.06,[],"['Excel', 'R']"
0_r1,Retail Sales Associate,21.04,[],['R']
0_r1,Bilingual Care Advocate (Hebrew),21.01,[],"['Git', 'Excel', 'R']"
0_r1,Chief Executive Officer (CEO),21.0,[],"['Excel', 'R']"
0_r1,Chief Executive Officer (CEO),21.0,[],"['Excel', 'R']"
0_r1,Backend Developer,20.98,['Java'],"['SQL', 'MySQL', 'R']"
0_r1,Sr Accountant,20.97,[],['R']
0_r1,Software Engineer,20.93,[],['R']
0_r1,Software Engineer,20.93,"['Java', 'Hadoop']","['SQL', 'Git', 'Excel', 'R']"
0_r1,Software Engineer,20.93,['Java'],"['Git', 'Excel', 'R']"
0_r1,Customer Service Representative,20.93,[],"['Excel', 'R']"
0_r1,Commercial Litigation Attorney,20.9,[],"['Excel', 'R']"
0_r1,Therapeutic Coach Team Lead,20.85,[],['R']
0_r1,Research Data Analyst,20.82,[],"['Excel', 'R']"
0_r1,Software Engineer,20.81,[],['R']
0_r1,Flutter Developer,20.81,[],['R']
0_r1,Flutter Developer,20.8,['Java'],['R']
0_r1,VP Real Estate,20.8,[],"['Excel', 'R']"
0_r1,College and Career Advisor - Cuyahoga County,20.79,[],"['Excel', 'R']"
0_r1,PHP Developer,20.78,[],"['SQL', 'Linux', 'MySQL', 'R']"
0_r1,Entry-Level Commercial Real Estate Agent,20.77,[],"['Excel', 'ETL', 'R']"
0_r1,DevOps Engineer,20.75,['Python'],"['AWS', 'Docker', 'Kubernetes', 'Linux', 'Git', 'R']"
0_r1,Retail Sales Associate (part-time) - 162,20.75,[],['R']
0_r1,HIIM Data Integrity Analyst,20.7,[],"['AWS', 'Excel', 'R']"
0_r1,Senior Real Estate Agent (Cleveland),20.7,[],['R']
0_r1,"Manager, Business Strategy And Operations",20.69,[],"['Git', 'Excel', 'R']"
0_r1,Product Analyst (UGC),20.66,"['Python', 'Spark']","['SQL', 'Excel', 'Tableau', 'R']"
0_r1,Business Development Representative,20.66,[],"['Excel', 'R']"
0_r1,Wordpress Developer,20.65,[],"['SQL', 'Excel', 'MySQL', 'R']"
0_r1,Customer Service Representative ,20.65,[],"['Git', 'Excel', 'R']"
0_r1,Software Engineer,20.63,[],['R']
0_r1,Pharmacy Marketing Representative,20.63,[],"['Excel', 'R']"
0_r1,"Director, ACX Creator Marketing",20.63,[],"['Git', 'Excel', 'R']"
0_r1,"Director, Sales & Marketing",20.61,[],['R']
0_r1,"CDL A Team Drivers - Sign-On Bonus Up To $10,000!",20.61,[],"['Excel', 'R']"
0_r1,"HR Director, Americas",20.57,[],"['AWS', 'Excel', 'R']"
0_r1,"Real Estate Sales Agent (Draw + Commission) Remote - Cleveland, OH",20.54,[],['R']
0_r1,Flutter Developer,20.51,[],['R']
0_r1,Special education coordinator,20.51,[],"['AWS', 'R']"
0_r1,Network Administrator,20.5,[],['R']
0_r1,Inventory Clerk,20.5,[],['R']
0_r1,Software Engineer,20.49,['Java'],['R']
0_r1,"K-12 Director of Educational Partnerships, Northeast - Remote #1931",20.48,[],"['Git', 'R']"
0_r1,Sales Representative / Sales Associate,20.48,[],['R']
0_r1,Human Resources Director,20.48,[],"['AWS', 'R']"
0_r1,"Sr Mgr, Outreach and Engagement",20.4,[],['R']
0_r1,Network Administrator,20.38,[],['R']
0_r1,Network Administrator,20.38,[],['R']
0_r1,Research Analyst,20.34,"['Python', 'Hive']","['Excel', 'R']"
0_r1,Database Administrator,20.29,[],"['Excel', 'R']"
0_r1,Inbound Claims & Call Center Representative (iCare),20.27,[],['R']
0_r1,Kitchen Cleaner (Utility),20.2,[],['R']
0_r1,Machine Learning,20.11,['Python'],['R']
0_r1,Customer Service Sales Associate,20.08,[],['R']
0_r1,Registrar,20.07,[],['R']
0_r1,Senior Art Director,20.03,[],"['Git', 'Excel', 'R']"
0_r1,Database Administrator,20.01,['Java'],"['SQL', 'Linux', 'MySQL', 'R']"
0_r1,Backend Developer,19.99,['Java'],['R']
0_r1,iOS Developer,19.99,[],['R']
0_r1,Backend Developer,19.99,['Java'],['R']
0_r1,Program Compliance Manager,19.99,[],"['Git', 'R']"
0_r1,Chief Executive Officer,19.99,[],['R']
0_r1,JavaScript Developer,19.97,['Java'],['R']
0_r1,Registered Nurse,19.94,[],"['Excel', 'R']"
0_r1,Flutter Developer,19.93,[],['R']
0_r1,Flutter Developer,19.89,[],['R']
0_r1,"Background Investigator (FT Employee) - Arlington, VA",19.89,[],"['Excel', 'R']"
0_r1,Marketing Advisor,19.87,[],"['Git', 'Excel', 'R']"
0_r1,Wordpress Developer,19.85,['Java'],['R']
0_r1,Finance Data Analyst,19.82,[],"['SQL', 'AWS', 'Power BI', 'Excel', 'R']"
0_r1,Fraud & Compliance - AML/BSA Specialist,19.74,[],"['Excel', 'R']"
0_r1,UI Web Designer,19.73,[],['R']
0_r1,Assistant RN Manager Telemetry - Night shift,19.7,[],"['Excel', 'R']"
0_r1,Federal - Nursing Assistant Inpatient Mental Health West,19.63,[],['R']
0_r1,Sales Associate / Customer Service Representative,19.62,[],"['AWS', 'Excel', 'R']"
0_r1,Flutter Developer,19.6,[],['R']
0_r1,340B Analyst,19.58,[],"['AWS', 'R']"
0_r1,Database Administrator,19.57,[],"['Excel', 'R']"
0_r1,Medical Case Manager - (Remote),19.5,[],['R']
0_r1,Human Resource Coordinator,19.48,[],['R']
0_r1,2026 Hotel Operations Rotational Program Analyst | January 2026 Start Date,19.47,[],['R']
0_r1,sales associate,19.46,[],['R']
0_r1,Data Reporting Analyst (On-site only),19.43,[],"['SQL', 'Power BI', 'Excel', 'Tableau', 'R']"
0_r1,Executive Assistant,19.43,[],"['Excel', 'R']"
0_r1,Django Developer,19.42,[],"['Django', 'R']"
0_r1,Wordpress Developer,19.41,['Java'],"['SQL', 'MySQL', 'R']"
0_r1,Systems Analyst - Appserver Admin,19.41,[],"['SQL', 'Git', 'R']"
0_r1,Flutter Developer,19.36,[],['R']
0_r1,Database Administrator,19.36,[],"['Excel', 'R']"
0_r1,Student Business Analyst (RCC) - Roxbury Community College,19.34,[],['R']
0_r1,iOS Developer,19.34,"['Python', 'Java']",['R']
0_r1,SAP Alliance Marketing Director,19.34,[],"['Git', 'R']"
0_r1,Database Administrator,19.28,[],"['Excel', 'R']"
0_r1,Special Education Teacher 2022/2023 School Year,19.28,[],['R']
0_r1,Collections,19.27,[],['R']
0_r1,Data Analyst,19.24,"['Python', 'Machine Learning']","['Excel', 'R']"
0_r1,Network Administrator,19.21,['Java'],"['SQL', 'R']"
0_r1,CEO Coach,19.19,[],['R']
0_r1,Registered Nurse,19.18,[],"['Excel', 'R']"
0_r1,Chief of Staff,19.17,[],"['Excel', 'R']"
0_r1,Flutter Developer,19.16,[],['R']
0_r1,JavaScript Developer,19.15,['Java'],['R']
0_r1,Node js developer,19.12,['Java'],['R']
0_r1,Software Developer,19.08,['Python'],"['AWS', 'R']"
0_r1,Restaurant Operations Manager,19.06,[],"['AWS', 'Excel', 'R']"
0_r1,Data Analyst II- Patient Experience,19.05,['Python'],"['SQL', 'Excel', 'R']"
0_r1,Sales Associate - Sun Center,19.05,[],"['Excel', 'R']"
0_r1,Remote RN Case Manager,19.05,[],['R']
0_r1,Sales Associate Full Time - Market Mall,19.04,[],"['Excel', 'R']"
0_r1,Business Development Associate,18.97,[],['R']
0_r1,Database Administrator,18.93,[],['R']
0_r1,Program Coordinator,18.92,[],['R']
0_r1,Sales Associate,18.88,[],"['Excel', 'R']"
0_r1,Kitchen Cleaner,18.87,[],['R']
0_r1,Vice President Marketing,18.87,[],"['Git', 'R']"
0_r1,Investigator 1G,18.82,[],['R']
0_r1,Senior Data Analyst,18.8,['Python'],"['SQL', 'Excel', 'R']"
0_r1,CEO - Cannabis & Investment,18.79,[],"['Excel', 'R']"
0_r1,Retail Cashier & Sales Floor Support - The Shops at Riverwalk Rack,18.78,[],['R']
0_r1,Sales Associate/Beauty Advisor,18.78,[],['R']
0_r1,Crew Team Member,18.77,[],['R']
0_r1,Database Administrator,18.74,[],"['Excel', 'R']"
0_r1,Flutter Developer,18.65,[],['R']
0_r1,Flutter Developer,18.64,[],['R']
0_r1,Marketing and Visuals Manager for Artist Management Agency,18.62,[],"['Git', 'R']"
0_r1,Flutter Developer,18.61,['Java'],['R']
0_r1,DevOps Engineer,18.6,"['Python', 'Hadoop', 'Spark', 'Hive']","['AWS', 'Docker', 'Linux', 'R']"
0_r1,Flutter Developer,18.53,[],['R']
0_r1,Flutter Developer,18.52,[],['R']
0_r1,Part-time Bank Teller/Financial Services Representative,18.5,[],"['Excel', 'R']"
0_r1,Apple Solutions Consultant,18.48,[],"['Excel', 'R']"
0_r1,Retail Sales Associate - Part time,18.45,[],"['AWS', 'Excel', 'R']"
0_r1,Flutter Developer,18.42,[],['R']
0_r1,Django Developer,18.38,['Python'],"['AWS', 'Django', 'R']"
0_r1,Flutter Developer,18.36,['Java'],['R']
0_r1,"Commission Sales Associate - Men's, Full Time - Beverly Center",18.35,[],"['Excel', 'R']"
0_r1,Inventory Coordinator,18.33,[],['R']
0_r1,Inbound Customer Service / Sales (Remote),18.32,[],['R']
0_r1,Creative Real Estate Agent in Nyc (We Train You),18.31,[],"['Excel', 'R']"
0_r1,Real Estate Agent,18.27,[],['R']
0_r1,JavaScript Developer,18.24,['Java'],['R']
0_r1,iOS Developer,18.17,[],"['Git', 'R']"
0_r1,Database Administrator,18.17,[],"['Excel', 'R']"
0_r1,E-commerce Strategist,18.17,[],['R']
0_r1,Marketing Specialist,18.14,[],"['Git', 'Excel', 'R']"
0_r1,Tele-Telemetry Nurse RN - Travel Jobs,18.14,[],['R']
0_r1,Sales Associate,18.07,[],"['Excel', 'R']"
0_r1,Travel STNA,18.07,[],"['AWS', 'R']"
0_r1,Special Agent,18.06,[],['R']
0_r1,Career Advisor (Career Coach),18.05,[],['R']
0_r1,Flutter Developer,18.03,[],['R']
0_r1,Job Coach,18.01,[],"['Excel', 'R']"
0_r1,Software Engineer,18.0,['Java'],"['SQL', 'AWS', 'Git', 'MySQL', 'R']"
0_r1,Flutter Developer,17.98,[],['R']
0_r1,Vice President for Inclusive Excellence,17.98,[],"['Excel', 'R']"
0_r1,CDL A Regional Drivers,17.95,[],['R']
0_r1,Chief Executive Officer,17.91,[],"['AWS', 'R']"
0_r1,Direct Support Professional/Job Coach,17.91,[],['R']
0_r1,Data Analyst,17.88,[],"['SQL', 'Excel', 'Tableau', 'R']"
0_r1,Flutter Developer,17.88,[],['R']
0_r1,Art Director,17.88,[],"['Excel', 'R']"
0_r1,Marketing Director,17.81,[],"['Git', 'Excel', 'R']"
0_r1,"Vice President, Marketing",17.79,[],"['Git', 'R']"
0_r1,"Vice President, Marketing, MSNBC",17.79,[],"['Git', 'R']"
0_r1,Program Compliance Manager - Remote,17.78,[],"['Git', 'R']"
0_r1,iOS Developer,17.76,[],['R']
0_r1,$17.50hr - Patient Advocate - Part Time Position - Mon - Fri ...,17.76,[],['R']
0_r1,Customer Care Embracer,17.74,[],['R']
0_r1,Interns (Web Developers Mobile Developers Game Developers),17.72,[],['R']
0_r1,Cardiology Clinical Educator - Cleveland,17.7,[],"['AWS', 'R']"
0_r1,Marketing Intern,17.69,[],"['Excel', 'R']"
0_r1,"Bank President Jobs in Columbus, Ohio",17.64,[],['R']
0_r1,Sales Associate - Easton T/C,17.63,[],"['Excel', 'R']"
0_r1,Wordpress Developer,17.6,[],['R']
0_r1,Backend Developer,17.58,[],['R']
0_r1,Teachers at Alpha Park KinderCare,17.58,[],['R']
0_r1,iOS Developer,17.57,[],['R']
0_r1,Registered Nurse (RN),17.52,[],"['Excel', 'R']"
0_r1,Chief Executive Officer - Healthcare - Columbus,17.49,[],"['AWS', 'R']"
0_r1,Retail Sales Associate (All positions),17.46,[],['R']
0_r1,Test Center Monitor,17.42,[],['R']
0_r1,VP Marketing,17.38,[],['R']
0_r1,"Field Placement Coordinator, School of Education",17.38,[],['R']
0_r1,DevOps Engineer,17.36,['Python'],"['AWS', 'Docker', 'Kubernetes', 'Linux', 'Git', 'R']"
0_r1,Career Coach (100% Remote / Pharmacy),17.36,[],"['Excel', 'R']"
0_r1,Backend Developer,17.23,[],['R']
0_r1,"Mental Health Worker/CNA, Full Time, Nights",17.16,[],"['Excel', 'R']"
0_r1,CDL Team Truck Driver and Lease Operators +,17.13,[],['R']
0_r1,"Senior Strategy Lead, Office of the CEO",17.07,[],"['SQL', 'Excel', 'R']"
0_r1,Development Associate,17.06,[],"['Excel', 'R']"
0_r1,Flutter Developer,17.04,['Java'],['R']
0_r1,Criminal Investigator,17.03,[],"['AWS', 'R']"
0_r1,iOS Developer,17.02,[],['R']
0_r1,Bank Teller,17.01,[],"['Excel', 'R']"
0_r1,Flutter Developer,16.88,[],['R']
0_r1,C++ Embedded Engineer,16.81,[],['R']
0_r1,C++ Embedded Engineer with Security Clearance,16.81,[],['R']
0_r1,Executive Assistant - Cardiology,16.81,[],"['Excel', 'R']"
0_r1,"Retail Sales Associate - Furniture​/Mattresses, Quaker Bridge Mall...",16.8,[],['R']
0_r1,Data Analyst,16.79,[],"['AWS', 'Excel', 'Tableau', 'R']"
0_r1,Utility Cleaner - Kitchen ($19.77/hr),16.79,[],['R']
0_r1,Django Developer,16.76,"['Python', 'Java', 'Machine Learning', 'Hadoop']","['SQL', 'Git', 'Excel', 'Django', 'MongoDB', 'MySQL', 'R']"
0_r1,Kitchen prep / cleaning,16.76,[],['R']
0_r1,Retail Sales Associate,16.66,[],"['AWS', 'R']"
0_r1,Database Administrator,16.62,[],['R']
0_r1,Travel Registered Nurse (RN),16.55,[],"['Excel', 'R']"
0_r1,Criminal Investigator 2,16.52,[],"['AWS', 'R']"
0_r1,JavaScript Developer,16.5,['Java'],['R']
0_r1,Flutter Developer,16.49,[],['R']
0_r1,Medical Receptionist,16.48,[],"['Excel', 'R']"
0_r1,Inventory Clerk,16.47,[],"['Excel', 'R']"
0_r1,Landlord Tenant Attorney,16.42,[],['R']
0_r1,"Data Scientist / Analyst, Junior - FAA",16.35,"['Python', 'Java']","['SQL', 'Power BI', 'Tableau', 'R']"
0_r1,Business Systems Analyst,16.31,[],"['SQL', 'AWS', 'Git', 'Excel', 'R']"
0_r1,Wordpress Developer,16.12,[],['R']
0_r1,Technical Business Analyst,16.11,['Python'],"['SQL', 'AWS', 'Excel', 'R']"
0_r1,Bioinformatician/Research Data Analyst 1,16.07,"['Python', 'Java', 'Machine Learning']","['SQL', 'Linux', 'Excel', 'MySQL', 'R']"
0_r1,Flutter Developer,16.02,[],['R']
0_r1,"Litigation - General/Commercial Attorney in Brooklyn, NY",16.0,[],['R']
0_r1,Full Stack Developer,15.95,['Java'],"['Git', 'R']"
0_r1,Data Analyst I,15.91,[],"['SQL', 'Tableau', 'R']"
0_r1,Retail Sales Associate,15.88,[],['R']
0_r1,Director of Development ,15.8,[],"['Excel', 'R']"
0_r1,Network and Systems Administrator,15.74,['Spark'],['R']
0_r1,Financial Management Analyst,15.72,[],"['AWS', 'Excel', 'R']"
0_r1,Network Administrator,15.72,[],['R']
0_r1,CDL Local Route Delivery Truck Driver,15.68,[],"['Excel', 'R']"
0_r1,Data Analyst (On-Site),15.67,[],"['Power BI', 'Excel', 'Tableau', 'R']"
0_r1,Database Administrator,15.67,[],['R']
0_r1,"Vice President, Head of Global Medical Affairs",15.65,[],"['AWS', 'Excel', 'R']"
0_r1,"Case Manager, RN - Remote",15.6,[],['R']
0_r1,Retail Sales Associate,15.56,[],"['Excel', 'R']"
0_r1,Medical Office Specialist,15.47,[],['R']
0_r1,Program Director / Supervising Attorney,15.44,[],"['AWS', 'Excel', 'R']"
0_r1,Nurse Administrator,15.4,[],['R']
0_r1,Bilingual Occupational Registered Nurse,15.38,[],['R']
0_r1,Flutter Developer,15.31,[],['R']
0_r1,iOS Developer,15.28,[],['R']
0_r1,Flutter Developer,15.22,[],"['Git', 'R']"
0_r1,Java Developer,15.2,['Java'],['R']
0_r1,Java Developer,15.16,['Java'],"['Git', 'R']"
0_r1,COORDINATOR - MARKETING,15.15,[],"['Git', 'Excel', 'R']"
0_r1,Program Coordinator - Adult And Community Education,15.14,[],['R']
0_r1,Content Creator,15.13,[],"['Git', 'Excel', 'R']"
0_r1,Clerical Assistant,15.09,[],"['Excel', 'R']"
0_r1,"Performance Marketing Specialist, Paid Media",14.97,[],"['Git', 'Excel', 'R']"
0_r1,Polygraph Examiner,14.91,[],"['Excel', 'R']"
0_r1,Medical Receptionist / Registrar,14.91,[],"['Excel', 'R']"
0_r1,Art Director,14.87,[],"['Git', 'Excel', 'R']"
0_r1,Vice President/Sr. Director Business Development - CME,14.86,[],['R']
0_r1,Staff Attorney,14.78,[],['R']
0_r1,Network Administrator,14.64,[],['R']
0_r1,Flutter Developer,14.6,['Java'],['R']
0_r1,Pharmacy Data Analyst,14.49,[],"['Excel', 'R']"
0_r1,Flutter Developer,14.49,[],['R']
0_r1,Hosts / Hostesses,14.42,[],['R']
0_r1,"Advocate, Patient Empowerment- REMOTE",14.36,[],['R']
0_r1,IT Business Analyst II,14.24,[],"['Excel', 'R']"
0_r1,Senior Analyst - Patient Engagement,14.21,[],"['AWS', 'Git', 'Excel', 'R']"
0_r1,Astonishing Homecare Drivers,14.2,[],['R']
0_r1,Patient Care Tech,14.2,[],['R']
0_r1,Coach,14.16,[],['R']
0_r1,"Equity Research Associate, Biotech",14.03,[],"['Excel', 'R']"
0_r1,Data Analyst,14.02,['Python'],"['SQL', 'Excel', 'R']"
0_r1,Django Developer,13.98,['Python'],"['Django', 'R']"
0_r1,"Attorney in Brooklyn, NY",13.81,[],['R']
0_r1,Registered Nurse (RN-CA02-007),13.75,[],"['Excel', 'R']"
0_r1,iOS Developer,13.74,[],['R']
0_r1,Marketing & Communications Intern,13.71,[],"['Excel', 'R']"
0_r1,Flutter Developer,13.69,[],['R']
0_r1,Principals - Secondary - Locations TBD,13.55,[],['R']
0_r1,Backend Developer,13.46,['Java'],['R']
0_r1,Medical Assistant,13.41,[],"['Excel', 'R']"
0_r1,Data Integration Analyst,13.38,[],['R']
0_r1,Strength & Conditioning Coach Jobs at Onelife Fitness – Falls...,13.2,[],"['AWS', 'Excel', 'R']"
0_r1,Registered Nurse Casual Mount Royal,13.18,[],"['Excel', 'R']"
0_r1,Fitness Coach,13.07,[],"['Excel', 'R']"
0_r1,VP Marketing & Growth,13.0,[],"['Git', 'R']"
0_r1,Financial Professional – Financial / Insurance – Entry Level,12.99,[],"['Excel', 'R']"
0_r1,Registered Nurse - RN - Senior Care!,12.92,[],['R']
0_r1,Registered Nurse (RN) - Parma,12.92,[],['R']
0_r1,Certified nursing assistant,12.9,[],['R']
0_r1,Art Teacher,12.89,[],"['Git', 'R']"
0_r1,Database Administrator,12.82,[],"['Excel', 'R']"
0_r1,Art Director,12.8,[],"['Git', 'R']"
0_r1,coach,12.77,[],['R']
0_r1,Flutter Developer,12.73,['Java'],['R']
0_r1,Large Law Real Estate Associate Attorney,12.72,[],"['Git', 'Excel', 'R']"
0_r1,iOS Developer,12.42,[],['R']
0_r1,"Overnight Janitor - Los Angeles, California",12.39,[],['R']
0_r1,Associate Professor/Professor (TBD) - 230572,12.17,[],"['Excel', 'R']"
0_r1,Administrative Assistant,12.08,[],"['AWS', 'Excel', 'R']"
0_r1,Clinical Data Analyst - Institute of Dementia,12.01,[],"['SQL', 'Excel', 'R']"
0_r1,Chief Executive Officer,11.91,[],['R']
0_r1,RN Supervisor,11.89,[],"['Excel', 'R']"
0_r1,"Executive Vice President & Chief Executive Officer (CEO), Medical...",11.88,[],"['Excel', 'R']"
0_r1,Nurse Practitioner - Icu Davies - Pd,11.88,[],"['AWS', 'R']"
0_r1,Administrative Executive Assistant - Building Operations,11.78,[],"['Excel', 'R']"
0_r1,Commercial Business Analyst,11.6,[],"['Excel', 'R']"
0_r1,Commercial Contracts Attorney,11.24,['Spark'],['R']
0_r1,Nursing Assistant (Inpatient Mental Health),11.08,[],['R']
0_r1,Backend Developer,10.96,"['Python', 'Java']","['SQL', 'Linux', 'Git', 'Django', 'MySQL', 'R']"
0_r1,Chief Executive Officer,10.84,[],"['Git', 'Excel', 'R']"
0_r1,"Assistant Staff Analyst, Data Analytics",10.07,[],"['AWS', 'R']"
0_r1,Medicaid Fraud Intake Officer  (22000555),9.98,[],"['AWS', 'R']"
0_r1,Investigator,9.76,[],['R']
0_r1,Data Analyst II,9.65,['Python'],"['SQL', 'Power BI', 'Excel', 'Tableau', 'R']"
0_r1,"Academic Dean, VOICE Charter School",9.6,[],"['Excel', 'R']"
0_r1,Data Analyst,9.36,['Python'],"['SQL', 'AWS', 'Excel', 'Tableau', 'R']"
0_r1,Nursing Assistant (Inpatient Mental Health),9.32,[],['R']
0_r1,Inventory Clerk,9.22,[],['R']
0_r1,Network Administrator,9.08,[],"['Excel', 'R']"
0_r1,iOS Developer,9.07,['Java'],"['AWS', 'Git', 'Excel', 'R']"
0_r1,"Attorney, CAMBA Legal Services, Brooklyn",8.75,[],"['Excel', 'R']"
0_r1,Network Administrator,8.69,[],['R']
0_r1,Polygraph Examiner - Entry to Mid-Level (MD),8.53,[],"['AWS', 'Excel', 'R']"
0_r1,Data Analyst (Finance),8.48,['Python'],"['SQL', 'AWS', 'Excel', 'ETL', 'R']"
0_r1,Live Content Creator (Seasonal),8.41,[],['R']
0_r1,Clinical Account Executive,8.34,[],"['Excel', 'R']"
0_r1,Nursing Assistant (Inpatient Mental Health),7.99,[],['R']
0_r1,Part-time   Patient Advocate,7.76,[],['R']
0_r1,Data Analyst I,7.67,[],"['Excel', 'R']"
0_r1,Art director,7.66,[],"['Git', 'R']"
0_r1,"Brand Educator - Cleveland, Ohio (Remote)",7.6,[],"['Git', 'R']"
0_r1,EXECUTIVE ASSISTANT,7.6,[],['R']
0_r1,Civil Rights Investigator 1 - Columbus,7.48,[],"['AWS', 'R']"
0_r1,Sales Professional,7.43,[],"['Git', 'Excel', 'R']"
0_r1,Diversion Investigator,7.36,[],"['AWS', 'Git', 'R']"
0_r1,Data Analyst,7.18,['Python'],"['SQL', 'Power BI', 'Excel', 'Tableau', 'R']"
0_r1,Clinical Educator Part Time,6.25,[],"['Excel', 'R']"
0_r1,"Senior Analyst, Data Operations",6.12,"['Python', 'Spark']","['SQL', 'Git', 'Excel', 'R']"
0_r1,"Director of Development -Queens, NY #822",6.1,['Hive'],"['Excel', 'R']"
0_r1,Biotech Equity Research Associate,5.65,[],['R']
0_r1,Sales Associate,5.61,[],"['AWS', 'R']"
0_r1,Perioperative Educator,5.49,[],['R']
0_r1,Dishwasher/Kitchen Cleaner,5.36,[],['R']
0_r1,Sales Associate,4.07,[],['R']
0_r1,Enforcement Attorney,3.81,[],"['AWS', 'Excel', 'R']"
0_r1,Data Analyst,3.56,[],[]
0_r1,"Vans Retail Sales Associate (Beachwood Place Mall 496 Beachwood, OH)",3.48,[],['R']
0_r1,Data Entry Clerk,3.21,[],[]
0_r1,JavaScript Developer,3.13,['Java'],['R']
0_r1,JavaScript Developer,3.13,['Java'],"['Linux', 'Git', 'R']"
0_r1,JavaScript Developer,3.13,['Java'],"['Git', 'R']"
0_r1,Data Equity Analyst,2.18,[],"['SQL', 'Excel', 'R']"
0_r1,test,0.69,[],[]
0_r1,iOS Developer,-1.27,[],['R']
0_r1,Test position,-8.45,[],[]
